{
    "id": "resume_625a9585-bfd2-44ba-bfe8-65945c716572",
    "metadata": {
        "filename": "AjayKumar.docx",
        "processed_date": "2025-09-24T08:45:38.067836+00:00"
    },
    "raw_text": "Ajay Kumar (CSM)\t     \t\t     Email/Skype: ajaydt@gmail.com; Mob. +1 (847)899-4194\nPROFESSIONAL SUMMARY:\n14 Years IT experience as an Architect, Solutions, Scrum Master, Quality Assurance and Agile Practitioner (Agile Methodology - Healthcare) with SAFe (Scaled Agile Framework) including ETL Testing and Web Services, Selenium Automation engagement of Web application, Project management and technical team handling experience from 20+ associates. Extensive health care background with software implementation knowledge and extensive background in Retail, eCommerce, Point of Sale,  Banking & Finance, Cards & Payments, Government, Education projects.\nStrong experience in Agile Testing concepts and Testing process, experience in managing complex issues and risks, including appropriate verbal and written.\nPrepares and follows up on regular Scrum events; including daily scrum, sprint planning sessions, backlog grooming, retrospectives. Facilitation and coordination of Agile Program Increment (PI) planning.\nUses metrics to track and review team performance including Burn-down charts, velocity, and other sprint and release metrics.\nPromoting continuous improvement to increase team effectiveness and helping the organization and key stakeholders in adapting an Agile mindset.\nExperience working with Product Owners, architecture, technical leads and other stakeholders to manage cross team and their dependencies.\nExpertise in Test Governance & Test process compliance, vast experience working in a client and business facing role.\nCreate test plans, traceability matrices and test impact analysis documents.\nDesign and develop test cases using industry best practices; report defects utilizing industry standard defect tracking tools.\nExcellent knowledge in testing metrics and ability to utilize them in day to day testing activities.\nReview complex software requirements and uncover requirements defects.\nSpecialized in web and E-commerce testing, test automation scripts using Selenium and Java.\nAdvanced experience of various phases of Software Development Life Cycle (SDLC) while understanding the role of tester in each phase.\nQuality Plan documentation, involved in Project planning documentation included budgeting, staffing profiles, project timelines, issue tracking, and dependency tracking.\nExcellent analytical, problem solving, troubleshooting skills and Well acquainted with the SDLC, Agile and STLC.\nExpertise in HP ALM, Rally, Jira, Bugzilla, Selenium Web Driver, TestNG, SOAP UI, REST, WinSCP, ETL, Putty, SQL Developer tools for current project.\nExperience in Release Management lifecycle and deploy releases into production which includes scheduling, coordinating and the management of releases across the enterprise for multiple Applications Updates, Hotfixes, Security Improvements, Operating System updates.\nAdvanced technical knowledge including an understanding of Continuous Integration tools used as Jenkins to achieve efficient and fast delivery and accelerate time to value and even revenue.\nExpert in leading the validation of multiple complex interfaces with broad knowledge of Integration Testing (creating and executing test cases at the Unit/ Integration/ System level/UAT), Automated Testing (Web Testing, GUI, Client Server) and Field Validation (Client-side, Server-side and ETL database).\nExperience in meeting tight timelines and delivery quality work to customer including reviewing cross discipline deliverables.\nExtensive elicitation abilities through SWOT Analysis, Surveys and well facilitated JAD sessions to understand the As-Is business model to gather User and Business Requirements.\nExcellent organizational and presentation skills in directing the To-Be model of the business through proper GAP Analysis in order to generate the necessary Business Requirements Document (BRD), System Requirements Specification (SRS), Functional Requirements Document (FRD), Change Request Processes (CRP), and Contingency Planning (CP). Knowledge and experience working on smoke testing, debugging.\nExperience in data mining, data analysis, data manipulation, database statistics, Data warehousing.\nExcellent verbal and communication skills necessary to elicit requirements through observation, surveys, interviews, Joint Application Development (JAD) sessions and Brainstorming with Business Owners, Business Users, SMEs and other stakeholders.\nExperience implementing Unified Modeling Language (UML) and MS VISIO in creating Use Cases, Sequence Diagrams, Collaboration Diagrams, Activity Diagrams and Class Diagrams.\nChange Request Management experience including industry standard CRM tools.\nExperience in creating WBS (Work Breakdown Structure) with dependencies and project stakeholders using MS Project.\nExperience in tracing requirements throughout the development process and verifying adherence to Requirement Traceability Matrix (RTM).\nSignificant experience in reviewing Test Procedures, creating Test Cases and conducting User Acceptance Testing (UAT).\nRole includes: Technical guidance’s to the team, Web Testing, Database Testing, Automation, Business Intelligence, project monitoring and control, resource allocation, drafting project proposals, effort estimations, schedule, project report and status, training, managing interview drives /conduct, onsite-offshore coordination.\n\nTECHNICAL SKILL-SET: \t\t\t\t\t\t\t\t\t\nManagement Tools\t    \t: \tMS Projects, Visio, Office, SharePoint, Rally, Jira, PlanView\nMethodologies\t    \t: \tAgile and Scrum Model, Waterfall, V Model\nFunctional Tool\t    \t: \tSelenium, HP UFT, QTP, Winrunner, Rational Robot, SOAP/REST \nPerformance Tool\t    \t: \tJMeter, SQL Query Analyzer, Dynatrace\nDefect Mgmt. Tool\t    \t: \tRally, Bugzilla, Jira, Rational Clear Quest, TIR\nTest Mgmt. Tool\t    \t: \tHP ALM, Quality Center, Test Director\nDatabase\t\t    \t: \tOracle, SQL-Server, Infosphere DataStage, ETL, QMF, Squirrel\nLanguages Conscious \t: \tC++ (OOP Concept), Unix, VB Script, Java Script, WSDL, XML\nConfiguration Tools\t    \t: \tGIT, GitHub Extension, SVN, CVS, VSS, Mindshare, SharePoint\nOther Tools\t\t    \t: \tPutty, WinScp, SOA, Junit, TestNG, POM, AutoPilot for MQ\nOperating System\t    \t: \tWindows/XP professional, Citrix Metaframe Server, Unix\n\nPROFESSIONAL EXPERIENCE:\nUHG (Optum Insight), MN, USA - Oct 2015 to Till Date\nScrum Master, QA Lead – Agile/Scrum/PM/QA - Care Manager (http://caremanager.optum.com)\nTechnologies: Java, Rally, ALM, ETL Datastage Director, SQL Developer, SharePoint, Jenkins, Git, JIRA, Selenium, TestNG, MS Visio and Office, SOAP/REST, Swagger, AutoPilot, WinSCP, Putty, Beyond Compare\nRole and Responsibilities: \nActed as the primary point of contact for the design team in all development meetings which strengthened work alignment between development and design teams\nDeveloped and maintain the design team's product backlog and roadmap improving team organization and clearly defines sprint goals\nResponsible for managing global project teams and supporting Optum in their Agile transformation. Facilitating workshops with multiple stakeholders, development and support teams to create a common understanding of project objectives, features and user stories,  sprint planning, tracking, removing impediments, communications and backlog grooming.\nPlanned sprint priorities with Product Owners & Product Managers to ensure proper design requirements are consistently met.\nFacilitated scrum meetings and encouraged team collaboration to enable design team to achieve sprint goals & deliverables.\nAided our Product Manager & Product Owner by created and maintaining a competitive analysis of similar products throughout the business intelligence/data analytics industry.\nRemoved impediments and combated evolving requirements by implementing a workflow oriented process to better represent proper scope of stories while working with cross functional teams.\nHandled scrum team consist of cross trained resources in Java , ETL resources and BI tools .\nInvolved on effective testing strategies to provide Quality Assurance and developed test cases.\nManaging software development life cycle (SDLC) for Java, J2EE Projects including analysis, design, testing and implementation of software applications.\nSource code and version control management with Git, Github extension and SharePoint.\nLead the daily scrum calls with offshore teams situated in different time zones to monitor the progress of the deliverables.\nGuiding the team to produce quality software on a predictable schedule using Agile/Scrum principles and practices.\nCoach teams through Scrum ceremonies, including: Sprint Planning, Backlog Refinement, Sprint Demo, Sprint Retrospective, and Daily Stand-up.\nFacilitating and following up on actions for all Scrum ceremonies including grooming, planning, stand-ups, reviews and retrospectives.\nCreating and maintaining information radiators that track progress at multiple levels, including following up with the team to ensure daily updates.\nRemoving impediments to team progress either directly or by finding the right personnel to remove the impediment.\nBuilding a trusting and safe environment where problems can be raised without fear of blame, retribution, or being judged, with an emphasis of healing and problem solving.\nFacilitating discussion, decision making, and conflict resolution.\nHelping the team to continually evolve the process, seeking improvements and greater efficiency.\nAssisting with internal and external communication, improving transparency, and radiating information.\nSupporting and educating the Product Owner, especially with respect to grooming and maintaining the product backlog.\nProvide process and tool training and coaching for new projects and new team members.\nProviding all support to the team using a servant leadership style whenever possible, and leading by example.\nImplementing SAFe inorder to Visualize and limit WIP, reduce batch sizes and manage queue lengths.\nApply cadence, synchronize with cross-domain planning using SAFe, Decentralize decision-making- SAFe concept.\nManage scope and risks associated with 4 major quarterly and 8 monthly releases annually.\nEvolve release and program management processes as the organization incorporates Agile software development tools and methodologies within IT.\nPerformed initial risk assessment and document risk mitigation plans and contingency procedures with the project team and maintain throughout life of the project.\nManaged and optimized business processes using Six Sigma and Lean, including defining the KPIs .\nInteract with cross functional teams to facilitate gathering of testing requirements.\nAssist with weekly daily scrum meetings with offshore and onshore team.\nPerformed impact analysis during QA planning. Work with trading partners, clients, management, technical and non-technical personnel to create use cases and testing documentation. \nInvolved in automating test cases and creating automation framework.\nTraining and Agile coaching  to team on how to use Agile/Scrum practices and values, implemented Agile methodology throughout QA process.\nConducted test planning, chose test strategy, coverage and acceptance criteria.\nCreated RACI to align team on responsibilities - improving overall testing process.\nWriting test cases based on the requirements, Designed and developed test cases in ALM, Rally as well as MS Excel. Use TDD, Continuous integration and testing methods.\nCreated automated test script using Selenium for regressing testing.\nDeveloped test execution sequences, Manually performed Integration, Functional and Regression Testing.\nExecuted manual test cases for releases , Performed basic backend testing (SQL), Reported defects via Rally.\nContribute in test planning, test estimation, test design, executed manual test cases for releases in ALM & Rally.\nPerformed basic backend testing (SQL), Developed and tracked test productivity metrics.\nCollaborated with stakeholders, Participate in agile scrum meeting and everyday meetings.\nRun regression test scripts via Selenium Webdriver, TestNG, Maven tools.\n\nHP (Hewlett Packard), TX, USA/ Kforce - Feb 2015 to Sep 2015\nScrum Master / QA Project Manager – Agile/Scrum/PM/QA - MD3 – Master Data Control Point (MDCP)\nRole and Responsibilities: \nDriving Agile Scrum principles, values, behaviors and methodologies throughout the organization.\nAssisting teams with planning and execution of ceremonies, use of selected standard Agile tracking tool, User Story development.\nUsed TFS as the tool to Backlog tracking, burn-down metrics, velocity, and task management.\nEnsured a common understanding by setting expectations in accordance with the Scrum principles, to align the stakeholders and team members.\nFollowing all the SCRUM activities like Estimation, Sprint Demo, and Retrospective.\nEnsured product backlog management and stories prioritization for consistent delivery.\nCoach teams and management towards improving Agile process and metrics.\nPartnering with the Product Owner in keeping the Backlog groomed.\nPartnering with the Scrum Master to ensure cross-team coordination.\nIdentifying and maintaining relevant metrics that give the team insight into how they are doing and reporting these metrics to management.\nEncouraging adoption of a truly Agile mindset, including ownership, self-management and empowerment.\nManaging overall operations for executing projects involving scoping, design & sourcing.\nCreate Backlog and prioritize the user stories based on their business value.\nReport team progress by burn-down charts and by conducting Sprint demos.\nRecord sprint metrics related to planned and completed story points, test cases, and bugs resolved.\nFollow Agile best practices by conducting backlog grooming sessions, Sprint planning, and Sprint retrospectives with the development team.\nSource code and version control management with Subversion(SVN).\nMonitoring / tracking projects with respect to budgeted cost, demand forecasts, time over-runs to ensure timely execution of projects.\nAddressing all the important issues & defining best practices for project support and documentation.\nMentoring and training project members to enable them to perform their activities effectively.\nPerforming project estimation, project scheduling and project costing. \nSteering Delivery Management for technical deliverables of concurrent projects.\nAnalyzing user requirements and designing testing specifications.\nDeveloping test plans, test cases and testing strategies for Business Intelligence (“BI”) development projects;\nAnalyzing and validating data quality, Creating Unit and Systems integrations test cases.\nProviding guidance on the development of application using SQL and SOAP UI.\nAnalyzing test results and recommending modifications to the data warehouses to meet project specifications.\nOversight of  Risk Management and Mitigation planning for medium sized projects.\nMonitored networks and Departmental KPI's for Risk Assessment, based on usage, and consumption. \nParticipating in the deployment of applications into the data warehouses from a quality assurance perspective.\nDocumenting the test plans, testing status and testing outcomes as required by the project, provide Daily, Weekly, Monthly status reports to stakeholders.\nStrong experience in Onsite-Offshore working model (15+ team members), flexible, self-drive to identify process improvements and strong negotiation skill to implement the changes from QA front.\nTools used HP Agile Manager, SQL Developer, SoapUI 5.1.3, ALM 12.01, ETL - IDD, Batch Data Loader tools and Web Services are being used for MD3 Project.\n\nPROJECT ONE: Walgreen Corporation, IL, USA - Mar 2014 to Feb 2015\nAssociate Consultant(QA Manager, Scrum Master) – Agile/Scrum/PM/QA - Community Management Systems and Customer Systems , Tata Consultancy Services (TCS) - From June 2010 to Feb 2015\nRole and Responsibilities: \nWorked at onsite location for Onshore-Offshore model and led mid size teams (4-10 associates) for various eCommerce web applications under CMS Portfolio.\nAnalyzed and reviewed functional overall design, technical overall designs and technical detailed design documents. Prepare Estimation of testing effort, Prepare Test Plan and Test Strategies with different approaches.\nTest Case creation, Test Case execution in ALM, Test Summary report preparation by managing the schedule and meet deadlines.\nThe accountability for resources including people, budgets, systems, knowledge and experience.\nAnalyse more complex problems and propose a range of options with an informed and considered recommendation of the most appropriate solution.\nCreating the project test plan and working with the development team to create Unit and Systems integration test cases.\nUsed TFS as the tool to Backlog tracking, burn-down metrics, velocity, and task management.\nEnsured a common understanding by setting expectations in accordance with the Scrum principles, to align the stakeholders Worked as SCRUM Master to follow complete agile activities.\nTook various Agile team training at to promote Agile and end to end Agile Implementation.\nCoach and training stake holders on Agile by conducting workshops to ensure smooth functionality.\nEnsured compliance of development team with Scrum methodology in delivering incremental features and monitor defined process adherence.\nCoached/Mentored resources at different level, Prepare scope of sprint cycles and prioritize backlog.\nAssist in migration from waterfall to agile methodologies, Perform Cost benefit analysis and ROI assessments, forecasting.\nDevelop templates of sprint cycles, work with users and stakeholders to finalize acceptance criteria and align with release calendar.\nDemonstrate and validate sprints and sprint retrospection, Conducting Sprint Demo and Sprint Retrospective.\nHandled project issues like staff management, scope creep and Track PV, EV, AC, EAC and variance etc .\nCreated automated excel and sharepoint application for Project management matrices.\nCommunicate with the stakeholders on a regular basis to provide feedback on Implementation progress of the solutions, involve the architect team in case of technical roadblock and Helping for technical solutions.\nEnsured product backlog management and stories prioritization for consistent delivery.\nExpert knowledge of various Agile methodologies. Hands-on admin experience using latest, industry-leading enterprise Agile Tools like MS Project, Jira, Kanban.\nDrive execution of Unit and Systems Integration testing, following the complete defect life cycle including JIRA. Involved in monitoring the defects and assign issues to the development team, validate data quality with test metrics and providing test status summary on completion the testing.\nOrganize the kick-off, daily and weekly status meetings and send the Status Report to the Client.\nManages change in programme direction, scope, benefits, costs, and timing while minimising financial risks.\nSQL Developer, PuTTY, WinSCP, SoapUI 4.6.3, HP UFT, ALM 11.5 tools and Batch processes are being used for CS and CMS portfolios.\n\nPROJECT TWO: \nSears Holdings Corporation, MI, USA - June 2012 to March 2014\nAssociate Consultant /QA Project Lead – Agile/Scrum/PM/QA , Kmart Point of Sale\nTata Consultancy Services - From June 2010 to Feb 2015\t\nRole and Responsibilities: \nWorked as Onsite Design and Execution Lead for 15 members team.\nOrganize the testing kick-off meetings being a release coordinator.\nUnderstand the testing effort by analyzing the requirements of project.\nDeveloping test strategies and meeting project deadlines.\nKeep track of the new requirements or change in requirements of the Project. \nOrganize the daily and weekly status meetings and send the Status Report to the Client.\nAttend the regular client call and discuss the weekly status with the client. \nAct as the single point of contact between Development and Testers and Communication with the Client as per requirements.\nTrack and prepare the report of testing activities like test evaluation summary report, test case coverage.\nResponsible for exhibiting leadership and form strategic relationships with the client to develop integrated business solutions as per client needs.\nManaging onshore/offshore matrix teams of software engineers, DBAs, support personnel, and project managers to deliver web eCommerce solutions.\nScope Planning and Risk evaluation, Client Interactions for business issues and maintenance activities.\nDefining the responsibilities for onsite and offshore team and ensuring SLA is met.\nReviewing the project status and taking corrective measures with TCS team and managers.\nResponsible for all SLA (Service Level Agreements), SLO (Service Level Objectives) and KPI (Key performance Indicators) for all Projects under Communication, Industrial and Distribution Sectors.\nResponsible for exhibiting leadership and form strategic relationships with the client to develop integrated business solutions as per client needs.\nPerform risk management, assess project risks in conjunction with the client and develop risk mitigation plans.\nDefining checkpoints and measuring project variance to ensure projects remain on target within cost and scope commitments.\nConduct periodic project audits and reviews with project managers and advise necessary actions to steer the project on track, with client and TCS teams.\nMonitor utilization for project team members, leverage quality initiatives to improve productivity of team members.\nSuccessfully planned and managed multiple (simultaneous) projects using Agile/Scrum methods.\nAdvocate for Agile software development process, building backlogs and creating high performance teams. Velocity of the team increased over 80%.\nAgile is a team of peers – assisting team with making appropriate commitments through story creation and selection, point estimation and task definition.\nResponsible for proactively managing the budget assigned to the Project. Plan travel for Partition Transition Managers both in US and India based on the transition budget and assigned work.\nProject Tracking: Worked with JIRA to create projects, reports to track projects status and keep all stakeholders informed. Supported the project teams on the use of JIRA and technical issues. Create, schedule and assign tasks in Jira.\nGather Lessons learned and share with stakeholders with suggestions on improvement areas.\nReview various reports like test plan, traceability matrix, issue and risk report, lesson learned etc.\nAssign task to all Testing Team members and ensure that all of them have sufficient work in the project.\nEscalate the issues about project requirements, resources, project updates to Project Manager and Senior Manager.\n\nPROJECT THREE: \nWalgreen Corporation, IL, USA - June 2010 to May 2012\nPrinciple Architect/QA Lead – Agile/Scrum/PM/QA , Point of Sale (Nextgen POS), GMAC \nTata Consultancy Services - From June 2010 to Feb 2015\nRole and Responsibilities: \nStudy the entire application & process and propose solutions to improve the operational efficiency and business of the client.\nPlanning & scheduling for the testing phase and preparing of Functional Test Plan and the Test Strategy. Interact with onshore TCS project manager and Client Leads.\nDefine the responsibilities and work assignment to the team members. Also mentor them and provide strategic guidance for the project execution\nExecuting different transactions on the Registers with different Tender types like Quickshop, Photo, E-Commerce, Line Buster, Debit card, Credit cards etc. against a particular test case/functionality for Dev Integration Testing.\nResponsible for Resource Management and Work Allocation and executed Test Requirement Analysis, Test Spec Review and process improvement.\nGathering requirements. Interact with clients and various stake holders to priorities the changes / enhancement needed for the project release.\nDefine the responsibilities and work assignment to the team members. Also mentor them and provide strategic guidance for the project execution.\nResource planning and capacity management - Planning for the resources required for a project and working out the effort capacity.\nWork projection management - Maintaining a healthy work projection for the team and talking to the customer in case there is a dearth of work.\nCustomer communication and management - Interfacing with the customers, resolving their queries/issues and giving timely updates to them .\nWork on establishing transition methods from waterfall to agile.\nOperated and maintained agile iteration projects, acted as scrum master, schedule and deliver sprints.\nPrepared and maintained backlog document for agile scrum.\nCoordinate training sessions to horn the skills of team members. Share the expertise across various teams by conducting technical, business and process related sessions.\nInvolved in duties such as including the development of work breakdown structures (WBS), requirements management, project monitoring, and change management using Microsoft Project. \nInvolved in Updating existing test scripts according the requirements for GMAC-RESCAP application. Interact with onshore TCS project manager and Client Leads.\nSuccessfully managed teams of 5-10 members with Onsite-offshore coordination.\n\nVISA Inc., USA / Visa Resolution Online, Automation of VROL application with QTP 9.5 - Sept 2008 – May 2010\nArchitect/QA Lead, Singapore & India– Agile/Scrum/PM/QA , R S Software Ltd.\nRole and Responsibilities: \nAnalyzed and reviewed functional overall design, technical overall designs and technical detailed design documents for better understanding of the Extensions and Interfaces.\nPrepare Test Plan, Prepare Estimation of testing effort and Test Strategies with different approaches.\nPerformed automation testing using SMART Framework and QTP 9.5.\nAnalyzed Client request and requested the developers for the design change by considering both positive and negative scenarios of business logics and developed test case accordingly.\nManage functional areas like financial and payment dispute modules being onsite Coordinator.\nUsed Quality Center to write, and execute the test cases. \nManage the application with team coordination for weekly build releases and deployments.\nConducted JAD sessions and interviews with developers and SMEs for eliciting requirements.\nInvolved in testing the layout of various Extension screens as per design specifications.\nExecuted the test cases for both functional and GUI testing in the Regression suite.\nUsed Rational Clear Quest to report application defects and enhancements request and discussed with client to resolve technical issues.\nCreated mockups (static and dynamic prototypes) of webpages and GUI, visualized process flows, information flow using MS VISIO.\nDaily/Weekly coordinate with VISA clients (USA, Singapore & India team) and development teams to identify the Data, Environment and Application issues.\nGuiding team on technical matters in maintains and enhancing the tools developed by the team Leading knowledge transition activities including Build and Integration tools for daily build.\n\nBank of New York Mellon / Workbench Applications, Web Inquire, GSM  - From Dec 2006 to Aug 2008\nTeam Lead -  Cognizant Technology Solutions (CTS)\nRole and Responsibilities:  \nAnalyzed Business Requirements and System Specification to understand the application.\nCreating Master test plans, test strategies, test scenarios and offshore ramp-up plans.\nEstimation of testing effort for modules, Test planning, Validation of data, testing of final reports.\nMapped test data by fetching data using database tool QMF.\nCoordinated the project with cross-functional teams such as Business Process Owners, End Users, IT, Stakeholders, etc.\nInvolved in defect validation and reporting using Client Specified Bug-Tracking tool.\nPreparing and reporting test execution statistics, Maintaining quality and metrics documents.\nIdentify Software bugs and interact with developers to resolve them to ensure the integral aspect of QA environment, Regression testing was undertaken after every bug fix.\nMaking Requirement traceability matrices and Selecting regression test cases.\nLoad and Performance testing for simultaneous and concurrent users.\nResponsible for grooming the new resources joining the project.\nCoordinate the activities across different teams such as product management team, development team, QA team. Conduct weekly status meetings, tracked project tasks, issues regularly.\nServed as offshore coordinator from Kolkata, India for an onsite team in Pittsburgh, Pennsylvania, US.\nInvolved in client interaction and getting KT from the client about applications and LOB structure. Involved in imparting KT to onsite from offshore.\n\nDirectorate of General of Artillery, DV, AMS & MIS - June 2005 – Nov 2006\nSoftware Engineer/Lead - IBilt Technologies Limited\nRole and Responsibilities:  \n•\tInvolves in Management of Test Plan, Test Strategies and validated the main modules of the system.\n•\tInvolved in Functional Testing, Integration Testing and Regression Testing.\n•\tTest case writing, creating test plan and test scripts, executing test cases.\n•\tLogging bugs with the Tool Defect Register and Publishing Test Results & Logs.\n•\tInvolve in preparation and execution of functional testing UI Test cases & Regression testing of AMS & MIS.\n•\tAct as liaison between various stakeholders and project team.\n•\tPerform functional analysis by understanding scope, requirements and Business flow Documents.\n•\tParticipate and provide direction in Release Management meetings.\n•\tManage test plan, schedule, scope, quality with change request and ensure process is followed and risks are mitigated.\n•\tPerform Scope, time and Quality analysis, schedule and execute as per plan and perform risk mitigation.\n•\tTest planning, coordinate test strategies, Project tracking and providing direction to team member as needed.\n•\tIdentify dependencies, impediments and prepare development plan and work to resolve it effectively.\n•\tReviewing the status of the project and taking corrective measures.\n•\tPrepare integration testing plan, execute with team and validate results, perform root cause analysis.\n•\tParticipate in all testing phases like integration testing, performance testing, End-to-End testing, UAT and shakeout testing to ensure adherence to testing practice.\n\nLegal Judgments Management System, PMS - Jan 2004 to May 2005\nSoftware Engineer – IT / Xorient Technologies Pvt. Ltd.\nRole and Responsibilities:   \nTesting of the project, includes Test planning, Acceptance testing, Structured testing and regression testing, inspecting others test plans. \nInvolved in writing test cases at integration and system level with version control CVS.\nReview of Test Cases, Execution of Test Cases, track the Bugs founded in the Excel Sheet.\nCollaborated with other analysts and IT staff in refining data retrieval and utilization strategies.\nInvolved in Requirement Gathering and analysis by interviewing users, application owner and SME's.\nAssisted in identification of data Attributes for the data required by the users & development of data mapping & data dictionaries.\nInvolved in creating various PL/SQL stored procedures, views, functions and temporary tables for data input to the Crystal Reports.\nWorked with SQL queries for data manipulations.\nPrepared various deliverables like Use case Diagram, Activity diagram, Entity relationship diagram, process flow diagrams, data flow diagrams using UML and MS VISIO.\nDesigned and implemented SQL queries using joins and sub-queries.\nWorked with project manager for identifying project milestones, tasks and preparing project charter, project plans and project status reports during entire project life cycle.\nAssisted in analyzing data sources and defining data flows and dependencies.\nEffectively implemented the Change Management and assisted in defect management process.\nAssisted in the test plans for System Integration Testing and User Acceptance Testing.\n\nTata Infotech Ltd. - From Jul 2003 to Dec 2003\nSoftware Trainee – IT\nRole and Responsibilities:\nElicited requirements by identifying system users and conducting interviews.\nCreated the FRD, BRD and SRS artifacts after gathering input from business owners and other stakeholders.\nPerformed GAP analysis, cost-benefit analysis and feasibility analysis within the triple constraints.\nCreated visual flow and UML diagrams for use cases, user interface, process flow and information flow.\nUtilized RUP methodology to develop the web application to satisfy the warranted periodic functionality releases.\nManaged project documents and other deliverables on SharePoint.\nManaged scope and requirements throughout the project life cycle.\nWrote test cases, test scripts and planned the user acceptance tests (UATs).\nPerformed Functional, Integration, System and Regression testing. \n\nEducation/Certications/Training                                                       \t\t\t\t\t\t\n•\tMaster of Computer Applications (MCA) in 2003.\n•\tBachelor of Computer Applications (BCA) in 1999.\n•\tCertified Scrum Master (CSM).\n•\tISTQB certified tester.\n•\tHP QC (Quality Center) and QTP (Quick Test Professional) Certified.\n•\tCertified professional in Banking and Financial Management, Certified professional in Investment Management.\n•\tNCFM Certified, Six Sigma Yellow Belt certification, Award of Star of the Month and Client appreciations.\n",
    "extracted_skills": [
        "agile",
        "collaboration",
        "communication",
        "data analysis",
        "git",
        "java",
        "jenkins",
        "jira",
        "leadership",
        "mentoring",
        "oracle",
        "problem solving",
        "project management",
        "r",
        "scrum",
        "sql"
    ]
}