{
    "id": "resume_23f85646-4b08-4fbf-84a2-8c2598297198",
    "metadata": {
        "filename": "AnilAgarwal.docx",
        "processed_date": "2025-09-24T08:45:38.974739+00:00"
    },
    "raw_text": "\nSUMMARY\n13 Years of total professional experience in IT industry, currently working as Project Manager in analysis, design and development of Client/Server applications and Commercial Applications software development in Business Intelligence/Data Warehousing domain\nExcellent Technical skills on Business Objects reporting tool\nWell-versed and expert on Business Objects 5.x, 6.x, XIR2, 3.1 & BO 4.0\nHands-on experience in creating Business Objects Universes & Reports\nCertified Project Management Professional (PMP)\nExcellent Project Management Skills, coordinating tasks between different teams for project’s successful closure\nWell versed with Agile & Waterfall Project Management methodologies \n6 Years of rich Onsite IT experience at client’s location in New Jersey, USA where customer focus was the key aspect\nA proven verifiable track record and a strong sense of dedication driven towards accomplishing challenging goals with persistent commitment\nExtensive experience in gathering Business Requirements, writing Technical Specifications and defining Version Control Processes, worked as Business Analyst / Onshore Coordinator in NJ\nLead a team size ranging from 2 to 20 resources, provided them with key information about the client and their business, reviewed code developed by the team \nHandled successfully onshore-offshore coordination. Collected business requirements from the clients and communicated well to the offshore team\nWorked as a bridge between different stakeholders to understand the requirements and cascade the same to the development team, excellent stakeholder’s management\nSuccessfully organized and handled cross trainings within the project to ensure the knowledge is not lost if a certain resource is unavailable\nNot shy of escalating important issues to the management for timely resolution\nAdapts well to the changing environment\nExperience in Pre-Sales domain and writing technical proposals\nGood Experience in creating FRS, Project Plans and Estimations for projects\nWorked as Assessment Team Member (ATM) with QAI for assessing CMMI Maturity Level 5 \nWorking as Process Consultant for one of the projects I am managing\nExcellent work ethics, self-motivated, quick learner, team player and good at multi-tasking\nStrong problem solving, analytical, interpersonal and leadership skills\nTECHNTECHNICAL SKILLS:\nDWH technologies: OLAP\nRDBMS: SQL Server 2000/2005/2008 R2, Oracle 8, 9i, 10g, Sybase IQ\nDevelopment/Productivity Tools: Adobe Acrobat, MS Office, ODBC, Visual Basic\nE-Com Frameworks/Web Technologies: VBScripts\nProgramming Languages: SQL, Sybase IQ scripts \nDWH Tools: Business Objects, CystalReports.com\nBusiness Objects 5.x, 6.x, XIR2, XIR3.1, 4.0\nSource Control:\tVisual Source Safe\n                                             \n\nEDUCATION:\nBachelor of Engineering – Electronics and Communication – 2002 – SRMS CET, Bareilly, India\nPG in VLSI & System Programming from CDAC Noida, India, 2003-2004\n\n\nCERTIFICATION:\nProject Management Professional (PMP) – Project Management Institute \nPMP Number: 1693785\nPMP Expiration Date: February 6th 2020\n\n\nClient – Sanofi, Somerset, NJ (September 2016 – till date)\nRole\\Designation: Project Manager\n\nProject Description: Account Management Planner (AMP) Profiler-Web tool – (Sep 2016 – till date) – The Account Management Planner Profiler Tool is a web-based tool to provide the client’s Account Executives/Directors, Brand and Leadership with information necessary to influence strategic business planning would assist in increasing sales. Also, to influence important market driving parameters like current & new rebates, ramp-up time, clinical factors, financial factors etc. through which the key decision makers and Account Directors can analyze and attempt to positively impact the overall sale of a selected drug in each territory for a given PBM, Health plan. \nMain objective is to automate the process of strategic business planning for Account Executive/Directors. \nAbility for Account Directors, Key Decision Makers in generating accurate decision support triggers & reports\nTo provide the users with system based simulation model to generate program ROI\n\nTechnology: .Net Framwork 4.5, HTML5, CSS3, SQL Server 2014\n\nResponsibilities:\nProject Management - Managing Enterprise software Solution Team of 25 resources to develop this MVC / .Net based platform product for the client\nRequirement Gathering & Elicitation – Gather the requirements from the client and pass it on to the development team. Help them understand the requirements. Seek clarifications for any doubts/questions from the client\nAgile Methodology – Agile project management methodology was adopted and I worked as Scrum master. I lead the daily scrum meetings and ensured that the sprint backlogs were all delivered on time\nDaily Sprint Stand-up calls – I lead and managed the sprint calls for this project, ensured that the daily calls do not go for long and only quick status and important issues were discussed and sorted out during the calls\nStakeholder’s Management - Builds and maintains strong client relationships, and participates in client meetings regarding performance to ensure client satisfaction \nBusiness Requirement Document – Created the Business Requirement Document which served as the go to document. This was signed-off by the client which made the basis for developing the project\nStatus Reporting – Managed the prompt and correct status reporting of the project. Apart from daily stand-up calls, circulated the weekly status report to the client for better tracking and monitoring of the project\nDevelopment & Testing – I lead the team during the development and testing phases as well. Helped the tem determine the best approach and did a lot of QA to support better quality deliverables\nUAT & Bug-fixing – Supported the end users and development team during the UAT phase. Ensured that all the reported bugs are properly tracked, prioritized and assigned to the development team for fixing them\nCost & Schedule Monitoring – An important aspect of this project was to ensure that there is no Cost & Schedule variances. I used GANTT charts and Microsoft Project tools to monitor the Cost and Schedule. I ensured the team members track all their time in the timesheets and submits diligently every week\nRisk Assessment & Mitigation – Worked with the relevant stakeholders to identify the risks, created Risk Register document and options to mitigate them\nGo-Live/ Production Release – Helped the teams in Production Release. Made sure that the Release Notes are shared with all the relevant stakeholders. All the Concerned parties are available for the launch. Completed Smoke Testing after the launch to ensure that the Production environment is up and running fine as per the expectations \nPerformance Tuning of the system – Being a web application, it’s important to know the non-functional requirement of how should I system behave. Worked with the team to ensue database and front end have been developed and then fine-tuned for best performance\nHandling of the Change Requests – There were some enhancement requests from the client which were taken up as a part of Change Request. I submitted the same to the Change Management which approved few of the work items which were later developed by the development team\n \n\n\nClient – OKI Europe Limited, New Delhi, India (May 2015 – Aug 2016)\nRole\\Designation: Project Manager\n\nProject Description: OKI Business Intelligence System – (May 2015 – Aug 2016) – This project is a development project and support project which involves building full-fledged Business Intelligence system - an enterprise data warehouse along with standard operational and analytics reports for top management. The enterprise data warehouse is being built for the client’s European market. The project involves working on Sales, Targets & Stocks data for the client.\n\nTechnology: OLAP, Business Objects 4.0, SQL Server 2008 R2\n\nResponsibilities:\nProject Management – End to end Project management and leadership. Managing the BI development Team of 8 resources at onshore & offshore to develop Enterprise Business Intelligence System for the client \nRequirement Gathering & Elicitation - Gather the requirements from the client and pass it on to the development team. Help them understand the requirements. Seek clarifications for any doubts/questions from the client\nWaterfall Methodology – Worked on the waterfall project management methodology for this project. Ensured each of the different phases are signed-off before starting the next phase of the project\nStakeholder’s Management - Builds and maintains strong client relationships, and participates in client meetings regarding performance to ensure client satisfaction \nStatus Reporting – Managed the prompt and correct status reporting of the project. Apart from daily stand-up calls, circulated the weekly status report to the client for better tracking and monitoring of the project\nWork Breakdown Structure & Estimation – Worked with the technical architect to design a solution and come up with the required estimates for the project. Shared the same with the client and got an approval. Created Work Break Down structure document for the development team to understand the requirements of the project\nCapacity & Capability Planning – Based on the estimates approved, I worked on the capability and capacity planning. Ensured I get the right skillset of the resources required for the same duration based on timelines. Used skill matrix and resource calendar to monitor this activity\nResource Utilization – It was an important aspect of the project to ensure the resources are properly utilized\nDevelopment & Testing – I lead the team during the development and testing phases as well. Helped the tem determine the best approach and did a lot of QA to support better quality deliverables\nUAT & Bug-fixing – Supported the end users and development team during the UAT phase. Ensured that all the reported bugs are properly tracked, prioritized and assigned to the development team for fixing them\nCost & Schedule Monitoring – An important aspect of this project was to ensure that there is no Cost & Schedule variances. I used GANTT charts and Microsoft Project tools to monitor the Cost and Schedule. I ensured the team members track all their time in the timesheets and submits diligently every week\nProfitability Tracker – Monitored the cost and revenue of the project and timely submitted the profitability tracker. This is an important organization wide project manager’s responsibility \nRisk Assessment & Mitigation – Worked with the relevant stakeholders to identify the risks, created Risk Register document and options to mitigate them\nGo-Live/ Production Release – Helped the teams in Production Release. Made sure that the Release Notes are shared with all the relevant stakeholders. All the Concerned parties are available for the launch. Completed Smoke Testing after the launch to ensure that the Production environment is up and running fine as per the expectations\nHandling of the Change Requests – There were some enhancement requests from the client which were taken up as a part of Change Request. I submitted the same to the Change Management which approved few of the work items which were later developed by the development team\n \n \n\n\nProject Description: SDL Tridion Support Services – (Mar 2014 – Aug 2016) – This project is a Service support project and involves day to day support activities of OKI’s Web Content Management. OKI is using SDL Tridion to manage content for all their intranet and extranet websites. There are around 150 websites published for OKI using SDL Tridion. The website’s infrastructure is hosted with Rackspace. \n\nTechnology: SDL Tridion 5.3, Microsoft SQL Server 2005\n\nResponsibilities:\nProject Management – End to end Project management and leadership. Manage and support this ongoing Support project for day to day activities, requests and cater to client’s satisfaction \nSupport of GWI Incident Management System – Open & Track all incidents and requests in GWI Incident Management system. Ensure GWI System is maintained and tracked on a daily basis. Seek clarifications for any doubts/questions from the client\nStakeholder’s Management - Builds and maintains strong client relationships, and participates in client meetings regarding performance to ensure client satisfaction \nStatus Reporting – Managed the prompt and correct status reporting of the project. Circulated the weekly & Monthly status report to the client for better tracking and monitoring of the project\nDevelopment & Testing – I lead the team during the development and testing phases as well. Helped the tem determine the best approach and did a lot of QA to support better quality deliverables\nCapacity & Capability Planning – Based on the estimates approved, I worked on the capability and capacity planning. Ensured I get the right skillset of the resources required for the same duration based on timelines. Used skill matrix and resource calendar to monitor this activity\nResource Utilization – It was an important aspect of the project to ensure the resources are properly utilized\nCost & Schedule Monitoring – An important aspect of this project was to ensure that there is no Cost & Schedule variances. I used GANTT charts and Microsoft Project tools to monitor the Cost and Schedule. I ensured the team members track all their time in the timesheets and submits diligently every week\nProfitability Tracker – Monitored the cost and revenue of the project and timely submitted the profitability tracker. This is an important organization wide project manager’s responsibility \nRisk Assessment & Mitigation – Worked with the relevant stakeholders to identify the risks, created Risk Register document and options to mitigate them\nHandling of the Change Requests – There were some enhancement requests from the client which were taken up as a part of Change Request. I submitted the same to the Change Management which approved few of the work items which were later developed by the development team\n\n\nClient – Atmel Corporation – (July 2015 – February 2016)\nRole\\Designation: Project Manager\nClient Description:\nAtmel Corporation is a worldwide leader in the design and manufacture of microcontrollers, capacitive touch solutions, advanced logic, mixed-signal, nonvolatile memory and radio frequency (RF) components. Leveraging one of the industry's broadest intellectual property technology portfolios, Atmel provides the electronics industry with complete system solutions focused on industrial, consumer, security, communications, computing and automotive markets.\n\nProject Description: SDL Tridion Technical Services – Website revamp – (Jul 2015 – Feb 2016) – This project is a development project which aims at redesign of Atmel.com’s web experience. The goal is to provide a guided, personalized, targeted and user-friendly navigation on Atmel.com website and have the Content Authors take more control on website updates, rather than the developers. \n\nTechnology: SDL Tridion 2013, HTML5 \n\nResponsibilities:\nProject Management\nRequirement Gathering & Elicitation\nWeekly calls with clients\nDefine Scope & Monitor\nEstimation\nResource Utilization\nChange Request Management\nUAT & Bug-fixing\nSupport Go-Live/ Production Release\n\n\nClient – Ministry of Health Holdings (MOHH), Singapore – (January 2015 – June 2015)\nRole\\Designation: Project Manager\nClient Description:\nMOHH (previously known as Health Corporation of Singapore) is the holding company of Singapore’s public healthcare assets. It operated largely as a dormant holding company until it was recently restructured to address systems-level gaps in our public healthcare system. MOHH today provides systems-level strategizing and coordination and facilitates collaboration across clusters/healthcare institutions. In doing so, it enhances overall public healthcare system performance, while ensuring closer alignment to MOH’s vision, mission and priorities. Where possible, MOHH also seeks to leverage on synergies and economies of scale across the entire healthcare spectrum, thereby enhancing operational efficiency of the public healthcare sector in the long run.\n \nProject Description: Corporate Website Revamp – (Jan 2015 – Jun 2015) – This project is the Corporate Website revamp project for MOHH which is MOHH’s main public facing website. New site would be SEO optimized, performant site which would have modern look and feel, with Responsive Web Design and built using SharePoint 2013 Web Content Management features and would be hosted on a third party private cloud infrastructure within strict deadlines and adhering to MOHH corporate standards. Site is expected to have more than Hundred thousand of user base with different target users/stakeholders.\n\nResponsibilities: \nProject Management, Initiation & Planning\nRequirement Gathering & Elicitation\nEstimation of the project\nRequirement Analysis & Design\nResource Alignment\nWeekly check point meetings with the client\nHandling the scope creep & gold plating\nUnit testing by the team\nUAT/bug fixing\nPlanning for Go-Live, Knowledge Transition and Documentation\nTracking of Cost/Revenue for the project\nProduction Release & Stabilization   \n\n\nClient – Singapore Sports Hub, Singapore – (March 2014 – September 2015)\nRole\\Designation: Project Manager\nClient Description:\nThe Singapore Sports Hub is a Public-Private-Partnership (PPP) project where the Sports Hub consortium has a 25-year contract with the Singapore Sports Council to design, build, finance and operate the Sports Hub. The private sector Sports Hub consortium includes four equity partners:\n\nInfraRed Capital Partners\nDragages Singapore (also the Design & Building Contractor)\nCushman & Wakefield (also the Facility Management Partner)\nGlobal Spectrum Asia (also the Venue Operations Partner)\n \nProject Description: Support & Maintenance of BIS Applications – (Mar 2014 – Sep 2015) – The project involves support and maintenance of BIS application for Singapore Sports Hub to manage applications such as ERP, CRM, Portal, Biztalk, BI, Kiosk & Mobile apps. The Technologies supporting these applications were MS Dynamics CRM, Sharepoint 2010, Dynamics AX 2012, 2011, SSIS, SSRS, SQL Server\n\nResponsibilities: \nProject Management\nRequirement Analysis & Design\nResource Alignment\nWeekly check point meetings with the client\nTicket assignment and Resolution\nChange Requests Estimation, Approval and Development\nTracking of Cost/Revenue for the project\nProduction Release & Stabilization   \n\n\nClient – Sinclair Knight Merz (June 2013 – February 2014)\nRole\\Designation: Project Leader\nClient Description:\nSinclair Knight Merz (SKM) is a leading projects firm, with global capability in strategic consulting, engineering and project delivery. It operates across Asia Pacific, the Americas, Europe, the Middle East and Africa, deploying some 7,500 people from more than 40 offices.\n\nProject Description: Support for Insight (financial reporting portal) system – (Jun 2013 – Feb 2014) – SKM has set up SAP Business Objects (BO XI3.1) environment called “INSIGHT” to monitor and manage the performance of its diverse operating units. Insight is the financial reporting portal for SKM. It delivers relevant information to assist with decision making at executive, operational and client manager levels. The need was to establish an offshore support team to engage in SAP admin and SAP report development support.\n\nTechnology: OLAP, Business Objects XI 3.1, SQL Server 2008 R2\n\nResponsibilities:\nRequirement analysis, Design and Development\nDeveloped Universes and Reports using Business Objects\nSetup weekly calls with users to go through the project status and understand their business requirements. Setup daily calls with the onshore team\nSuccessfully handled many adhoc change requests from the client\nUnit testing of the team’s universes/reports\nSuccessfully handled all the changes and the bugs reported by the client in the UAT phase\nCoordinated and communicated well between the client and the offshore team to ensure that the requirements are understood properly and project is delivered on time.\nHanded the project to the support team by giving them proper transition of knowledge and all documentation.\n\n\nClient – Citi Group, NJ, USA – (February 2013 – June 2013)\nRole\\Designation: Technical Leader\nClient Description:\nCiti, the leading global bank, has approximately 200 million customer accounts and does business in more than 160 countries and jurisdictions. Citi provides consumers, corporations, governments and institutions with a broad range of financial products and services, including consumer banking and credit, corporate and investment banking, securities brokerage, transaction services, and wealth management.\n\nProject Description: Implementation of reporting environment for Internal Finance Department (Feb 2013 – Jun 2013) – Citi has a huge Financial business which needs to be monitored and analyzed daily. The project involved enhancing the internal financial reporting system to help the users in their day to day activities.\n\nTechnology: OLAP, Business Objects XI 3.1, Oracle 10g.\n\nResponsibilities:\nProject Management, Estimation of new report development\nThis project is developed using Agile and Scrum methodology\nRequirement analysis, Design and Development\nCreated Business Requirement Document & Functional Requirement Specification\nDeveloped Estimates and Project Plan single handedly for the complete project\nHandled Resource Allocation as per the required skill set\nDeveloped/Enhanced Universes and Reports using Business Objects\nSuccessfully handled many adhoc change requests from the client\nUnit testing own code and that of other developers\nSuccessfully handled all the changes and the bugs reported by the client in the UAT phase\nCoordinated and communicated well between the client and the offshore team to ensure that the requirements are understood properly and project is delivered on time\nUsing the Import Wizard tool deployed the universes and reports from the development environment to the production environment\n\n\nClient – Dun & Bradstreet, NJ, USA– (April 2004 – January 2013)\nRole\\Designation: Technical Lead / Onsite Coordinator\nClient Description:\nD&B is the world’s leading source of commercial information and insight on businesses, enabling companies to Decide with Confidence® for 167 years. D&B’s global commercial database contains more than 140 million business records. This application was an enhancement of the intranet website of D&B. Everything on this website is data driven, nothing is static.\n\nProject Description: Implementation of reporting environment for International Markets (Nov 2009 – Jan 2013) – D&B has implemented Oracle E-Business Suites - Account Receivables, Account Payables and General Ledger in Latin America, Europe and Asia Pacific. Japan was the 1st of International market on Oracle E Business suites of version 12. \n\nTechnology: OLAP, Business Objects XI 3.1, Oracle 10g.\n\nResponsibilities:\nRequirement analysis, Design and Development. Created the Functional Requirement Specification.\nDeveloped Estimates and Project Plan single handedly for the complete project.\nHandled Resource Allocation as per the required skill set.\nCreated Business Requirement Document & Functional Requirement Specification\nSetup weekly calls with Japan users to go through the project status and understand their business requirements. Setup daily calls with the offshore team in India.\nThis project is developed using Agile and Scrum methodology.\nDeveloped Universes and Reports using Business Objects.\nUsed Visual Source Safe to maintain code and documentation versions.\nSuccessfully handled many adhoc change requests from the client.\nUnit testing own code and that of other developers.\nSuccessfully handled all the changes and the bugs reported by the client in the UAT phase.\nCoordinated and communicated well between the client and the offshore team to ensure that the requirements are understood properly and project is delivered on time.\nUsing the Import Wizard tool deployed the universes and reports from the development environment to the production environment.\nHanded the project to the support team by giving them proper transition of knowledge and all documentation.\nSet up 5 users and allocated them proper rights to view and refresh the canned reports using Central Management Console.\n\n\nProject Description: Implementation of Portfolio Risk Manager Module (Jul 2011 – Dec 2011) – D&B planned to remove the grace period access to the contracts which were not renewed and to inform their customers if the contract needs to be renewed for ‘DnBi Professional’ contract type. The other objective of this project being was to introduce “Trials” for the DnBi Professional and PRM at the module level. \n\nTechnology: OLAP, Business Objects XI 3.1, Sybase IQ 12\n\nResponsibilities:\nRequirement analysis, Design and Development. Created the Functional Requirement Specification.\nDeveloped Estimates and Project Plan for the BO/IQ piece of the project.\nHandled Resource Allocation as per the required skill set.\nSetup weekly calls with users to go through the project status and understand the business requirements. Setup daily calls with the offshore team in India.\nModified BO Universe and created the Trial Balance Report.\nUsed Visual Source Safe to maintain code and documentation versions.\nSuccessfully handled many adhoc change requests from the client.\nUnit testing of the code from the team.\nSuccessfully handled all the changes and the bugs reported by the client in the UAT phase.\nCoordinated and communicated well between the client and the offshore team to ensure that the requirements are understood properly and project is delivered on time.\nUsing the Import Wizard tool deployed the universes and reports from the development environment to the production environment.\nHanded the project to the support team by giving them proper transition of knowledge and all documentation.\n\n\nProject Description: Run the Business (RTB) (Jan 2009 – Jun 2011) – This is the maintenance and support project where in day to day analysis and decision making reports are developed and maintained for D&B users and their customers. The reporting is done for revenue and sales data for D&B's businesses. The reporting is done using Business Objects. There are close to 500 business object users across D&B who use the tool for adhoc and canned reports.\n\nTechnology: OLAP, Business Objects, Sybase IQ, SQL Server 2005, Oracle 10g.\n\nResponsibilities:\nRequirement analysis, Design and Development. Created the high-level design and architecture.\nDeveloped Universes and Reports using Business Objects.\nHandled successfully onshore-offshore coordination. Took proper requirements from the clients and communicated well to the offshore team and got the work delivered on time.\nUsed Report Conversion Tool to convert Desktop Intelligence reports into Web Intelligence reports.\nUsed Import Wizard to deploy universes and reports from development environment to production environment.\nUsed Visual Source Safe to maintain code and documentation versions.\nExtensively used Central Management Console for administrative purpose. Created Universe folders, users, groups and assigned proper privileges.\nCreated DeskI and WebI reports using Desktop Intelligence and Infoview respectively.\nScheduled reports using Infoview and created events in CMC to trigger the reports.\nDeveloped Macros using Visual Basic to convert BO output into Excel and text format. Macros helped in creating the format as per the user requirement.\nSet up weekly calls with the client manager in D&B to discuss the day to day activities.\nFixed bugs reported by the business users.\nParticipated in team discussions for clear understanding of requirements with the client manager and team members.\nCreated Estimates and project plan for the project. Also, created estimates for the change requests reported by the client.\nDeveloped Functional Requirement Specification for the project and got a client sign off for the same.\nSuccessfully handled many adhoc change requests from the client.\nUnit testing own code and that of other developers.\n\nProject Description: Implementing Oracle Suites (AR, AP, GL) in UK and Ireland – (Jan 2008 – Dec 2008) – This project was initiated to create a reporting structure in UK and Ireland from scratch. The business proposed new oracle suites in UK and Ireland and business objects were chosen to get the reporting done out of it.\n\nTechnology: Business Objects XIR2 (Web Intelligence, Desktop Intelligence, CMC, Designer, Publisher), Oracle 9i, SQL, PL/SQL, TOAD7.6.\n\nResponsibilities:\nDesigned the universes and reports for team and attended tele-conferences to guide the team for the development of these universes and reports.\nInvolved in creation, implementation and maintenance of universes, classes and objects as per the report requirements using Business Objects XIR2 suite.\nSet Cardinalities and Joins to develop the universe and created Aliases and Contexts to resolve the linking problems like Loops and Traps (Chasm and Fan) and checked the Integrity of the Universes.\nCreated Hierarchies, complex objects using various @ functions, Aliases, Contexts, Aggregate objects in the universe.\n Worked extensively with the major functionality of Web Intelligence like Breaks, Alerter, Filters, Sorts, Query Prompts and Drill filters. \nCreated, managed and formatted standard reports, master/detail reports and cross tab reports using Report Manager.\nUsed the Slice and Dice feature, set variables, alerts and group values in the reports. \nUsed the Drill Down/up function to analyze data and created multiple charts in Reports.\nCreated Report Templates for consistency in the look and feel of the reports.\nUsed SQL Loader to load flat files into oracle database.\nUsed TOAD to verify data and performance of the report.\n\n\nProject Description: HRCC BO Globalization Implementation Phase II (Jul 2007 – Dec 2007) – This application was an enhancement on Phase I and it included creation of many reports and universe modification. It included standardizing the universe based on best practices.\n\nTechnology: Business Objects, Oracle 9i, OLAP\n\nResponsibilities:\nRequirement analysis, Design and Development.\nClasses and Objects in the universe were given more business oriented names.\nObjects which were not used were removed from the classes.\nVisual Basic Macros were used to format the reports in a set manner which was requested by the business owners.\nDeveloped Universes and Reports using Business Objects\nHandled successfully onshore-offshore coordination. Took proper requirements from the clients and communicated well to the offshore team and got the work delivered on time\nImport Wizard to deploy universes and reports from development environment to production environment\nUsed Visual Source Safe to maintain code and documentation versions\nSuccessfully handled many adhoc change requests from the client.\nUnit testing own code and that of other developers\n\n\nProject Description: HRCC BO Globalization Implementation Phase I (Dec 2006 – Jun 2007) – This application is used to implement the Global reporting for HRCC in Business Objects and to provide associate details throughout the globe in D&B. This application also included building BO universe and reports based on the requirement with the security features for D&B’s Human Resource Management System.\n\nTechnology: Business Objects, Oracle 9i\n\nResponsibilities:\nRequirement analysis, Design and Development.\nDeveloped Universes and Reports using Business Objects\nHandled successfully onshore-offshore coordination. Took proper requirements from the clients and communicated well to the offshore team and got the work delivered on time\nImport Wizard to deploy universes and reports from development environment to production environment\nUsed Visual Source Safe to maintain code and documentation versions\nSuccessfully handled many adhoc change requests from the client.\nUnit testing own code and that of other developers\n\n\nProject Description: BO XI Migration (Jun 2006 – Nov 2006) – The purpose of this application was to migrate from BO 5.X to BO XI R2. \n\nTechnology: Business Objects, Sybase IQ, Oracle, SQL Server\n\nResponsibilities:\nRequirement analysis, Design and Development.\nTo analyze the impact and help in migrating to BO XI R2\nCreated Inventory of User Reports for migration.\nMigrated Universes, User Reports and Scheduled Reports.\nSetup security in Central Management Console.\nHandled successfully onshore-offshore coordination. \nImport Wizard to deploy universes and reports from development environment to production environment\nUsed Visual Source Safe to maintain code and documentation versions\nUnit testing own code and that of other developers\n\nProject Description: Top 10 Customers and DnBI Pricing (May 2005 – May 2006) – The purpose of this project was to create the top 10 DnB’s customers and do the reporting on the DnBI Pricing\n\nTechnology: Business Objects, Sybase IQ\n\nResponsibilities:\nRequirement analysis, Design and Development.\nTo understand the new DnBi product and its pricing criteria\nTo analyze the impact of this new product on the existing reports\nTo modify the existing universes to include this new DnBi product\nSetup security in Central Management Console for the new users\nHandled successfully onshore-offshore coordination. \nImport Wizard to deploy universes and reports from development environment to production environment\nUsed Visual Source Safe to maintain code and documentation versions\n\n\nProject Description: Preferred Pricing Phase-2 (Jul 2004 – Apr 2005) – The purpose of this project was to enhance the features of the preferred Pricing plan for D&B\n\nTechnology: Business Objects, Sybase IQ, Oracle, SQL Server, Adobe Acrobat, MS Office, ODBC, PL/SQL, OLAP\n\nResponsibilities:\nRequirement analysis, Design and Development.\nSetup security in Central Management Console.\nHandled successfully onshore-offshore coordination. \nImport Wizard to deploy universes and reports from development environment to production environment\nUsed Visual Source Safe to maintain code and documentation versions\nUnit testing own code and that of other developers\n\n\nProject Description: Preferred Pricing Phase-1 (Jan 2004 – Jun 2004) – The purpose of this project was to design and automate the back-office of the Preferred Pricing Plan program (PPP) based on the program criteria, including a new offer template type, usage statements & invoices. \n\nTechnology: Business Objects, Sybase IQ, Adobe Acrobat, MS Office, ODBC, PL/SQL, OLAP, Corporate\n\nResponsibilities:\nWorked with technical team to ensure, to adhere and to co-operate the policies and procedures pertaining to the Database.\nIncluded development of policies to control the movement of application on to a Production Database.\nMonitoring the growth of Database to ensure smooth functioning of daily activities.\nEstablishing the base lines and compares the Database performance against them to ensure adequate performance\n",
    "extracted_skills": [
        "agile",
        "collaboration",
        "communication",
        "go",
        "leadership",
        "microsoft sql server",
        "oracle",
        "problem solving",
        "project management",
        "scrum",
        "sql"
    ]
}