{
    "id": "resume_9b1fd62c-c350-4527-8825-be2bed49a1cf",
    "metadata": {
        "filename": "Anil Krishna Mogalaturthi.docx",
        "processed_date": "2025-09-24T08:45:38.870064+00:00"
    },
    "raw_text": "Anil Krishna Mogalaturthi\n681-888-2999\nKrish.java23@gmail.com\n\n\nProfessional Summary\nHighly inspired software professional with over 8 years of experience in all stages of systems development life cycle including business requirements gathering, design, data conversions, programming, system integration / user acceptance testing.\nSenior Java/J2EE Developer with around 8 years of experience in Systems Analysis, Design, Development and Implementation of Web and Client/Server and Enterprise Application development using Java and J2EE Technologies.\nStrong experience in all the phases of software development cycle (SDLC) including UI design, architecture, identification of corporate needs, user interaction, deployment, testing, documentation and maintenance.\nExtreme experience in architecting and deploying of fault tolerant, highly available, cost effective and secure servers in AWS and MS Azure.\nDeveloped Networking policies for Docker containers. Worked on open source development tools like Docker Containers, Mesos and Kubernetes. Also, worked on GitHub.\nExpertise in Core Java with strong understanding and working knowledge in object oriented concepts like Data structures, Multithreading, Concurrency, Exceptional Handling, Collection API's to implement various features.\nHands-on experience in working with web based applications using Java, J2EE, JDBC, Struts, Servlets, Spring, Hibernate, JSP, HTML, CSS, JavaScript, JMS, Angular JS, SQL etc.\nGood knowledge on the Spring modules like Spring IOC, Spring MVC, Spring Webflow, Spring AOP, Spring DAO, Spring Forms.\nStrong knowledge on Hibernate ORM framework. Used Hibernate Connection Pooling, HQL, Hibernate Caching, Transactions, Sessions, Criteria’s.\nUsed Persistence frameworks, Hibernate3.x, JPA to map, POJOs to a relational database.\nExcellent working experience with various frameworks like Struts, ATG. \nExperience with ATG Content Administration (ATG BCC) and Endeca Search. \nTechnology expertise to support design and implementation work using ATG applications.\nExperience working with Front End Technologies like HTML, HTML5, DHTML, XPATH, XHTML, JSTL, JSP, AJAX, JavaScript, CSS, CSS3, XSLT, jQuery, AngularJS, Bootstrap, React JS, Node JS.\nStrong working knowledge in dealing with Web services like SOAP and Restful Web Services.\nStrong knowledge in Service Oriented Architecture (SOA) and publishing Web Services that include several components like JAX-WS, Framework implementing by Axis2, Apache CXF.\nInvolved in development of SOAP web services using WSDL, JAXB, CXF, AXIS, JAX-WS and Restful web services using JAX-RS, CXF and JERSEY APIs.\nExperience in building Microservices with the help of Spring Boot and developed Spring based applications with very less configuration.\nGood knowledge in XML related technologies like XML, SOAP, WSDL, DTD, XSL, XHTML, XPATH, JAXB, JAXP and RSS.\nExpertise in writing test cases with JUnit and TestNG using Mockito.\nGood experience on Enterprise Java beans(EJB) like stateless Session EJB, MDB, Entity Beans.\nExtensive Experience in retrieving and manipulating data from backend using Database (Oracle, DB2, SQL Server, NOSQL(MongoDB), Sybase) SQL queries, PL/SQL- Stored Procedures, Functions, Sequences, Triggers, Views and Packages\nExperience with Continuous Integration, version control and build tools such as Ant, Maven, Jenkins, SVN (Sub Version), CVS for building and deploying applications.\nExpertise in different IDEs like Eclipse, My Eclipse, STS (Spring Tool Suite), RAD, TOAD, SQL.\nDeveloped, tested and deployed applications in UNIX, Linux and Windows Environments.\nExperience with various development methodologies such as Waterfall, Test Driven development (TDD), Behavioral Driven Development (BDD) and Agile (SCRUM).\nHands on experience with concurrency Multi-Threading and Collections frameworks.\nExperience in creating, maintaining and cleanup the containers on Docker.\nUsed Docker as a new level of simplicity to define and create applications or services by encapsulating them in containers. \nUsed Docker containers for eliminating a source of friction between development and operations. \nGood knowledge in Cloud computing infrastructure such as Amazon web Services (AWS). Worked on EC2 and S3, ELB.\nKnowledge on Docker to create Containers using Docker file and using Docker compose.\nExcellent skills in programming using wide variety of languages and ability to adapt new latest technologies & work in Multi-platform environment.\nHas the motivation to take independent responsibility and be a productive team member,\naccompanying a strong programming and analytical background.\n\n\nTECHNICAL SKILLS:\n\n\nPROFESSIONAL EXPERIENCE:\n\nSYSINTELLIINC, SANDIEGO, CA.\t\t\t\t\nFEBURARY 2016 – TILL DATE\nFULL STACK JAVA DEVELOPER\t\t\t\nMEDINTELLI Product is certified electronic health records for ambulatory practices. Medintelli Electronic Health Record (EHR) solution makes it easy transition from paper to electronic health records. We provide a complete Electronic Medical Records (EMR) solution that is easy to use with fully integrated Medical Practice Management and patient portal solution. Through the patient portal, patients can securely access their medical records, view test results, pay bills, and schedule appointments from anywhere, at any time via the Internet and create a HIPAA-compliant paperless environment.\nPatient Health Records (PHR): Manages patients in this module. The patients have full access to their records from this portal. They can schedule/cancel an appointment, view lab records, alerts, medication, prescriptions from this module.\nFront desk portal: The front desk portal manages different modules. In this module, they can schedule an appointment; check the validation of insurance billing.\nDoctor portal: The portal is integrated with different modules. The doctor can have the electronic medical records with HIPPA compliance. Doctor can get alert on history, allergies and complication of a patient. From this portal, a secure direct access is provided to transcription portal.\nGrouping and Matching: With this you can maintain groups. This in turn eases the ability to match the regulations setup by HIPPA. You can create searchable groups and categorize applicants based on your requirements.\nSmart Communication: Since communication is a key aspect of healthcare process, this system gives you the flexibility of communicating via email, phone, and fax. This piece is tightly integrated with the software and can be invoked and used from very minor use to critical pieces. You can set reminders, send group messages, can send smart responses etc. We have tight integration with PDAs and Smart phones/ devices and give you the flexibility to manage communication with these devices anytime/anywhere. \nCompliance & Reporting: You have lots of built in report types that can tell you everything you want to know about your patients, Customers and job order. You also can generate custom reports for any specific purposes. Compliance reports dramatically reduce time spent gathering regulatory information for government and other reporting requirements. \nOther System Integration: Integration to other systems is very important to any new software system. With this we can integrate our system to variety of systems like Lab integrations, Electronic prescriptions\n\nResponsibilities\nInvolved in SDLC Requirements gathering, Analysis, Design, Development and Testing of application using Agile Model.\n  Actively Involved in designing the outline of project, understanding of business necessities and interacted with other team members to understand the requirements for the project.\nBuild Microservices For Delivery of software product across the Enterprise.\nImplemented J2EE standards, MVC architecture using Spring(MVC)Framework and combined with ORM(Hibernate) framework.\nDeveloped application modules using Spring MVC, Spring Annotations, Spring Beans, Dependency Injection, with database interface using Hibernate. \nInvolved in the design and development of Batch Jobs using Spring Batch Architecture. Used Multithreading to enable multiple operations to be performed simultaneously.\nTested Rest APIs in Spring-Controller at backend for JSON data using Postman.\nInvolved in developing code to convert a SOAP response in to a JSON object and construct a tree in UI. \nUsed java concepts like Collections, Generics, Exception handling, Concurrency to develop business logic \nUsed Java Multithreaded programming to develop multithreaded modules and applications.\nExperience in Spring Security and Spring MVC frameworks, and Hibernate ORM framework.\nUsed Spring BOOT to create stand-alone spring applications.\nUsed Spring Inversion of Control, to make application easy to test and integrate.\nUsed DAO classes with Spring Controllers.\n  Developed LDAP server configuration file to enable encryption support for password storage.\nDeveloped GUI using Adobe Flex, Exaltation Script and CSS.\n  Used servlets as front controllers, jQuery, AngularJS, JSP, HTML and CSS on front end and JavaScript, jQuery for client-side validations. \n  Created proof-of-concept using responsive web design, Node.js, React JS, HTML5 and CSS3.\n  Used popular Node.js frameworks like Express and Restify to mock a Restful API.\nUtilized Spring Annotations and XML Configuration for Dependency Injection.\nWrote Rest-Controller w.r.t RESTful standards in Spring MVC to connect model with       view.\nImplemented web services for communicating using SOAP.\nExperience in Migrating the WebLogic/Jboss servers from Development to Stage and Stage to Production. \nKnowledge of Jboss Messaging Persistence Manager. \nUsed GIT to maintain and modify the code and configurations related to Jboss. Used Bamboo linked with GIT repositories. \nTrimmed the Jboss EAP to create the slim version of Application Server and secured the Jboss application server. \nProvided connections using spring with Hibernate to the database and developed SQL queries to manipulate the data.\nUsed Spring DAO concept to interact with oracle database using Hibernate Template.\nDeveloped and consumed asynchronous messaging using Java Message Service (JMS) for FTP between multiple applications as per the business life cycle.\n  Used Maven and Gradle to build the project and JUnit to develop unit test cases\n  Expertise in using JUNIT for Unit testing, Log4J for logging and debugging purposes, warning info on the server console and Version controller SVN to maintain code versions and documentation.\nUsed Web Logic Application Developer for building, testing and deploying application locally.\n As part of the automation process used Selenium features like taking screenshots, Actions, handling frames, scrolling, alerts etc.\nResponsible in identifying defects in application using JProbe and Load Testing using JMeter.\nJProfiler to profile the application before we release and for monitoring purpose.\nInteracted with testing team to fix defects.\nInvolved in bug fixes, enhancements and code refactoring.\nHands on experience in EC2, VPC, Subnets, Routing tables, Internet gateways, IAM, Route53, VPC peering, S3, ELB, RDS, Security Groups, Cloud Watch, SNS on AWS. \nManaged servers on the Amazon Web Services AWS platform instances using Chef Configuration management\nProvided user Access Management for right user from Identity Access Management(IAM).\nInstalling, Configuration and administering Jenkins with continuous Integration tool on LINUX machines along with adding/updating plug-in such as SVN, GIT, Maven along on deploying artifacts using XL Deploy, Amazon. \nFor Project Pipelines/workflows system used Jenkins as CI Tool.\n\n\nEnvironment:  Java, J2EE, JSP, HTML, CSS, AJAX, JavaScript, jQuery, AngularJs, Node JS Web Logic Application Server, Spring batch, Spring security, Spring IOC, Spring Boot, Spring Framework 4.2, JSON, Ruby, Jboss, Hibernate 5.x, LDAP, XML, Oracle 10g/11g/12c, Action Script3.0, NodeJS, Jenkins, IAM, MXML, JSP, HTML, Log4j, Maven, Jenkins, AWS, Docker, SVN, GitHub, JProfiler, SOAP, Soap-UI 4.6.\n\n\n\nDIXONS CAREPHONE PLC, DUBLIN, IRELAND              \nAPRIL 2013-2015 DECEMBER\nMid-Level Java/J2EE Developer\n\nDixons Carphone Warehouse is a leading Business-to-business(B2B) services channeling through Connected World Services, CurrysPCWorld Business and Carphone Warehouse Business. Our role is to provide payroll, human resources and benefits outsourcing solutions. The objective of the project is to develop a payroll application which supports independent contractors and Industry taxes, and supports some of the US territories.\n\nResponsibilities:\n\n    Designed and developed web-based software using Spring MVC Framework and Spring Web Flow.\nParticipated in Agile (Scrum) methodology to ensure delivery of high quality work.\nMaintained the spring configuration files in web.xml. \nDeveloped Session Beans for the Business logic.\nInvolved in building the microservices in java Ecosystem including on self -Container and container less and in-container for the Edition of build of the application\nModified the Spring Controllers and Services classes to support the introduction of Spring framework.\nUsed Core Java concepts such as Multithreading, Exception Handling, Collections to implement various features and enhancements.\nExperience in front-end development using JSP, JSTL, Servlet, JavaScript, HTML5, XML, Bootstrap, Ajax and CSS3. \nDeveloped user interface by using AJAX, JavaScript, CSS, JSP and HTML.\nDeveloped modules to interact with other enterprise applications using Web services, SOAP and RESTFUL Web Services.\nDeveloped several SOAPS based JAX-WS Web Service interfaces for integrating multiple systems, code re-usability. \nHeavily used SOAP UI Pro version for testing the Web Services. \nHandled Memory issues, application leak or WebLogic/Jboss leak or sun java bug by tuning and profiling the memory with third party tools.\nTroubleshooting the issues that arise during production. \nInvolved in support for production environment and WebLogic/Jboss server hanging and server crash Issues. \nInvolved in tuning the heap size parameters and JVM's Garbage collector for WebLogic/Jboss.\nReviewed, analyzed and identify the recommendations relating to the Oracle ATG E-commerce Architecture and Design. \nImplemented user stories related to a migration of initial and delta data from existing ecommerce solution to ATG.\nWorked on Oracle ATG and Commerce reference applications (Merchandising, Personalization, B2C and B2B). \nCustomized solutions within ATG business control center and ATG commerce service center.  Worked closely with test team on ATG specific defects.  Worked closely with other ATG Service providers or implementers to meet the deadlines. \nWorked on Oracle ATG CSC customizations, configured and set up Oracle ATG with custom catalogs.\nExperience in Building Web Service Contracts in SOA Service Manager.\nWorked on generating the web service classes by using WSDL, UDDI, SOAP, Spring-WS.\nDeveloping dynamic responsive Web Application by integrating Angular JS with Bootstrap which is further integrated with Web Services.\nPerformed Angular JS Form Validation and Angular JS Form properties with ng-show and created a custom validation directive for comparing two input values\nUsing Bootstrap, CSS3 and media queries to create rich UI mobile and desktop Modules.\nWorked on stored procedures, triggers and cursors, PL/SQL and SQL queries in Oracle 10g.\nCreated SQL queries for data manipulation using JDBC.\nExtensively used Spring JDBC in data access layer to access and update\nUsed STS standard/plugin features for editing, debugging, compiling, formatting, build automation and version control (Tortoise SVN).\nDeveloped application architecture and customized framework using Spring, JSF and iBATIS.\nInstalled/Configured/Managed Jenkins CI Automation.\nUsed Jenkins for Continuous Integration process and entire application is developed and deployed on Tomcat server.\nWorked with Terraform to create AWS components like EC2, IAM, VPC, ELB, Security groups.\nPerformed integration testing using Selenium Web driver.\nDeveloped MAVEN scripts for compiling and deployment used Jenkins as Automation tool to move from one environment to another environment. \nJIRA is used as ticket tracking, change management and Agile/SCRUM tool.\nBuild the application using Test Driven Development (TDD) approach.\nWorked closely with QA team in resolving bugs, both in production release and current development version in resolving the defects.\nDeveloped test cases through Test Driven Development(TDD) approach.\nWriting unit tests using Jasmine with Karma.\nComposed and executed Mongo DB scripts to insert and update NoSQL database, automating data changes and reporting.\nAutomate infrastructure in AWS utilizing amazon web services AWS. Deploy puppet to completely provision and manage AWS EC2 instances, volumes, DNS, and S3. \nImplementing the Singleton Design Pattern for the entire creation of objects.\n\nEnvironment:Java, J2EE, JSP, JSTL, Servlets, JavaScript, HTML5, CSS3,  XML, Bootstrap, Ajax, Java Beans,AWS,Jboss,JDBC, iBatis 2.2,Spring 4.0, SOAP, SOAP UI, Web services,LDAP,ATG 9.1/10.2/11, WSDL, PL/SQL, Oracle 12C, STS, SVN, Maven, IntelliJ IDE, Jenkins, Selenium, JIRA, Apache Tomcat, JBOSS,TDD, Jasmine and Karma. \n\n\n\n\n\nGUIDEWIRE SOFTWARE, DUBLIN, IRELAND                                        \nDECEMBER 2011-APRIL 2013\nMID – Level Java/J2EE Developer\nGuidewire Software Focus on many services the section of job role was funds or credits to individuals with independent business requirements. Applicants get their loans sanctioned based on their credit history. The candidate data is kept up in a database along with the details of the loan for repayment. This data is filtered into different categories based on parameters like type of account, loan amount, due date. The filtered data is used for statistics and generating reports\n\nResponsibilities: \nUsed AGILE SDLC methodology with scrum as a framework for requirement gathering, Analysis, Design, Development, Testing the application while upgrading the project.\nActively Involved in designing the outline of project, understanding of business necessities and interacted with other team members to understand the requirements for the project.\nImplemented J2EE standards, MVC architecture using Spring(MVC)Framework and combined with ORM(Hibernate) framework.\nDeveloped application modules using Spring MVC, Spring Annotations, Spring Beans, Dependency Injection, with database interface using Hibernate. \nInvolved in the design and development of Batch Jobs using Spring Batch Architecture.\nDeveloped ATG repositories using ATG object relational mapping framework which involved coding repository XMLs, mapping Oracle tables to Java Beans.\nUsed core Java concepts like multithread for environment to run the processes asynchronously using different future calls to access the data\nUsed Multithreading to enable multiple operations to be performed simultaneously.\nExperienced with Java Multithreaded programming to develop multithreaded modules and applications.\nExperience in Spring Security and Spring MVC frameworks, and Hibernate ORM framework.\nDeveloped DAO's, java objects and used Hibernate as part of persistence layer.\nGood knowledge on Service Oriented Architecture (SOA), XML based protocols like WSDL and SOAP and implemented both SOAP and REST web services\nUsed Angular JS and jQuery library functions for the logical implementation part at client side for all the application.  \nDesigned and implemented Java engine and API to perform direct calls from front-end JavaScript, Node.JS, AngularJS to server-side Java methods.\nSetting up AngularJS framework for UI development. Used Bootstrap library to quickly build project UI's and used AngularJS framework to associate HTML elements to models.\nUsed spring framework to inject the DAO and Bean objects and auto wiring the components. \nDeployed Spring Boot based micro services and Docker container in internal cloud server. \nExperienced with solid understanding of Micro Services. \nCreated and consumed Microservices based on Web API.\nHTTP request from JSP and HTML pages controlling with that of Servlets.\nImplemented Object-relation mapping in the persistence layer using Hibernate frame work in conjunction with spring functionality.\nWorked on development of Hibernate to interact with the database including mapping files, configuration file and classes.\nGenerated POJO classes to map with the tables in the database using the Hibernate integration.\nImplemented Spring Security for user authentication using Identity Access Management.\nDeveloped LDAP server configuration file to enable encryption support for password storage.\nDeveloped filters for user authentication and user authorization by using Servlets API.\nDeveloped Web Services for data transfer from client to server and vice versa using Apache Axis, SOAP, WSDL and UDDI.\nImplemented SOAP Web service using JAX-WS for retrieving financial information of policyholder and implemented web services concepts such as WS-Security using SSL, Handler such as SOAP.\nInvolved in developing RESTful Web Services with JAX-RS to provide functionality for future development.\nDeveloped and consumed asynchronous messaging using Java Message Service (JMS) for FTP between multiple applications as per the business life cycle.\nUsed Java Messaging Services (JMS) for reliable and asynchronous exchange of important information.\nEstablished connections with other applications by using Rabbit MQ and JMS to send messages from one application to other application internally.\nWorking experience with Rabbit MQ by connecting to the topic then fetching the messages and parsing the messages using multi-threading.\nWrote SQL Queries to interact with SQL Server Database.\nUsed SQL, HQL Queries in Java code to do CRUD operations depending upon the business necessity.\nWriting Unix Shell Scripts to run batch jobs, Automated processes, and to automate routine systems administration tasks.\nDeveloped PL/SQL Procedures & UNIX Scripts for Automation and running files in batch mode.\nWorked on stored procedures, triggers and cursors, PL/SQL queries in Oracle 11g.\nExcellent in deploying the applications in AWS as EC2 instances and created snapshots for the data that had to be stored in AWS S3.\nInstalled the application on AWS EC2 instances and configured the storage on S3 buckets.\nUsed Maven and Gradle to build the project and JUnit to develop unit test cases\nExpertise in using JUNIT for Unit testing, Log4J for logging and debugging purposes and Version controller SVN to maintain code versions and documentation. \nGood knowledge on UNIX commands, used to see the log files on the production server. \nUsed Putty to connect to the Unix Environment Servers and written the UNIX Shell Scripting for accessing the Server. \nAs part of the automation process used Selenium features like taking screenshots, Actions, handling frames, scrolling, alerts etc.\nWork on Auto scaling, Cloud watch (monitoring), AWS Elastic Beanstalk (app \n            deployments), Amazon S3 (storage) and Amazon EBS (persistent disk storage).\nUtilized Cloud watch to monitor resources such as EC2, CPU memory, Amazon to design high availability applications on AWS across availability zones\nResponsible in identifying defects in application using JProbe and Load Testing using JMeter.\nJProfiler to profile the application before we release and for monitoring purpose.\nDeployed the complete Web applications in WebSphere application Server.\nUsed Test-Driven Development methodology (TDD) to grow software capability and refractor into well-designed maintainable software.\nEnvironment: Core Java, J2EE, JSP, HTML, CSS, AJAX, JavaScript, jQuery, AngularJs, Node JS, Spring 3.1, Spring batch, Spring security, Spring IOC, Spring Boot, Web services, Micro services, ATG 9.1, Hibernate 4.1, AWS, LDAP, XML, XSD, XSL, XSLT, WebSphere 8.5, Eclipse, SQL, HQL, Dom4j, Unix, SVN, Maven, Gradle, SOAP, Soap-UI 4.6, Pl/SQL, Oracle 11g, UNIX Shell Scripting, Putty, JUnit, Log4J, JMeter, JProfiler.\n\n\nCULLIGENCE, BENGALURU, INDIA \t\t\t\t\nAPRIL 2009-AUGUST 2011\nJava Developer\nOnline billing system (OBS) project provides enhancements to existing online billing application. OBS is a system, which basically provides many online features like displaying current bill, showing balance, due dates, history information and other stuff. OBS displays bills to customer in selected formats like pdf and html formats up to last 12 months and can download. OBS also contains provision to collect payment information, online order processing and payment processing.\n\nResponsibilities:\nAssisted in designing and programming for the system, which includes development of Process Flow Diagram, Entity Relationship Diagram, Data Flow Diagram and Database Design.\nInvolved in Transactions, login and Reporting modules, and customized report generation using Controllers, Testing and debugging the whole project for proper functionality and documenting modules developed.\nDesigned front-end components using JSF 1.2.\nInvolved in developing Java API, which communicates with the Enterprise Java Beans 2.0.\nImplemented MVC architecture using JSF and JSTL 1.2 tag libraries.\nInvolved in development of classes and writing Hibernate query language (HQL) queries.\nImplemented MVC architecture and DAO design pattern for maximum abstraction of the application and code reusability. \nWorked on Tomcat server configurations set up, data sources, and queues set up and deploying the application.\nCreated Stored Procedures using SQL/PL-SQL for data modification.\nUsed XML 1.0, XSL for Data presentation, Report generation and customer feedback documents.\nUsed Java Beans to automate the generation of Dynamic Reports and for customer transactions.\nImplemented Logging framework using Log4J.\nInvolved in code review and documentation review of technical artifacts.\n\n\nEnvironment: J2EE/Java, JSP 2.0, Servlets 2.5, JSF 1.2, Struts 2.0, Hibernate 3.0, JSTL 1.2, EJB 2.0, XML 1.0, XSL, HTML, JavaScript 1.5, JDBC 3.1, Log4J, Oracle8i, Apache Tomcat, Eclipse, Windows. \n \n\n\n\n\n\n\n\nPUBLISHED ARTICLES\n\nElastic Stream Computing: A Load Balance and Optimal Performance Approach.\n-Published ACM Transactions on Graphics, Publication Date 2012. \nMeasuring the Network Performance and Examine the Behavior of Software Defined Networking Using Open Flow. \n-Published IEEE Digital Library, Publication Date 2013.\n\n\nEDUCATIONAL DOCUMENTS\n\nMASTERS IN COMPUTER SCIENCE.\nMARSHALL UNIVERISTY, HUNTINGTON, WEST VIRGINA.\t      \nJAN 2016-MAY 2017.\n\nMASTERS IN MOBILE AND UBQUTIOUS COMPUTING,\nTRINITY COLLEGE DIUBLIN, DUBLIN-02, IRELAND.\t      \t        \nOCT 2011-DEC 2012.\n\nBACHELORS OF ENGINERRING IN ELECTRONICS AND COMPUTERS,\nKONERU LAKSHMAIAH UNIVERISTY, ANDHRA PRADESH, INDIA.      \nSEP 2006 -APRIL2010.\n\n\n\n\n",
    "extracted_skills": [
        "agile",
        "angular",
        "aws",
        "azure",
        "communication",
        "css",
        "docker",
        "ec2",
        "git",
        "html",
        "java",
        "javascript",
        "jenkins",
        "jira",
        "kubernetes",
        "mongodb",
        "node.js",
        "oracle",
        "r",
        "rds",
        "react",
        "ruby",
        "s3",
        "scrum",
        "sql",
        "terraform"
    ]
}