{
    "id": "resume_ccae8201-59fb-4a87-a96c-09772b1580a9",
    "metadata": {
        "filename": "Ashok Jayakumar - PM.docx",
        "processed_date": "2025-09-24T08:45:39.102301+00:00"
    },
    "raw_text": "       Ashok Jayakumar                           \nPhone No: 734-259-2421 EXT 104\t\t\t\t\t\t\t\t       \nVenkat@infoservicesllc.com\n\n\nCAREER SUMMARY\nManagement and maintenance of banking and automotive supply chain based applications for 12 years spanning the roles of a Developer, Module Lead, Onsite Coordinator, Subject Matter Expert, Business Analyst, Project Manager and Scrum Master.\nExecute projects using both Waterfall and Agile methodology.\nCreate Business Cases, Request for Proposals and Statement of Work on new projects.\nEstablish Service Management procedures between client and vendors.\nCreate WBS and project plans with inputs from the team.\nDetermine standards, processes and procedures to execute the project.\nEffective and Efficient communication with identified stakeholders.\nDirect the Sarbanes-Oxley compliance of changes deployed to production.\nOversee quality of deliverables and ensure they meet defined standards.\nConduct audits on changes and relevant documentation and track action items to closure.\nManage team, remove roadblocks and perform appraisals on individual performance.\nSolution driver who bridges the gap between business and technology with expertise in managing complex business requirements.\nGuide offshore teams and onsite teams in planning and execution of projects.\nMonitor problem areas and devise improvement plans to help business and IT function better.\nManage business and technology needs with realistic project commitment and also generate cost-effective solutions within the allocated budget.\nChair, own and steer defects triage meetings.\nDocument business functions as Application Information Documents to be used as reference by the entire team and as a value add to existing client documentation.\nImplement standardized project management methodologies, cost controls, and best practices.\nManage daily operations, prioritize work and develop creative solutions to broad issues.\nLead initiatives on continuous improvement activities thus reducing year on year cost to clients.\nCreate Proof of Concept to understand requirements of clients and taking it for development.\nCommunicate with the upper management team for obtaining people, resources, share project status and address areas of concern.\nSuggest optimal solutions to business problems making use of the right tools.\nReview and suggest designs for User Interfaces on IT applications.\nDesigned and developed a lockbox reporting solution independently.\nTranslate business rules into corresponding IT system rules without any gaps.\nProtect team from external disturbances and highlight team’s achievements.\nGather data, analyze and present cases to clients for starting new projects.\nLead meetings and take action items to completion.\nCreate monthly vehicle reports for NHTSA.\n\n\n\nEDUCATION\nBachelor of Engineering in Computer Science and Engineering from Anna University, Chennai, India.\n\nIT SKILLS\nDesign and Planning\t\tMS Project and Visio\nLanguages: \t\t\tCOBOL, SQL, REXX, IMS DC/DB, CICS, JCL, HTML, XML, Java, Java Script\nDatabases: \t\t\tDB2, MS-Access, IMS DB\nOperating System: \t\tWindows, Linux, MVS/OS390 \nOther Software/Tools:\t\tHP ITSM, SharePoint, BMC Remedy, Changeman, Endevor, Panvalet,  IMS utilities, IBM utilities, BMC Utilities, File-aid, VSAM, SPUFI, MQ Utilities, ISPF, Expeditor, RPC, Elixir, DTCN, Clear Case, Clear Quest, SVN, Systemware.\n\nPROFESSIONAL EXPERIENCE\nMazda North American Operations, CA, USA\t\t\t\t\tJun 2015 – till date\nProject Manager/Analyst for Marketing and Sales Operations Projects\nInitiate and plan implementation of projects. Interact with the business unit for specifications and translate them into application specifications. Study current applications, document and communicate the required information to offshore team for development. Clear hindrances and coordinate with multiple teams for project execution. Demonstrate application usage to business users and improve functions based on their feedback. Provide support for critical issues to ensure smooth functioning of business processes. Report on project performance on a weekly basis and be a liaison between clients and project team. Identify areas of improvement and propose projects to enhance system efficiency.\nLed and implemented a new critical Brand Experience Program in multiple phases that qualifies millions of dollars in dealer payout based on a defined set of elements and business rules.\nProvide visual concepts and system behavior.\nPerform the role of a Scrum Master for projects executed using Agile methodologies.\nManaged a project for Windows 10 compatibility of applications.\nPlanned and executed projects for modernization of legacy systems.\nCreate business cases and SOWs for new projects.\nChair status meetings with offshore and clients.\nEffectively manage requirement changes by negotiating with clients on when to accommodate the changes without disrupting normal behavior.\nWork with business unit to resolve dealer payment issues, avoid litigations and to maintain dealer satisfaction.\nBuild and maintain strong client relationship and ensure overall customer delight.\nIdentify gaps in business processes and suggest projects to enhance business operations.\nManage a tablet based web application that is used for pitching sales of vehicles at dealerships.\nCoordinate with application teams to adapt internal dealer applications on mobile devices.\nManaging and mentoring team with members in multiple remote locations.\nConducted technical audits and project health check reviews.\nGained two new projects based on the success of the Brand Experience Program.\nMonitoring the effectiveness of incident and request management and making recommendations for improvement.\nSuggested User Interface behaviors that became the standard for all application migrations.\nManaged changes effectively by suggesting alternate solutions thus protecting project baselines.\nGained expertise on managing the project and application that enabled team cooperation and recognition from other project managers\nObtained appreciations from client on team performance thus increasing their chances of rewards from the organization.\nCoordinated with various third party DMS vendors such as CDK, R&R, Dealertrack and Arkona in building integrations between DMS systems and native applications.\nConducted project closure meetings to get feedback, lessons learnt and improvement opportunities.\nScrum Master for a geographically distributed team.\nTechnology - Web Services, XML, Java, Java Script, HTML, Stored Procedures, Mainframes, .Net\n\nMercedes-Benz, NJ, USA\t\t\t\t\t\t\tOct 2013 – Jun 2015\nProject Lead for Dealer Claims, Warranty Systems and Overall Dealer Website Projects\nManage the support team and work towards solving reported issues within defined Service Level Agreements. Define workloads and deliverables, mentor team and conduct performance reviews. Plan for bimonthly release of ranked enhancements based on priority and team’s bandwidth. Advice team on providing value added services besides regular work to bring in customer delight and goodwill. Prepare project health status reports and meet with clients every week for review.\nProposed for a new project to convert an excel sheet based application into an online application and managed the successful implementation of the project. This helped the business user community to manage all issues related to any vehicle in a systematic way.\nInitiated the nightly batch cycle time optimization exercise and achieved a 15% reduction of the total cycle time. Earned appreciations from the client for improving the cycle time.\nParticipated in new project proposals showcasing domain knowledge and capability of the organization to execute the projects efficiently.\nRevised project plan to accommodate new scope of work and also restructured the offshore team to align with the new plan.\nAutomated a manual process that created dealer comparison reports with the help of a series of backend jobs achieving a total effort reduction of 2 days per report.\nLed a dealer warranty scorecard facelift project to modernize the screen that increased website hits by 36%.\nWorked with the Scrum Master of a new development project to maintain the Scrum artifacts.\nMaintained and published trackers on progress of all projects every week to client management.\nConducted periodic audits on source changes to track if the changes are relevant to the projects.\nMaintained multiple development environments shared by multiple teams. Recorded and reported the availability of each environment every week.\nPerformed the first round of User Acceptance Testing before delivery to the clients. Demonstrated application functions to clients for sign-off and deployment to production.\nDrive calls with offshore team on Incident Management, ageing and backlog tickets.\nMonitor system for any improvement opportunities and suggest solutions.\nTechnology - Java, Java Script, Mainframes, Remote Procedure Calls\n\nToyota Motor Sales, CA, USA\t\t\t\t\t\t\tFeb 2009 – Sep 2013\nProject Lead for multiple Vehicle Supply Chain Applications\nLead the enhancements and support of the logistics portfolio of applications. Perform internal IT audits for Sarbanes-Oxley compliance check of all work done by the team. Analyze areas of improvements and start initiatives to implement them. Develop work breakdown structures and implementation schedules.\nProposed and materialized a project to automate user access to different applications.\nDesigned and implemented a new version of sales reports to be displayed on mobile devices with a one-page layout.\nConvinced the incumbent vendor to integrate new applications with the existing user access system instead of creating a new one.\nAchieved 50% system efficiency by redesigning an events recycling system.\nCoordinated with external vendor teams to perform a disaster recovery exercise in 3 hours on a cycle that takes about 1 day.\nProvided business analysis on a logistics application system that helped senior management to bid for a new logistics portfolio.\nEstablished the end to end process for incident management and enhancements to be followed by all projects in the engagement.\nMaintained sales reports used by the Office of the Chief Information Officer.\nDesigned a new sales report that lists sales data of each vehicle series on the company intranet.\nCreated interfaces with Next Generation Telematics system to pass vehicle related information.\nTracked enhancements and bug fixes using IBM ClearQuest tool.\nPerformed internal audits on mandatory documentation required for each request for change. Followed-up on audit action items and track them to closure.\nCreated User Acceptance test cases, reviewed results with offshore team and followed-up with Business User Group for sign-off.\nMaintained the SOX tool that controls the user access thus maintaining data security.\nConducted weekly meetings on incident ageing and discuss solutions to address them without causing a breach in SLA.\nSME for a variety of applications in the Vehicle Supply Chain and also acted as the backup in the absence of a lead for other applications.\nGained confidence with the logistics business unit as an expert so much that my solutions were taken as the final solutions without any arguments.\nTechnology - Web Services, XML, Java, Java Script, HTML, Mainframes\n\nThe Bank of New York Mellon, Offshore Dev Team, India\t\t\tJun 2005 – Feb 2009\nDeveloper/Module Lead/Business Analyst for Reporting and Liquidity Management Systems Projects\nDesign and develop financial service systems based on given specifications. Lead the Balance Reporting module managing a two-member team on development projects. Conduct and drive appraisal meetings, defect management meetings, configuration control meetings and knowledge management meetings. \nDeveloped a new Lockbox reporting system that calculates and reports activities on all of the bank’s lockboxes within 3 months.\nHeaded a project that rebranded the entire system after the merger of Mellon Financial Corporation and The Bank of New York.\nConducted a system study on effort spent by the team on assigned tasks that helped to change the Statement of Work from a fixed price project to a time and material project.\nManaged the transition of the account by conducting sessions and creating documents for an external vendor without any interruptions in daily support activities.\nEducate new team members regarding tools of the trade.\nBusiness Analyst for a new balance reporting system to work in an efficient way since the existing system was causing performance issues. The response time was reduced by half as a result of this project.\nTechnology - Web Services, XML, Java, Java Script, HTML, Mainframes.\n",
    "extracted_skills": [
        "agile",
        "communication",
        "html",
        "java",
        "mentoring",
        "project management",
        "r",
        "scrum",
        "sql"
    ]
}