{
    "id": "resume_668d7a9c-d0d4-4a90-9061-f742c4d1acac",
    "metadata": {
        "filename": "Business Analyst_GHyma.docx",
        "processed_date": "2025-09-24T08:45:40.216909+00:00"
    },
    "raw_text": "Hyma Gumpu\n   danny@stackitprofessionals.com\nContact No: 970-294-9622\nProfile Summary\n\nAn astute, detail-oriented Business Analyst with 7 years of consulting experience including Healthcare (Medicare, Medicaid and Medical), Insurance and Loan Processing.  Experienced in testing implemented systems and system changes, including liaising with QA teams to develop test cases, test plans, test scenarios, generating test data, and conducting manual testing (regression, end-to-end, functional). \nProficient in creating User Acceptance Test (UAT) Plans and implementing and coordinating UAT. Experienced running scripts to check web user interface and Portals for Broken Links, Frame Properties, Table Properties, URL links, Images, Text and has prepared Test Metrics to test execution status and results. \nDemonstrated expertise with Medicare and Medicaid, including Claims, Adjudication and Billing. Extensive experience with HIPAA regulations, and EDI standards (X12 and HL7). I have got experience developing process maps, and AS-IS and TO-BE process conceptualization and improvements. Proficient in Writing complex SQL queries. \nAs a Scrum Master worked with the Product Owner on Backlog refinement for inclusion of user stories (to the Sprint backlog) for future sprints.\nReviewed Policy Centre user story requirements with development & QA and provide on-going support.  \nConducted demos and user-stories acceptance meetings with business for sign-off/acceptance.\nTrained and advised scrum team members on Agile SCRUM practices to collaborate, as early as requirements to enable parallel development & QA planning\nKnowledge on Facets. Facets was highly efficient, automated, customizable, and flexible, to help tackle new business opportunities and compete successfully in a dynamic healthcare industry.\nExperience capturing requirements for Explanations of Benefits (EOB). Translating requirements to the development team. \nRan Daily scrum meetings to track team progress using the Kanban board, Burn-down chart in JIRA to maintain work visibility, track team velocity and report progress to program level on a continual basis.\nWorked to identify &facilitate resolution of blockers/impediments escalated during Daily scrum\nExtensively involved in the modeling and implementation of Reporting Data Warehousing System\nExperience in designing and developing project document templates based on SDLC methodologies including RUP, RAD, Waterfall, Scrum and Agile\nStrong experience in conducting UAT and documentation of Test Cases. Expertise in designing and developing Test Plans and Test Scripts.\nExcellent business writing skills in writing Preliminary Investigation Report, System Requirements document, Systems Design Specification and System Requirement Change Request.\nGood Knowledge of ICD-9 codes and CPT codes for both Mental and Medical Health.\nExcellent knowledge of HIPAA transaction codes such as 270/271 (inquire/response healthcare benefits), 470 (benefit codes), 276/277 (claim status), 834 (benefit enrolment), 835 (payment or remittance advice) and 837 (health care claim).\nDeveloped data transformation & data translation rules as part of mapping task from (PC to ESB integration).\nImplemented approved enhancement requests from Sprint backlog.\nWorked with system architects to validate future state data system design to support business requirements.  \nAuthored Policy Center user stories for new functionality & update existing ones based on approved changes.\nPerformed GAP analysis, identify use cases and create UI mockups on required Policy Center functionality.\nWorked closely with the Enterprise Data Warehouse team and Business Intelligence Architecture team to understand repository objects that support the business requirement and process\nFACETS experience, knowledge of ICD-10- CM, ICD-10- PCS, HIPAA 4010/5010 initiatives and regulatory compliance framework.\nWorked on Master Data Management (MDM) for maintaining the customer information and for the ETL rules to be applied. Worked on SQL tables and objects. \nWorked on Wireframe, Visio Tools to present the requirements in a pictorial representation of the requirements to client as well as the development team.  \nKnowledge in the ETL (Extract, Transform and Load) of data into a data warehouse/date mart and Business Intelligence (BI) tools like Business Objects Modules (Reporter, Supervisor, Designer, and Web Intelligence).\nExtensive risk management experience conducting fraud and risk investigations for financial institutions and payment processing organizations\n Worked closely with the Enterprise Data Warehouse team and Business Intelligence Architecture team to understand repository objects that support the business requirement and process\nHighly motivated team player with excellent Interpersonal and Customer Relational Skills, Proven Communication, Organizational, Analytical, Presentation Skills, problem solving, negotiation, judgment and decision-making skills.\n\nTechnical and Business Skills\n\n\n\nProfessional Experience\n\nCompany: Assurant Health, New York, NY\t\t\t\t\t\nPosition: Sr. Business Analyst/Scrum Master\t\t\t\t\t\t\t      Jan 2016 –Present             \n\nObjective of the project was to develop Medicaid Management Information System following HIPAA standards. The web-based Health Care Management System is developed using HIPAA guidelines and regulations which keeps track of Healthcare transactions like Eligibility Request/ Response, Request and Response for Claims Status, Prior Authorization, Claims Vision and Claims Payment. This application also keeps record of all transactions, subscriber's medical history and provides data to other State agencies as required.\n\n    Responsibilities\nPerformed as an active liaison between stake holders; system users, clients and project management. \nAbility to interact with customers, sales team, top management, developers and product analysts, testing team regarding project status, testing status and defect tracking.\nResponsible to perform detailed analysis within time constraints to transform business needs to high end business requirement and functional specification documentations and strict adherence to template while documentation was required.\nManaged onshore and offshore Architects and Scrum teams as Delivery Lead for solution deliverables.\nLink the different technical and non-technical perspectives of users from varying domains such as the business users and developer’s environment.\nDiagrammatic representations after intense analyzing and deciphering of user-level requirements using; UML, CASE and ACTIVITY were created.\nLed projects to develop and enhance claims adjudication, eligibility, formulary, prior authorization and reporting applications internal user experience as well as expanding client product offerings\nDeveloped a comprehensive object-oriented data model for healthcare eligibility, claim and accounts for the entire product suite.\nRepresented team to attend daily scrum meeting and complete meeting reports to report to scrum master.\nVerifying Healthcare Eligibility, Claim, Benefit and Service using ANSI ASI X12 Standards.\nLiable to prepare TSD’s and workflow diagrams for AS-IS & TO-BE scenarios. Designed new process flows, documented business processes for varying set-up.\nAccountable for use case documentation, user interface design document considering from a business standard.\nRequired to interact with developers, QA to determine and report bugs and technical concerns.\nDefined Rendezvous point to create intense load on the server and thereby measure the server performance under load. \nInteract with Business Users & Application Developers during Integration testing\nExtensive experience in preparing test plans test metrics, test cases, test scripts and test data based on business and functional requirements. \nWide Exposure to automation tools such as Quick Test Professional, Test Director and Win runner.\nDesigned Load scripts using Load Runner to load test high traffic end user processes for performance and reliability. Reported results to development teams to resolve critical bottlenecks \n\nEnvironment: Quality Center, QTP, Load Runner, Java, JSP, JNLP, Web sphere, JDK, Unix, Oracle 9i, SMTP, Unix, Web Client, EJB\nCompany: Walgreens, IL\t\t\t\t\t\t\nPosition: Sr. Business Analyst/QA Analyst\t\t\t\t\t\t\t                   Nov 2013- July 2015\n\nWalgreens provides medical imaging and information technologies, medical diagnostics, patient monitoring systems, drug discovery, pharmaceutical manufacturing technologies and performance solutions services. The main objective of the project is to build web-based application which handles claim submissions, enrollment and disenrollment submitted by physicians and agents electronically.\nResponsibilities:\nActed as a liaison between clients and development departments and distinguished requests from needs.\nTransferred information from management into needed data.\nFound out defects which existed in the system, analyzed how the defects were originated, and cooperated with another department to fix them.\nSet up meetings with other departments, SMEs, or clients to solve problems and gathered requirements from meeting.\nTranslated business requirements into technical details.\nUsed SAP Business Objects to complete report generation based on corresponding issues of defects.\nWorked closely with project lead, technical team and business analysts to investigate data and logic within the database and reporting application.\nWorked in Healthcare HIPAA 4010 to 5010 migration and EDI transaction sets such as 835, 837, and 999.\nWrote and executed SQL queries to verify that data has been moved from transactional system to DSS, Data warehouse, data mart reporting system in accordance with requirements\nDesigns and develops the logical and physical data models to support the Data Marts and the Data Warehouse. \nUsed Quality Center to track defects’ status and update status as well.\nWorked closely with Informatica ETL team with the ability to understand mappings and ETL processes.\nPrepared BRD’s and test cases for each defect before defects moved to testing.\nTracked progress and compared it with planned progress.\nCoordinated with project manager on regular status updates and assists the overall project management initiative.\nWorked extensively with MS office suite for preparing status reports\n\nEnvironment: Windows, Unix, MS Office Suite, MS Visio, UML, SQL, MS SharePoint, JIRA, Agile/Scrum, Informatica, Cognos, Toad, J2EE, WebSphere.\n\nCompany: Amvik Solutions, Los Angeles, CA\t                                                                                                                                   \nPosition: Business Analyst                                                                                                                                                 Sept 2011 – Sept 2013\n\nAmvik is a company providing customers with benefits, expertise and service that improves the health, well-being and productivity. As a BA, I was involved in developing fully automated, real-time claims processing system for complete, on-line mediation of medical, dental, vision, and Short/long term disability claims. System allowed the efficient and timely management of all relevant data clinical, financial, and administrative throughout the organization enabling the sharing of information between subsystems.\n\nResponsibilities:\nMet with users to generate and review business use cases. Assessed the status of the organization to determine the scope of the validation process.\nPrepared requirements document for Commercial Auto, Inland Marine, Crime, Worker’s Compensation, Umbrella, Business Owners Policy, Commercial Output Policy, and Commercial Property Package.\nAlso, responsible for managing communication and expectations of system vendor, the former parent company IT and business departments, and Allied Worlds various business units (underwriting, claims, reinsurance, actuary, accounting, and IT)\nCreated the configuration document for custom setup for various user groups such as HR, marketing, R&D & sales, research analyst & investigators.\nCreated use cases to depict the interaction between the various actors and the system. Facilitated collection of \nTested HIPAA Gateway Application Interface for all inbound and outbound messages (Healthcare Eligibility 270 and 271, Healthcare Claim Status request 276 and 277, Healthcare Claim 837 and 835)\nInvolved in detailing project mission, Data Process Flow Diagrams and timelines. Defined business Use Cases and activity diagrams to represent different workflows and associations.\nWorked with the compliance group to make sure that the electronic data was CFR part 11 compliant.\nGathered requirements by using interviews, requirement workshops and brainstorming sessions.\nActed as a liaison between business staff and technical staff to articulate needs, issues and concerns as per GLP in LabWare LIMS & Pre-Clinical Phases (electronic laboratory notebook) & data migration issues.\nDesigned and developed project document templates based on SDLC methodology\nDocumented all aspects of the computer system validation lifecycle, in accordance with FDA regulation which includes validation plan and protocol, Installation Qualification (IQ), Operational Qualification (OQ) and specification performance. Worked in Healthcare HIPAA ICD 9-CM to ICD 10-CM rule set migration.\nResponsible for analyzing the current system and followed the development of a J2EE based application through various iterations of all phases of the Rational Unified Process (RUP).\nValidate test plans/scripts and perform final reviews of test results. \nUsed use case diagram during analysis to capture requirements. Conducted acceptance tests to verify that the validation effort was complete\nDeveloped strategies with Quality Assurance group to implement Test Cases in Mercury Test Director for stress testing and UAT (User Acceptance Testing). \nEnvironment:  Rational Rose, UML, Java, RUP, Windows XP, Rational RequisitePro, Microsoft Office tools, MS Project, SQL \n\n\nCompany: Biological.E.Ltd, IND\t\t\t\t\t\t\t                                                 \nPosition: Business Analyst                                                                                                                                                  June 2010 – July 2011\n\nThe company provides a variety of personal insurance products, including Auto insurance, Homeowners insurance, Marine Coverage’s, Personal liability insurance, and life policies (Life insurance).\n\nProject: Online Account Access system\n\nThe project was to develop a web-based application relating to a comprehensive online request for auto insurance and health insurance quote processing. The system runs on Mainframe and has a web-integrated front-end that provides free auto insurance quotes to individuals and for families. This project is a web-based application which allows the customers to pay the bills online, get an online quote, report a claim, view policy, view the claim status and verify the account balances etc.\n\nResponsibilities:\nElicited and gathered user and business requirements through open ended discussions, brainstorming and prototyping.\nUtilized Rational Unified Process (RUP) to configure and develop process, standards and procedures.\nDeveloped Business Requirement Document and Use Cases Specification/Document for various Use Cases.\nResponsible for converting the business requirements into functional and non-Functional requirements.\nConducted JAD sessions for communicating with the all Project directors and stakeholders and created process Workflows, Functional Specifications and project initiation artifacts. Created and managed project templates, use case templates, requirement types and tractability matrix in Requisite Pro.\nAs a Business Analyst worked on various process policy workflows ranging from Policy Issue/New Submission, Policy Change, Renewal, Cancellation, Reinstatement. Supported Underwriting& Premium Audit groups.\nCustom Code Design for integration to downstream ODS and Data Warehouse for BI needs. Identification of Data Domains for MDM such as Patient, Organization and Physician etc. Evaluation and selection of various MDM technologies and products in view of the client requirements. \nTroubleshooter test scripts, SQL queries, ETL jobs, data warehouse/data mart/data store models\nIdentified Use Cases from the requirements. Created Use Cases Diagrams, Activity Diagrams/State Chart Diagrams, and Sequence Diagrams, based on UML Methodology using Rational Rose and MS Visio.\nMonitor version control and defect tracking activities using Rational Clear Case and Rational Clear Quest.\nCreated Mock-up forms in HTML for better visualization and understanding of the software solution.\nAssisted quality assurance team in testing different releases and in designing test plans and test cases. Performed User Acceptance Testing (UAT).\nEnvironment: Windows, Oracle 9i, SQL, Microsoft Office suite, Rational Clear Quest, Rational Requisite Pro, DOORS, Test Director, MS Visio, Rational Unified Process (RUP), UML.\n\n",
    "extracted_skills": [
        "agile",
        "communication",
        "html",
        "java",
        "jira",
        "oracle",
        "problem solving",
        "project management",
        "r",
        "scrum",
        "sql"
    ]
}