{
    "id": "resume_d259714d-bae4-4d9c-ab94-8dbfd05e81a7",
    "metadata": {
        "filename": "Chandler_BA.docx",
        "processed_date": "2025-09-24T08:45:40.311647+00:00"
    },
    "raw_text": "Chandler Robert Durairaj Joshua\nBusiness Analyst \n\n6539 Vista Drive | Apt# 39201, West Des Moines, IA 50266 | 515-257-3838 | chandler.neel@gmail.com\n\nOverall 12 years of IT experience in Business Analysis, Project Management and Business Development.\nA Thorough Understanding of Software Development Life Cycle (SDLC). Hands on Experience in various SDLC Methodologies such as Waterfall, Agile, SCRUM and JAD.\nIn-Depth Knowledge and Experience in Web Applications, Web Design and Mobile Applications development life cycle.\nHands on Experience in managing the project End to End from Requirements Gathering to User Acceptance Testing.\nSolid Experience in Requirements Management including Gathering, Analyzing, Detailing and Tracking the Requirements. Skilled in Documenting Requirement using UML, User stories and Wireframes.\nConsistently delivered projects and releases on time by coordinating effectively with the stakeholders and development team.\nOutstanding experience in Creating Project Plan, Project Schedule, project cost.\nSound Experience in being a SCRUM Master.\nHandled Healthcare applications, Ecommerce applications, Android Apps and IOS Apps projects.\nConducting Training sessions throughout the project life cycle to both team and the end users.\nSound Understanding in Quality Analysis procedures.\nSound knowledge and experience in HIPAA security standards, HITECH compliance healthcare systems.\nExpertise in handling Provider Billing and Medical/Health Insurance applications.\nStrong Understanding and Experience in Documenting Reports using MS Tools like WORD, Excel, PPT, VISIO and MS Project.\nHighly motivated team player with excellent analytical, problem solving, interpersonal and communication skills.\nLeverage Technical, Business and Financial acumen to communicate with Clients and their teams.\n\n\nSkills Summary\n\nMicrosoft Tools\t\t: MS Project, MS Visio, MS Office\nSoftware Engineering Tools\t: Jira, Pencil, PMB, Lucidchart, Balsamiq\nSDLC Methodologies\t\t: Waterfall, Agile\nDatabase\t\t    \t: MySQL, Microsoft SQL server 2014\nQuerying Language\t\t: MySQL, MS SQL, PL/SQL\nWeb Technologies\t\t: HTML, CSS, PHP, SMARTY, ASP.NET\nDefect Tracking Tools\t\t: Mantis, Bugzilla\nWeb & Application Server\t: Apache, IIS6.0\nOperating Systems\t\t: Windows 2000/XP/Vista/7/8/10, Linux, Android, IOS\n\n\n\n\n\n\nAgile Methodology\t\t:  Scrum Master – Atlassian Tools – Jira Dashboard\nConduct Scrum Ceremionies –  Daily Standup, Burndown tracking, Monitoring sprint health, Capacity and sprint planning, Backlog prioritization, Stakeholder Management, Retrospectives and Demos.\n\t\t\t   Coaching the team and Plan Releases. \nDomain Expertise\t\t : Healthcare, Ecommerce, B2B, B2C, C2C, Supply chain, Finance\nMobile Application\t\t : Android Apps, IOS apps\n\n\nProfessional Experience\n\n       Weso Infotech - Business Analyst\n\n                         Client: Malvern Institute(Rehabilitation Hospital), Pennsylvania                            Jun 2016– Till Date\nBusiness Analyst\n\nROC Application Automation\nFacilitate elicitation with the operation representatives of differing levels in Pennsylvania to identify the business objectives.\nDevelop initial business cases and conduct feasibility studies for possible automization of Manual work flows.\nContribute and Maintain work flow diagrams as a base to aid future development work.\nSupport project proposals by generating reports from existing system.\nCreated product backlog with project proposals for prioritization.\nProduced detailed user stories and acceptance criteria for IT team in India and US.\nDesigned web UI Prototypes using Pencil and Balsamiq.\nCollaborated with QA team construction of test scenario to ensure sufficient testing coverage.\nVerify solution demo by development team.\nPerformed UAT upon completion of development.\nTrained first batch of staffs and Produced detailed user guide upon completion.\nIntegration of Medical billing (Medicare, Medicaid and Q2) with the application.\n\nGrouping and SMS\nProposed and implemented successfully a new Grouping feature and SMS option in existing  ROC Application.\nCollaborated with the representatives and end users to find feasible solutions to ensure the new features in fulfilling their demands.\nFacilitated the negotiation with Nexmo SMS team in getting the required package customized to user needs and development team.\nActed as a SCRUM Master.\n\nOther projects with this client: ROC IOS APP, ROC FORMS, MALVERN BILLING & SAFETY FORMS\nEnvironment: PHP, MySQL, HTML5.0, CSS, ASP.NET, MSSQL, PL/SQL, JIRA, BALSAMIQ, AGILE, SCRUM, IOS, Healthcare, HIPAA, HITECH\n\n\n\nClient: Peertasker, Singapore\t\t\t\t\t\t      Aug 2015- Jun 2016\nBusiness Analyst\n\nPeertasker Application\nConducted walkthroughs and acted as a bridge between business users, stakeholders and the team to do requirements, quality and risk analysis.\nInvolved extensively in the inception phase for better understanding the scope of the project, feasibility of the implementation and define the risk factors involved in the project.\nGathered business requirements through JAD sessions and analysis by interviewing users.\nAnalyzed business requirements and assigned appropriate priorities.\nProduced and Documented Use cases, Use case diagrams and Activity Diagrams.\nCreated user stories, prototype screens.\nEffectively maintained the requirements and requirement change requests during various phase of project life cycle.\nMonitored sprint health and ensured Backlog has been prioritized.\nTrained Technical Teams to have better understanding of the Requirements.\nAddressed requirements with in timeframe, feedback on project status.\nWeekly status updates to the project manager and the stake holders.\nConducted UAT sessions and trained the end users.\n\n                          Other projects with this client: Peertasker IOS APP    \n                          Environment: PHP, MySQL, JAVA, HTML5, CSS, AGILE, JIRA, IOS, SKETCH\n                         \n\nClient: Expert Appointment, Baltimore, MD\t\t\t\t Feb 2012- Aug 2014\nBusiness Analyst & Project Manager\n\nReal-time Voice, Video communication with PCPs and Specialists\nPerformed as a business analyst throughout this enhancement.\nProposed and integrated the real time video communication feature to the existing application.\nCollaborated with the Expert Appointment representatives to ensure all the objectives are collected. Coordinated with the SMEs in meeting the demands of end users.\nProduced use case diagrams, user stories.\nRegular meetings with development teams and stake holders in facilitating the feasibility study. Produced regular reports to evaluate the performance.\nMonitored the UAT and Trained the end users in using the application.\n\nImplementation of Expert Appointment in Johns Hopkins Medical University\nPerformed as a business analyst.\nFacilitated JAD Sessions with the JHM University representatives to record the business requirements using Agile SCRUM.\nProduced Detailed user stories and submitted the backlog to the steering committee.\nCollaborated with the team and customer in implementing the feature enhancements and expected security enhancements by JHMU.\nProduced and maintained status reports.\nVerified solution demo by the development team. \nPerformed UAT upon implementation.\nConducted Training workshop to the JHMU staffs and usability of application.\nResponsible for the PCP and specialist reimbursement feature (fee for service, capitation & Bundle payments). Medicare, Medicaid and Q2 Claims.\nHandled the integration of Medical claims and benefits application.\n\nExpert Appointment Application\nPlayed the role of business analyst and project manager\nDefined Project  plan, scope and derived budget for the application.\nConducted sessions with the development team in finding out the risks and its possible solutions.\nProduced and Maintained project schedule reports.\nCollaborated with cross functional team across the development life cycle.\nMonitored the project activities and produced Status reports.\nManaged QA testing and UAT. \nWorked closely with the end users and Conducted Demos to ensure the objectives are met.\n\n                          Environment: PHP, MySQL, HTML5, CSS, PENCIL, MS VISIO, AGILE, SCRUM, JIRA, Healthcare,   \n                                                   HIPAA, HITECH\n\nClient: Recovery Maps Inc, Pennsylvania\t\t\t\tDec 2010- Mar 2013\nBusiness Analyst\nRequirements Elicitation with the stakeholder.\nDevelop and documented Feature document, Use cases and wireframes.\nMaintained Use case Diagrams and Activity Diagrams.\nProduced User stories in product backlog, Story points and Capacity planning.\nDeveloped user acceptance criteria.\nResponsible for Daily stand up meetings, monitoring sprint health and sprint retrospective meetings.\nInteracted with QA team in delivering the sprint as per the scheduled. \nPrioritizing the backlog in next sprints.\nPerformed UAT upon completion of development.\nInvolved in installation of the application to various hospitals and clinics.\n\n                            Environment: PHP, MySQL, HTML5, CSS, PENCIL, MS VISIO, HEALTHCARE, HIPAA, HITECH\n\nClient: Marvel Interiors Inventory Application\t\t\t\tJan 2010- Dec 2010\nProject Manager\nDefined Project  plan, scope and cost benefit analysis for the application.\nConducted sessions with the development team in formulating the risk mitigation plans.\nProduced and Maintained project schedule reports.\nDocumented Status reports and submitted to upper management.\nManaged QA testing and UAT. \n\n                            Environment: PHP, MySQL, HTML5, CSS, MS PROJECT, SUPPLYCHAIN\n\nOther projects  handled\n\n Idhunammakadai Android App(Ecommerce) , Idhunammakadai IOS App (Ecommerce), Idhunammakadai POS Software(Ecommerce), Yardsale IOS App(Ecommerce), Weso Accounting Application(Finance), Skin Interiors Ecommerce application, Tradespotters Ecommerce application, Teeday wholesale (Ecommerce), Canada Pharmacy (Ecommerce) etc., \n\n\nEmployment History\n\nCognostek, Chennai, India as a Project Manager from Dec 2008 – Dec 2009\nResponsible for Project Initiation, Scope definition, execution, monitoring and close reporting to top Management, budgeting and closure of all projects. Responsible for Business analysis techniques such as Requirements Elicitation and Requirements  Documenting & Management.\n\nGants Software Solutions, Chennai, India as a Project Manager from Oct 2005 - Nov 2008\nManaged lot of web applications in both PHP and ASP.NET. Responsible in managing project s in Waterfall. Involved in project initiation, planning, monitoring, Budgeting, Team mentoring, Training, Stakeholder discussion, Coordinating with business development team, reporting to top management on weekly basis. Responsible in Requirements gathering, Requirements documenting and management.\n\nDotcom Infoway, Madurai, India as a Customer Support Executive from May 2005 - Oct 2005  \nResponsible for placing the project proposals, preparing proposals and chat support in generating the leads.\n\t\t\t\t\t\n  \nEducation & Certifications\n\nMasters in Business Administration(MBA), Madurai Kamaraj University (Madurai, India), Jan 2012 - Dec 2013\nBSc in Spl.Physics,  The American College (Madurai, India), Jul 2000 - May 2003\nDNIIT program in NIIT , NIIT (Madurai, India), 2003\n\n\n\n\n\n\n\n\n\n\n\n\n\n\n\n\n",
    "extracted_skills": [
        "agile",
        "asp.net",
        "communication",
        "css",
        "html",
        "java",
        "jira",
        "mentoring",
        "microsoft sql server",
        "mysql",
        "php",
        "problem solving",
        "project management",
        "scrum",
        "sql"
    ]
}