{
    "id": "resume_7de78a22-49ff-4bd3-b496-ee1a30df53fa",
    "metadata": {
        "filename": "Derik.docx",
        "processed_date": "2025-09-24T08:45:40.765845+00:00"
    },
    "raw_text": "\nDerik Howarth\t\nSr. Java Developer \n derik.howarth@gmail.com\n98101, Seattle, WA\n\n\nPROFESSIONAL SUMMARY\n\nTotal 9+ years of experience in designing and implementing Web, Client/Server and N-Tier distributed, cross-platform systems using Java/J2EE technology Agile/ SCRUM Methodology. \nSun Certified Programmer for Java2 Platform. \nVery Good experience in new version Java 8 Programming.\nFinancial Certification for Technology and Operations Professionals (FCTOP)\nGood domain knowledge of Telecom, Cloud Computing and Realization, Finance (corporations), Shipping & Logistics and CRM.\nExpert level skills in application development using:  Java, J2EE, Spring Framework, Hibernate, Struts, JSP, JSF, EJB, JPA, Servlets, JDBC, Html, JavaScript, J2EE compliant application servers, multi-threading, client/server, design patterns of J2EE architecture. \nKnowledge of J2EE Design Patterns such as Creational, Structural and Behavioral design patterns Singleton, Factory, Facade, Builder, Observer, DAO, Value/Data Transfer etc.\nGood understanding of Object Oriented Analysis and Design and UML notations and experience in using design tools like MS-Visio for creating class and sequence diagrams.\nHave experience in Design, Development and Deployment of Web-Applications/ J2EE applications on servers like BEA-Weblogic, and Apache Tomcat , Apache Tomcat , JBoss .\nExperience in XML APIs such as JAXP (SAX, DOM), JAXB for data binding and experience in designing the XSD schema generation.\nDeveloped applications using build tools like ANT,MAVEN\nUsed RDBMS databases systems like Oracle 10g/9i, SQL Server, MS Access and My SQL.\nUsed tools like Toad, PLSQL Developer and Squirrel for performing database operations.\nWorked on Report generation module using tool like iReports.\nHave good experience of all testing phases such as Unit testing, Integration testing and System testing.\nHave good experience in managing project files by using version control tools like Concurrent Version System (CVS), SVN and PVCS and bug tracking tools like Jira.\nInteraction with customers for solving their issues and Bug Fixing.\nExperience in AJAX, XML, XSLT, XPATH, and Web Services with SOAP to design, deploy, develop and implement the internet / Intranet applications.\nWell versed in the complete SDLC starting from requirements gathering, use cases, design, development and testing.\n\nTECHNICAL CERTIFICATION\n \nSun Microsystems Certified Programmer (SMCP)\nQUALIFICATION\n \nMasters in Computer Application \n\n\n\nTECHNICAL SKILLS\n\n\nPROFESSIONAL EXPERIENCE\n\nEBay, \t    Seattle, WA (REMOTE)\tSr. Java Developer\tAug’14 To Present \n\nDescription: StubHub.com is a product company building a ticketing platform which sells tickets for concerts, events etc. My role was a combination of development (developing new features for the platform) and providing operational support once customer is live on that release and raising requests for data-fixes in that release.\n\nRoles & Responsibilities:\nWriting java 8 code to look up/save objects from/to coherence cache. \nWorked on Java 8 Streams and on lambda expressions. \nWorked with core java concepts like Collections Framework, Multithreading and Memory Management. \nWorking with the agile team to create and manage an Operational Data Store (written in Java 8 using Apache Storm a distributed real-time data processing system) designed for integrating different \n Developed user specific Highlights(dashboard menu)  section, Home page, Admin home page, user module (Modify/search users, create users screens with assigning various roles) using Spring MVC framework, Hibernate ORM Module, Spring Core Module, XML, JSP and XSLT. \nExtensively used Core Spring Framework for Dependency Injections of components.\nImplemented Hibernate and Spring to replace EJBs in the earlier architecture.\nConfigured Hibernate session factory in applicationcontext.xml to integrate Hibernate with Spring.\nUsing spring integration with iBatis for persistence. All SQL map name spaces are configured in sqlmap-config file.\nUsed Spring Core, DAO, and ORM to integrate with IBatis.  \nDeveloped HTML interfaces with an understanding of UI design principles and object-oriented program development. \nInvolved in Enhancement of existing application utilizing AngularJS, developed routing through web pages and achieved Single page application. Used Angular JS to achieve two way data binding. \nDeveloped various screens for the front end using React JS and used various predefined components from NPM (Node Package Manager) and Redux library. \nImplemented modules into Node JS to integrate with designs and requirements.\nWorked on the UI Framework like JS, Bootstrap, D3Js and Grunt. \nImplemented Backbone.js and React.js to create a dynamically changing website. \nExperienced in writing unit and integration tests for full stack JavaScript applications \nUsed UI Development using HTML, and coded Java components which Retrieves data using SQL from Oracle database. \nCreated SQL queries, PL/SQL Stored Procedures, Functions for the Database layer by studying the required business objects and validating them with Stored Procedures using Oracle 9i/10g. Also used JPA with Hibernate provider. Designed and implemented the Hibernate Domain Model for the services.\nExcellent knowledge on CQL (Cassandra Query Language), for retrieving the data present in Cassandra cluster by running queries in CQL. \nAutomate the ingestion of data from source systems into Hadoop, and from Hadoop into Vertica. \nUsed Elastic Search on creating an uninstall survey page web application and Restful Web Service. \nDeveloped server-side services using Java multithreading, Struts MVC, Java, EJB, Spring, Web Services (SOAP, WSDL, AXIS) \nDeveloped using REST Web service and using services like SOAP\nUsed Eclipse as an IDE for developing the application and developed test cases and performed unit test using JUnit Framework.\nExtensive experience with Web/Application servers like Apache Tomcat, Jetty, Jboss, Oracle WebLogic Servers, Web Sphere AS and building the applications using ANT, Maven, WEB 2.0build tool. \nExtensively worked on subversion, GIT, Jenkins, Crucible, Maven and Jira. \nMaintained the code base by frequent updates to the code repository using GIT HUB. \nExperience in writing ANT, Maven build scripts and configuring and using Log4j and writing JUnit test cases.\nInvolved in running Selenium automation scripts and updating the scripts according to enhanced requirements using selenium WebDriver and Python.\nExpert in Software Development Life Cycle (SDLC) of applications design & development, including SCRUM-Agile & Waterfall models.\nExpertise in OOP, Object Oriented Analysis and Design (OOAD) using Unified Modeling Language (UML) and TDD \nDeveloped the User Interface Screens for presentation using JSP, JSTL tags, HTML and CSS. \nProviding services for SOA like building a portfolio of services, WSDL, Top-Down, Bottom-Up Approach and defining XML Schemas \nDesign, develop and test of SOA services using SOA / Web Service / Oracle Fusion Middleware. \nEnvironment: Java 8,  J2EE, JEE, Spring, Hibernate,  IBatis, Angular.js, React.JS , Node.js, bootstrap.js,\nbackbone.js, JavaScript, Oracle, PL/ SQL, Cassandra, Hadoop, REST, Soap, Web Services, Eclipse,\nWeblogic, Git, GitHub, JUnit, Selenium (Environment), Agile, UML , JSP, Xml, SOA\n\n\nCiticorp, \tDallas, TX (REMOTE) \tSr. Java Developer\t\tFeb’12 To July’14  \n\nDescription: Worked as a Sr. Developer with Citibank on the CitiTrade Application at Citicorp.\nCitiBank’s online trading solution consists of a Java based trading front-end, integrated real-time risk management, and an order routing system via a , WAN or the Internet, and a real time, on-line training tool. This enabled Brokers to log on online and conduct business, analyze the market via graphs  charts available. This application was customized for Citibank.\n\nRoles & Responsibilities:\nExtensive experience using framework APIs like Struts, Spring, iBatis and Hibernate.\nDesigns and develops Enterprise Eligibility business objects and domain objects with Object Relational Mapping framework such as Hibernate and iBatis.\nDeveloped application using Struts Framework which is based on the MVC design pattern.\nInvolved in design and implementation of the JSR-168 portlets and JSF presentation tier.\nPreparation of the framework classes for communication between portal to EJB and Hiberante.\nUsed AngularJS to implement rich functionality in various pages: form validation, CRUD,  grid, search, sort, pagination, multi-selection, tags-input, advanced directives, authentication, server-side proxy, unit tests, cloud integration, slide pages, users switch etc. \nProduced client side validation through JavaScript and AJAX for asynchronous communication. \nCreated and optimized graphic prototype websites and applications interfaces using HTML and CSS. \nInvolved in developing HTML5 for client side presentation and, data validation within the forms. \nRan Bower and Grunt components and wrote the scripting using Node.js \nBuilt reusable templates for web sites using Bootstrap and Font-awesome fonts. \nWorked on JavaScript framework (Backbone, Node.js) to augment browser based applications with MVC capability. \nUsed jQuery for event handling and GUI functionalities. \nLoaded Data into Oracle, MS SQL Tables using SQL Loader and created a test database in MySQL and tested it using HTML, PHP and Wamp, Tomcat Web Server and Linux environment. \nDeveloped code of SQL, PL/SQL, and Views using IBM DB2 for the database. \nInvolved in setting up configuration properties, ORM mappings and CRUD operations with database. Used sessions, transactions, Criteria's and queries to develop business requirements.\nCreated, debugged and modified stored procedures, functions, packages, tables, views, materialized views and SQL scripts using PL/SQL.\nBuilt a query-processing engine for Ad-Hoc OLAP queries using Java collections framework, reflection and JDBC connectivity.\nBuilt a RESTful API to save and retrieve geolocations using a remote server in Java using Mongo DB, Apache CXF, and JAX-RS.\nSOAPUI and used SOAP for Web Services by exchanging XML data between applications over HTTP. \nDesigning, Coding (development) and Debugging application using Eclipse 3.7 Indigo as an IDE, Spring JDBC framework and DAO pattern, HTML5, CSS3, and JQuery\nInvolved in the migration process of applications from WebSphere Portal Server 5.1 to 6.1\nDevelopment work is also done to the legacy system using WSAD IDE.\nAfter fixing defects used SVN (Apache Sub versioning software) to check in the changes.\nFor integration tests used JUnit framework. \nUtilized Scrum (SDLC) to managed projects and team.\nOptimized UML design using patterns like DAO, Factory, Service Locator and Business Delegate\nDeveloped Use Cases, Sequence and Class Diagrams using Rational Rose.\nDesigned and develop code for all activities using Struts MVC architecture. Efficiently used the Struts logic, bean and HTML custom libraries (JSP, tiles).\nInvolved in Creation of Flex Families in Content Server and associated the JSP, JSF, J2EE, OOD, JDBC, JMS, JSTL and XSD, WSDl, XML pages to the assets.\nDevelopment to meet client requirements were carried out utilizing Core Java in conjunction with the Fidessa Java API; leveraging Eclipse as an IDE, Ant build-tool, Tomcat and servlets.\nUsed Maven to build and generate code analysis reports.\nUsed JPA 2.0 (JDBC Framework) and Apache CXF for XML generation.\nPrototyped and implemented Cloud based Service Bus on WSO2 for engaging stakeholders in the initial SOA discussions.\nConfigure external JMS Server like IBM MQ Series.\nIBM WebSphere hosting and Apache Tomcat webserver integration - both on Windows and AIX platform.\nWorked in Windows 7 and Oracle Enterprise Linux, Apache Tomcat, Oracle WebLogic Server\nDevelopment for both backend and front end applications. Extensive Programming by using PHP.\nEnvironment: Spring, Hibernate, Struts & JSF, EJB, Angular.js, JavaScript, CSS, Html5, Node.js, bootstrap.js,  backbone.js , JQuery, DB2, CRUD, PL/ SQL, JDBC, Mongo DB, APACHE CXF, soap, Web Services, Eclipse, WebSphere Portal, WebSphere Studio Application Developer (WSAD), Subversion (SVN), JUnit, Scrum, UML, Class diagram, JSP, Java Server Pages Standard Tag Library (JSTL) & SERVLET, MAVEN, Xml, SOA, JMS, Apache Tomcat, Linux, PHP\n \nAnthem BSBS\tCharlotte, NC \tJava J2EE Developer\t\t    Feb’11 To Jun’12\n\nProject Description: In an effort to be HIPAA compliant, Anthem was changing the messages displayed to the providers, so that it comes under the boundaries of HIPAA. Worked on the Providers portal of the application. The sections involved in this application were 1. Eligibility Inquires: Coverage and Benefits, Prior Authorization, Participating Providers List and 2. Claim Inquires: Claim status and Remittance. Scope of the application was to update the error messages for HIPAA compliance and Update COB for CT, ME and NH for HIPAA compliance. The Anthem East coast based application used to interact with the Common Apps application, which was a HIPAA compliant application based in Mid-West and the Common Apps used to massage the massage and make it HIPAA compliant and send it back to Anthem in East  coast. Worked on Eligibility (270 and 271) error  transactions and Claims (276 and 277 error transactions). Also, validated the 834 and 837 error messages.\n\nRoles & Responsibilities:\nUsed the light weight container of the Spring Frame work to provide architectural flexibility for inversion of controller (IOC).\nWorked on persistence layer using O/R Mapping tool IBatis with Oracle 10g Database.\nImplemented views using Struts tags, JSTL2.0 and Expression Language.\nDeveloped J2EE Backing Beans, Action Classes, and Action Mapping and Application facades and hibernate classes to retrieve and submit using the JSF Framework\nUsed RAD6.0 to develop different J2EE components like EJB’s, Client jars, Web Modules and Application EAR modules.\nDeveloped the UI panels using JSF, XHTML, CSS, DOJO and JQuery.\nSupported production issues related to deployed applications. This required analyzing troubleshooting and resolving issues at both the Database level (Oracle 10G and 11G) and the user interface (Sencha Extjs). \nDeveloped mobile cross-browser web application for real-time location sharing utilizing AngularJS, JavaScript API\nUsed jQuery core library functions for the logical implementation part at client side for all the application. \nCore developer of the application infrastructure using GWT/GXT as the front-end  architecture using AJAX.\nWrote complex reporting applications with Ext JS and Sencha Touch for Windows Azure and Amazon Web Services, Linux and Windows servers.\nDeveloped framework using Java, BIRT Runtime, iText, and MySQL and web server technologies.\nUsed TOAD for all database query testing and optimizations\nScheduled jobs, Alerts using SQL Server Agent.\nExperience on Oracle IBM DB2, MySQL, Mongo DB, PostgreSQL and usage of tools like Toad for Oracle. \nDesigned and Developed the input/output data formats in XSD for the WSDL files and accordingly implementing services using Apache AXIS2.\nCreated web services, WSDL and web methods with Annotation in hibernate, Used the spring container for data source and to load the Hibernate specific classes.\nEfficiently used IDE's like Eclipse, NetBeans, and XCode for development of applications.\nExtensively worked on Application servers like Weblogic, Web Sphere, Jboss and Apache Tomcat.\nCreate and maintain Amazon EC2 instance that supports the companies Redmine project management site and Mercurial CM.\nCreated ClearCase VOBs and setup triggers and backups for a new project. Wrote roll out procedures and plans. Environment was mixed Windows and AIX, projects written in C++.\nArchitected, managed and wrote some of the code for a web services based Set Top Box (STB) test automation tool called TMC. (C#, .NET, WCF, VS2010, Windows services, Java, Ruby, Silverlight, Eclipse, Selenium, Component One Silverlight Studio)\nExecuted project using waterfall model and practiced Agile Project Management & performed the Scrum Master role for specific projects/requirements as appropriate. Used Rally for Agile project management\nThorough knowledge in using UML, XML parsers (SAX, DOM), SOAP, HTML and DHTML. \nInvolved in Development of the application Using J2EE Technologies (Servlets, JSP, EJB, JSF,Struts).\nCreated war files & deployed on Tomcat using ANT deployment tool.\nCreated XML Schema, XML template and XSL. Developed Web Services Application using SOAP\nWorked on iText bug fixes for document rendition in document compile process.\nIntegrated EMC Documentum with Content Management Interoperability Services (CMIS) for Content Management.\nLed, Designed and developed an Order Tracking System for garments company in GWT, Ext GWT, Java EE5, EJB3.0, Glassfish, Jasper Report, and MySQL5.\nUsed Jira's Green Hopper functionality to manage the sprints, sprint backlog and user stories.\nDeveloped Swing for user interaction and data presentation.\nWorked with dimensional modeling of relational data sources (DMR) using Cognos 8 Framework Manager and create cubes using Framework Manager.\nMaintained report and request generator using Jasper Report\nInstalled and configured a multi-server, clustered ILOG environment. Documented architecture and trained client administrators.\nTook complete Ownership of JRules by developing the complete architecture and integration with TSM application.\nDeveloping new quote, renewal, and medical payment applications using JSF, Oracle ADF using JDeveloper 11g.\nIntegrate the Oracle BPM with the Spring Framework in the enterprise layer.\nImplemented Web 2.0 research and trading platforms across product areas with, \"single sign on\"\nConfigure external JMS Server like IBM MQ Series.\nDeployed the complete Web applications in TOMCAT Application server.\nSet up JBoss Server, Configured MySQL Cluster in Linux OS and installed OpenCall XDMS.\nCreated directory structure flow using UNIX to receive and send data to internal and external systems\nApplying Ruby on Rails and JQuery debugged, enhanced, extended business-to-business SAP application. Provided extensive integration and functional mocks testing.\nProvided copy for Wordpress themes/templates and design input\nWrote and deployed Drupal modules for over 300 university websites as well as developed themes for multiple colleges around the ASU campus.\nDeveloped multiple web applications using Drupal, Zend Framework, and Code Igniter.\nDesigned and built it based on previous Classic ASP version. Upgraded its original database from Access to SQL 2008.\nPages written in a Windows 8 environment using VS2010, C# and ASP.Net.\nDeveloped business logic of the system using C++\nJ2EE to communicate legacy COBOL based mainframe implementations.\nExpose PL/I database access layer as web service using RD/Z\nConfiguring and analyzing JCL to execute mainframe batch.\nProved out Java/SQL access to corporate legacy mainframe data\nOracle, SAS integration for business intelligence and functionality\nServed as lead consultant for MS Access, Excel and Win32 based solutions, responsible for full life cycle development on VB, MS Access apps using forms, controls, XML, ActiveX Data Objects (ADO).\nEnvironment:   Spring, IBatis, Struts & JSF, EJB, DOJO, Sencha ExtJS,  JavaScript, JQuery, GWT and Ext Js, MYSQL, Toad, SQL Server, DB2, coherence, APACHE AXIS2, WSDL, Netbeans, Jboss, Mercurial, ClearCase, Selenium, Water fall model, UML , JSP & SERVLET, ANT, Xml, ITEXT, EMC Documentum, GWT  (Google Web Toolkit), JIRA, SWING, Cognos, Jasper report, ILOG, JRules, Oracle Application Development Framework (Oracle ADF), Oracle Business Process Management (Oracle BPM), Web 2.0, IBM MQ Series, Apache Tomcat, Linux, Unix, Ruby, Wordpress, Drupal, z, ASP, C, C++, Mainframe, COBOL, PL/I, JCL, SQL, SAS VB \n\n\nSBC Communications\t Charlotte, NC\tJava Consultant\t\tAug’09 To Jan’11\n\nDescription: SBC is one of the largest telecommunications companies in the world. SBC offers communications products and services ranging from local and long distance telephone services to wireless communication internet access, High-tech network solutions and data communications. The project was involved in customization and testing of Amdocs VOIP billing system. Various SBC clients for voice over Internet communications use SBC’s Wireless network. SBC is using Amdocs ensemble for billing this clients. Other features and functionality of this billing module which were tested are price plan, billing, ordering, provision and finance.\n\nRoles & Responsibilities:\nUnderstanding the Domain Knowledge for the Product, Requirements and Design Documents gathering.\nPreparing the Design Documents and analyzing the functional specifications.\nInvolved in the table design.\nWorked on the Spring framework like Spring IOC and Spring DAO. \nDeveloped ANT scripts to build and deploy the application in the JBOSS Application Server.\nWas involved in the Infinity Process Platform (IPP) workflow design for the 2 level approvals of reports to be generated.\nUsed IBatis to populate the data from the Database.\nUsed JavaScript and jQuery for validating the input given to the user interface.\nEJB components are deployed on the Web Logic\nDeveloped the application using Spring MVC.\nDesigned and Developed Servlets and JSP pages for authentication\nResponsible for developing GUI / user interfaces using  JSP, CSS & DHTML.\nUsed JQuery to make the frontend components interact with the JavaScript functions to add dynamism to the web pages at the client side. \nDesigned and implemented database structure in MySQL Server.\nDesigned Interactive GUIs using Java Applets and Swing.\nBuilt CVS and XML file loaders and splitters for financial data.\nDeveloped various UI (User Interface) components using Struts (MVC), JSP, and HTML.\nResponsible for configuring JBOSS Application Server administration activities which involved creating domains, Configuring the domain for WebLogic clustering, SSL, Database Connection configurations, performance monitoring, etc. \nInvolved in creating unit testing of various layers using JUnit and created automated test scripts for integration testing using Selenium.\nInvolved in debugging the product using Eclipse 3.6 and JIRA Bug Tracking.\nUsed CVS for version controlling and JUnit for unit testing.\t\nPrepared statements are used for communication with MySQL database\nCreated files & deployed on Tomcat using ANT deployment tool.\nInvolved in the integration of EJBs running on Weblogic Server with COM objects running on IIS.\nExtensively used Core Spring Framework for Dependency Injections of components.\nImplemented Spring IOC for server side Java components.\nImplemented Spring AOP for admin services.\nWrote numerous session and message driven Netbeans for operation on JBoss and WebLogic\nUsed JQuery library and implemented Ajax features.\nWorking Closely with EMC Documentum to implement Engineering Design Storage Repository and Project Document Management.\nWorked with MySQL for MySQL, SQLYog and Workbench.\nJSP interfaces were developed. Custom tags were used.\nMaintenance of data in different Oracle Databases and environments using TOAD.\nDeveloped Servlets and Worked extensively on Sql.\nPerformed Java web application development using J2EE and Netbeans.\nDeveloped the Servlets for processing the data on the server.\nExpertise in employing Water Fall Model and best practices for software development\nDeployed the application in JBOSS Application Server.\nImplemented persistence layer using Hibernate configuration files.\nUsed SVN for version controlling.\nEnvironment: Java, Struts, JSF, Spring, Hibernate, Common Structure Architecture of SunGard, JIRA, Squirrel, PL/ SQL, SVN, HTML, CSS, JavaScript, iBatis, EJB, JBoss, JQuery, JSP, Servlet, MySQL, TOAD, Netbeans, Selenium, ANT, EMC Documentum, JIRA, SWING, CVS, Waterfall Model.\n \nWIPRO \t\t\tIndia\t\tSoftware Developer\t\t       Aug’07 To July’09\n\nBrief Description: For a large US-based financial institution: Wipro migrated 300+ applications to the cloud within 18 months, in a rapid, agile and cost effective manner. Wipro’s Rapid Cloud Enablement Suite iteratively improved the quality of application migration while reducing the migration time to the cloud.\n\nRAPID CLOUD ENABLEMENT SUITE Cloud application migration and modernization has become an imperative, to support dynamic business demands, and large-scale, multi-geography projects. Wipro’s Rapid Cloud Enablement Suite is designed to optimize the Design and Build phase of your Cloud. The solution empowers you to make the right investments in an incremental manner, with predictable outcomes in your Cloud journey.\n\nRoles & Responsibilities:\nUnderstanding the Domain Knowledge for the Product, Requirements and Design Documents\nWrote multithreaded programs to measure system performance\nWorked on GUI internationalization using JSP and Core Java\nUsed Mercurial to keep track of versioning of the source code\nWorked on bug fixing\nUsed JDBC APIs for database connectivity and data retrieval.\nDeveloping HardwareStoreMarketer.com site using ASP.Net.\nStrong Database programming using .NET, ADO with MS SQL Server 2000, MS Access and Oracle backend. Extensively used Stored Procedures, Functions and Triggers in Microsoft SQL Server.\nWorked on various client websites that used Struts 2 framework, Hibernate and OGNL\nWrote test cases using JUnit testing framework and configured applications on Weblogic Server\nInvolved in debugging the product using Eclipse 3.6 and JIRA Bug Tracking.\nInvolved in writing stored procedures, view, user-defined functions and triggers in SQL Server database for Reports module.\nSimulation was developed using C++.\nImplemented real-time patient prescription history verification system using C, Oracle PL/SQL on VMS platform.\nUsed Visual Source Safe for source control.\nManipulated data and performed data preparation using TSO, ISPF and SPF system utilities.\nDeveloped and implemented Legacy system programs by using COBOL, DB2, CICS, JCL, JAVA and VSAM.\nWrote stored procedures in Oracle PL/SQL for data entry and retrieval.\nExtracted and modified data from VSAM files for PDF reports.\nAutomate nightly batch processing and job alerts using REXX.\nResponsible for migrating WebSphere server from v6.1 to v8.0 and migrating IBM CICS Transaction.\nJ2EE to communicate legacy COBOL based mainframe implementations.\nDesigned and developed Message Flows and Message Sets and other service component to expose Mainframe applications to enterprise J2EE applications.\nUse FileAid datasets to validate backend results of test events.\nConfiguring and analyzing JCL to execute mainframe batch.\nActively involved in contributing to RFP and POC activities in IMS.\nUsed standard data access technologies like JDBC and ORM tool like Hibernate\nDesigned, implemented new website features and provided support, maintenance\nEnvironment : Core Java, JSP, JUnit, Mercurial, Eclipse, .Net, JIRA, JDBC, Struts 2, Hibernate, Visual Source Safe, Weblogic, Oracle , OGNL, C, C++,  Linux, MS SQL Server, COBOL, FileAid, REXX, ISPF, Mainframe, CICS, IMS, VSAM, JCL.\n\n",
    "extracted_skills": [
        "agile",
        "angular",
        "asp.net",
        "azure",
        "cassandra",
        "communication",
        "css",
        "ec2",
        "git",
        "hadoop",
        "html",
        "java",
        "javascript",
        "jenkins",
        "jira",
        "lambda",
        "microsoft sql server",
        "mysql",
        "node.js",
        "oracle",
        "php",
        "postgresql",
        "project management",
        "python",
        "r",
        "react",
        "redux",
        "ruby",
        "ruby on rails",
        "scrum",
        "sql"
    ]
}