{
    "id": "resume_2085cef8-a676-4c87-be6a-5042edc865a9",
    "metadata": {
        "filename": "Harish K.docx",
        "processed_date": "2025-09-24T08:45:41.327213+00:00"
    },
    "raw_text": "                                                                  Harish\n                                                               732-798-5590     \n                                                    harishv9631@gmail.com                                                                                                         \n                                    \t\nProfessional Summary:\n\n Having 8 years of extensive IT experience in all phases of Software Development Life Cycle (SDLC) which includes development, design, analysis, testing and Integration of various web based and client/server applications in multi-platform environments with JAVA/J2EE technologies. \nExperienced in all phases of Software Development Life Cycle (SDLC) including Analysis, Design, and Development, Debugging, Support, Integration, Maintenance, and Enhancements of Java/J2EE Applications. \nExperience in building highly scalable distributed applications using Java,J2EE, Scala, Spring, Hibernate, Apache Solr, Mongo dB. \nExperience in working in environments using Agile (SCRUM) and Waterfall development methodologies. \nExpertise in client and server scripting languages like HTML5, CSS3, JavaScript, Bootstrap, JQuery, Angular JS, ReactJS, Backbone.js and Node JS. \nExperience with Java 8 features such as lambda expressions, Parallel operations on collections and for effective sorting mechanisms and new Date Time API. \nHandled operations and maintenance support for AWS cloud resources which includes launching, maintaining, and troubleshooting EC2 instances, S3 buckets, Auto Scaling, Dynamo DB, AWS IAM, Elastic Load Balancers (ELB) and Relational Database Services (RDS). Also created snapshots for data to store in AWS S3. \nExperience in developing and solid understanding of Service Oriented Architecture and Microservices Architecture. \nStrong hands on experience in implementing Design patterns like MVC, Data Access Object, Session Façade, Business Delegate, Factory, Proxy, and Singleton. \nExperience in developing web-based enterprise applications using Core Java, J2EE, Servlets, JSP, JSF, JDBC, Hibernate, Web Services (SOAP and REST), MVC Framework (Struts, Spring MVC) and SQL. \nExperience in both providing and consuming Web Services using SOAP and RESTful (JAX-RS and JAX-WS). \nExperience using persistence framework like Hibernate, JPA for mapping java classes with Database and using HQL (Hibernate Query Language).\nWorked with Enterprise Integration Patterns like Apache Kafka to build real time data pipelines and streaming apps \n Strong experience in Core Java concepts like Collections, Multithreading, Event Handling, Exception Handling, and Generics. \nExperience with different Spring framework modules like Spring Core, Spring AOP, Spring IOC, Spring MVC, Spring Boot, Spring Batch, Spring Security, and Spring cloud. \nExperience in design and development of robust and highly scalable web service platforms and API's based on REST and SOAP for e-commerce applications using AXIS, WSDL, UDDI, XML, JAX-WS, JAX-RS, JAXB, JAX-RPC technologies and Jersey frameworks. \nExpertise in XML technologies such as XSL, XSLT, XML schemas, XPath, XForms, XSL-FO and parsers like SAX. \nExperience on CQL (Cassandra query language), for retrieving the data present in Cassandra cluster by running queries in CQL. \nProficient in writing and handling SQL Queries, PostgreSQL queries, PL/SQL, Stored Procedures, and Triggers. \nGood experience with Relational databases like Oracle, My SQL, MS SQL Server, IBM DB2 and No SQL databases like Mongo DB, Couchbase DB and Dynamo DB. \nExperienced in implementation of JMS to exchange information over reliable channel in an asynchronous way by using Active MQ, Rabbit MQ as a message queue. \nExperience with application servers like Web Logic, JBOSS, Apache Tomcat and IBM Web Sphere. \nGood experience writing application deployment scripts using Shell Scripting. Worked on Windows, UNIX, LINUX platforms to move the project into production environment. \nExperience with Junit, Jasmine, Karma, Mockito and Log4J in developing test cases. \nWorking knowledge with version control tools like SVN, CVS, GIT, and Visual Source Safe. \nHands on experience in building tools like ANT, Maven, Gradle. \nExperienced in developing Rich GUI's by using Eclipse RCP, HTML, frameworks.\n Highly experience with Java complaint IDE's like Spring Tool Suite, Eclipse, IntelliJ, and RAD.\nEducation:\n\nMaster of science, Texas, USA\n\nTechnical Skills:\n\n\n\n\nProfessional Experience:\n\nIntuit- San Diego, CA        \t                                                                     March 17 – Till-date\nRole:  Java full stack Developer\n\nIntuit Inc. is a business and financial software company that develops and sells the financial, accounting and tax preparation software and related services for small businesses, accountants and individuals. This project is aimed to improve the new help system of TurboTax. This new help system can be integrated into all products of Intuit\n\nResponsibilities:\n Developed the J2EE application based on the Service Oriented Architecture (SOA). \nExtensive use of core Java Collections, Generics, Exception Handling, and Design Patterns for functionality. \nInvolved in writing Thread Safe blocks for multithread access to make valid transactions. \nClient Side code were written in AJAX and server Side Code were developed using MVC4. \nDeveloped Web Services SOAP/HTTP, SOAP/JMS, and SMTP using SOA technologies such as SOAP, WSDL and UDDI Experience with and solid understanding of Micro services. \nWorked on System security with the use of SSL (Secure socket layer), encryption and used role-based security. \nUsed Spring IOC for dependency injection and Spring AOP for cross cutting concerns like logging, security, and transaction management. \nUsed Encryption algorithms to provide security to the data. \nExpertise in developing reusable and interoperable Web service modules based on microservices, SOA architecture using SOAP and RESTful. \nWrote SQL queries, stored procedures and enhanced performance by running explain plans. \nWorked in all the modules of the application which involved front-end presentation logic developed using Tiles with Spring MVC, JSP, JSTL and JavaScript, Business objects developed using POJOs and data access layer using Hibernate framework. \nDeveloped and tested Apache JMeter Java Request Sampler Plugins Extensions using methods inside of Linux Desktop Testing Project (LDTP) Java libraries for Graphical User Interface (GUI) Automation Testing.\n Developed Angular JS Controllers, html views, Services and factories for consuming REST API's and Math calculations modulus. \nUsed complete annotation driven approach to develop the application using Spring Boot.\n Designed and developed Application based on Spring MVC Framework using MVC design pattern.\nDesigned and Implemented SOA Architecture, Multithreading, using Spring MVC Framework, Spring Batch Coding involves Writing Controller Rest Controller, Service Layer and DAO Classes. \nGenerated Scala and java classes from the respective APIs so that they can be incorporated in the overall applications. \nWriting entities in Scala and Java along with named queries to interact with database.\nAchieved synchronization of multiple threads through Multithreading and Exception Handling. \nDeveloped micro services using Spring MVC, Spring Boot, Spring Cloud, Spring AOP and Dependency Injection and JPA.  \nResponsible for the implementation of application system with Core Java and spring framework. \nCreated and injected spring services, spring controllers and DAOs to achieve dependency injection and to wire objects of business classes. Designed and Implemented REST web services using JAX-RS, Spring REST. \nWorked on Spring Quartz, form based authentication with Cross-Site Request Forgery CSRF token and secured REST endpoints with HTTP Basic authentication.\nDeveloped unit test cases using Jasmine and Karma and performed end to end testing using Protractor and Selenium.\nUsed complete annotation driven approach to develop the application using Spring Boot and was also involved in setting up the Spring bean profiling. \nUsed Hibernate Transaction Management, Hibernate Batch Transactions, and Hibernate cache concepts. \nUsed AJAX extensively to implement front end /user interface features in the application. \nBuild REST web service by building Node.JS Server in the back-end to handle requests sent from the front end JQuery Ajax calls. \nDatabase development required creation of new tables, PL/SQL stored procedures, functions, views, indexes and constraints, triggers and required SQL tuning to reduce the response time in the application. \nFocused on Test Driven Development (TDD) thereby creating detailed JUnit tests for every single piece of functionality before actually writing the functionality. \nDeployed application in WebSphere Application Server and developed using RAD. \nCoordinated with QA team for development of test plan, test cases, test code and responsible for defects allocation and resolution of those defects using Selenium. \nImplemented code according to coding standards and Created Angular.JS Controller Which Isolate scopes perform operations. Extensively used Core Java such as Exceptions, and Collections.\nImplemented Unit testing using JUNIT. \nUsed Apache Maven for project management and building the application. \nCVS was used for project management and version management. \n\nEnvironment: JAVA/J2EE, HTML, JSON, XHTML, JS, AJAX, JQUERY, DOJO, CSS3, JSP, Angular.JS, JavaScript, JSF,Node.JS, Microservices, Bootstrap, XML, XSLT, XPATH, MULE ESB, AWS, WebSphere, Unix/Linux, SOAP, REST, Spring Boot JMS, Maven, Drools 5, Eclipse, Jenkins, JUnit, MongoDB, Mockito, Star Team, TDD, Spring MVC, EMMA, JIRA, Spring framework DI, AOP, Batch, Hibernate, Cassandra, Docker, Ant, Coherence, Rally, Apache Camel. \n\n\n\nVANGUARD, Malvern, PA\t\t\t\t\t                                       Sep 15 – Sep 16\nRole: Java full stack Developer\n\nThe Vanguard Group is an American investment management company based in Malvern, Pennsylvania. It is the largest provider of mutual funds and now the second-largest provider of exchange-traded funds (ETFs) in the world, offering a full range of product solutions for individual investors, employers, institutions and intermediaries. \nThe project is an intra-net web application, which allows enrollment, member status, correspondence, fulfillment etc., for the existing and new customers.\n\nResponsibilities: \n Involved in various phases of Software Development Life Cycle (SDLC) as requirement gathering, data modeling, analysis, architecture design & development for the project. \nInvolved in development of services based architecture utilizing open source technologies like Spring MVC Framework. \nDeveloped user interface using JSP, JSTL and Custom Tag Libraries and AJAX to speed the application. \nDesigned the front-end screens using AngularJS, HTML5, CSS3, JavaScript, JQuery, Bootstrap and Spring Boot. \nInvolved in CQ5/AEM related design and framework development using templates, components widgets, CQ5 bundles, JCR/Sling API, configuring Cloud Services, publish and author set-up. \nDeveloped Angular controllers, services, filters and developed HTML templates with various Angular directives such as ng-app, ng-controller, ng-repeat, ng-if, ng-show, ng-hide, ng-change, ng-blur etc.\n Used various Angular UI Bootstrap components such as calendars, masks, uploaders, sliders, alerts, modal dialogs etc. for developing the UI. \nDeveloped Angular services making use of resource service to perform REST API calls to the backend. \nDeveloped reporting dashboards, which processes large amount data that are stored in Elastic Search and My SQL platforms and generates reports and displays in dashboards. \nIdentified and created indexes, mappings and data in Elastic search and used Elastic Search REST API's both single and multi-document API's. API's like Index, Multi Get, Bulk etc. \nUsed various aggregations like Metrics, Average aggregations in Elastic Search. \nDeveloped unit test cases using Jasmine and Karma and performed end to end testing using Protractor and Selenium.\nDeveloped REST controllers using Spring Data REST to serve the UI with required JSON data. \nExtensive knowledge on AWS EC2, Amazon S3, Amazon Elastic Load balancing and other parts of AWS infrastructure. \nWorked on AWS multi factor authentication (MFA) related to security groups including rest security. \nConfigured and tuned the AWS EC2 and worked on ELB, Route53 for high availability. \nImplemented Micro services architecture using Spring BOOT enabled REST API with the Spring Cloud modules. \nWorked on Integration of MicroServices deployment patterns with the PAAS platform on top of AWS and Integrating with the Config server and ZUUL proxy. \nExperience on configuring auto scalable and highly available MicroServices set with monitoring and logging using AWS, Docker, Jenkins and Splunk.\n Developed REST exception handling controller advices to respond to bad requests and server side exceptions. \nUsed complete annotation driven approach to develop the application using Spring Boot and was involved in setting up the spring bean profiling. \nUsed REST Client and POSTMAN to test the rest based services and used Junit and Mockito to test the middleware services. \nUsed Hibernate in the persistence layer and implemented DAO's to access data from database. \nUsed Node.js to run Grunt tasks and build properly the project (compile, minify, concat etc.) and Implement modules into Node JS to integrate with designs and requirements. Used GruntJS, BowerJS, Express from NodeJS. \nInvolved in enhancing existing MEAN (MongoDB, Express, Angular and Node) stack applications and provided the required support. \nInvolved in configuration and usage of Apache Log4J for logging and debugging purposes. Used RAD as IDE tool to develop the application. \nPrepared Documentation for Unit Test Plan and Unit Test Results for the QA purpose\nParticipated in the release night shakeouts/over night deliveries and QA Support. \nTook part in setting up the application with Jenkins and AWS and is involved in builds and deployments to Tomcat server. \nEnvironment: Java, STS, Tomcat, Spring Tool Suite, Spring, Spring Boot, Hibernate, Elastic Search, RESTful Web Service, Oracle, HTML5, CSS3, JQuery, AngularJS, Express, JavaScript, GIT, JMS, Psotgre SQL, Agile, JIRA tool, Selenium, Log4j, Maven, AWS , Docker , OAuth2 , Cloud Foundry , Kubernetes , Splunk , Dyntatrace , Apache Kafka , React , Node JS , Jenkins , Cassandra , Couchbase , Hazelcast , Mule API Gateway , Cucumber JVM.\n\n.\nWALMART, Carlsbad, CA\t\t\t\t\t                                     Feb 14 – July 15\nRole: Java Developer\n\nThe project involved enhancement of POS System to meet new business requirements. Enhancement includes integration of middleware with new POS Credit Card Processing System and development of new web services integrated to POS functionalities. \n\nResponsibilities: \n Involved in the design and development phases of Agile Software Development. \n Developed the application using Spring Framework that leverages classical Model View Controller (MVC) architecture. \nImplemented Business processes such as user authentication, Account Transfer using spring 4 beans in the service layer. \nDeveloped complete Web tier of the application with Spring MVC framework. \nExtensively used Hibernate framework for Object Relational Mapping. \nDeveloped JUnit based unit test classes.\nResponsible for implementing the workflow and business process management of our application using Activity BPM Platform. \nUsed Apache Kafka for producing the change events from SQL and the Node JS programs to consume events as per the change events. \nUsed Apache Kafka High Level consumer and High-Level producer for the programs \nDeveloped GSP pages for rendering views in Grails Framework. \nDeveloped and implemented GUI Functionality using GSP, Groovy, and AJAX, Javascript, JQuery. \nUsed Hibernate to take care of the mapping from Java 8 classes to database tables and for querying data using Hibernate query language (HQL). \nDeveloped automation test scripts using Selenium Web Driver and Java. \nPerformed repetitive tasks like modification, building, compiling, unit testing using Grunt. \nInvolved in implementing spring dependency injection for a maven project using Annotation. \nInvolved in developing web application using Spring MVC & Cloud integrated with Thymeleaf. \nExperienced being a scrum master in our Scrum Method of Agile Software Development. \nUsed Git for version control our application. \nDeveloped UI using the HTML5, CSS3, Angular JS and React JS with Node JS and Express JS backend. \n Written test scripts for the components developed using React JS. \nUsed Spring modules (annotations) i.e. Spring Core, IOP, AOP, Security, Spring batch and Spring boot. \nBuilt a RESTful Web services to save and retrieve geolocations using a remote server in Java 8 using Spring MVC, MongoDB.\nDeveloped views using the HTML, CSS and javascript components of Bootstrap framework. \nExperienced using Maven, Gradle for auto uniform building of our project. \nExperienced in writing dynamic queries on documents of Mongo DB using a document -based query language. \nExperienced in unit testing using Junit. \nDeployed and configured the data source for database in Web sphere  application server \nInvolved in implementing authentication and authorization to our application using spring security. \nUsed Bean validation for User Input Validation, Error handling, java 8 Bean management and Event handling. Implemented Spring Beans using IOC and Transaction management features to handle the transactions and business logic. \nDeveloped one-many, many-one, one-one annotation based mappings in Hibernate. \nImplemented Logging framework using Slf4J with Log4J as back-end. \nUsed Java 8 Messaging Services (JMS) and Backend Messaging for reliable and asynchronous exchange of important information. \nDeveloped the Maven build file for preparing WAR files used to deploy application. \nWritten PL/SQL in Oracle Database for creating tables, triggers and select statements. \n\nEnvironment: Java ,J2EE , JSP, Spring, Hibernate, JMS, JNDI, Oracle, Spring Boot, HTML5, XML, RAD, WebSphere, Bamboo, Maven, Gradle, Git, Slf4J, Log4j, JUnit, jQuery UI , CSS, JavaScript, Unix and Oracle 11g, Bootstrap Framework.\n\n\n\nEbay Inc, Austin, TX                                                                                       March 12 – Feb 14\nRole: Java Developer\n\nEbay is a leading US based E-commerce Company providing consumer to consumer and business to consumer service sales through internet. The project is about developing the pre-existing SDF framework and exposed multiple web services where procurement/order delivery /shipping related details and will further parsing and persisting the response to the database will help to track the delivery, shipping, payment related information.\n\nResponsibilities: \nInvolved in SDLC development including Requirements gathering, Analysis, Design\nImplementation and Testing of application using Agile Methodologies. \nDeveloped web application using Spring MVC framework. \nUsed Spring Inversion of Control to make application easy to test and integrate. \nUsed Auto wired POJO and DAO classes with Spring Controllers. \nImplemented Web Design based on HTML5, CSS3 and Bootstrap for Front-End and JSP, JSF for Back-end. \nFunctionalities include writing code in HTML, CSS, JavaScript, JQuery, Ajax, JSON, AngularJS, and Bootstrap with MySQL database as the backend. \nDeveloped Web application for backend system using AngularJS with cutting edge HTML5 and CSS3 techniques. \nUtilized spring annotations and XML configuration for Dependency Injection. \nImplemented web services for communicating by using SOAP and RESTful. \nProvided connections using Spring JDBC to the database and developed SQL queries to manipulate the data. \nUsed Spring DAO concept in order to interact with database using JDBC template. \nImplemented some applications by using Object Oriented Programming concepts, Multi-Threading, Exception Handling, and Collections while developing the project. \nUsed Log4j to print the logging, debugging, warning info on the server console. \nUsed Web Sphere Application Server for building, testing and deploying application locally. \nUsed IBM ClearCase for version control. \nUsed CodePro Analytics to make sure all the code maintain standards.\n Interacted with testing team to fix defects. \nInvolved in bug fixes, enhancements and code refactoring. \n\nEnvironment: Java, JDBC, JSP, JSF, HTML, CSS, JavaScript, Angular JS, DOJO, JQuery, Bootstrap, AJAX, JSON, SOAP, RESTful, JAX-WS, Spring Framework , RAD , Web Sphere Application Server , MySQL, Eclipse, Log4j, IBM ClearCase, etc.\nApollo Hospitals, Hyderbad, India.                                                                              Feb 11 – March 12\nRole: Java Developer\n\nApollo Hospitals Group, today, is an integrated healthcare organization with owned and managed hospitals, diagnostic clinics, dispensing pharmacies and consultancy services. In addition, the group's service offerings include healthcare at the patient's doorstep, clinical & diagnostic services, medical business process outsourcing, third party administration services and health insurance. To enhance performance and service to customers, the company also makes available the services to support business, telemedicine services, education, training programs & research services and host of other non-profit projects.\n\n\nResponsibilities: \nTechnical analysis, design, development, and documentation with a focus on the implementation and agile development. \n Involved in Design, Development, Testing and Integration of the application. \nImplementing business logic and data base connectivity. \nClient side installation and configuration of project. \nDeveloped using simple Struts Validation for validation of user input as per the business logic and initial data loading. \nCo-coordinated Application testing with the help of testing team.\n Writing database queries on Oracle 10g. \nWriting stored procedures, Packages, Views, Cursors, Functions and triggers using SQL in the back end. \nUsed Hibernate for Object Relational Mapping (ORM) and data persistence. \nWrote SQL commands and Stored Procedures to retrieve data from Oracle database. \nDeveloped webservices using SOAP, WSDL, and XML.\n Developed the application using Singleton, Business Delegate and Data Transfer Object design patterns in the project. \nCreated and implemented Oracle Stored Procedures, Functions, Triggers and complex queries using SQL. \nWorked with Java Messaging Services (JMS) for reliable and Asynchronous Communication. \n Used log4j for logging and SVN for version control. \nAbility to quickly adjust priorities and take on projects with limited specifications. \n\nEnvironment: Java, JSP, Struts, CMS, Spring, SOAP Web services, SOA, JavaScript, CSS, XML, JAX RS XHTML, XSLT, JMS, Ajax, Hibernate, EJB, Log4j, Oracle 10g, Web Sphere, Ant, RAD, Eclipse, UNIX, Perl.\n\n\n\n\n\n\nTechno soft Solutions, Hyderabad, India\t                                                            March 09 - Feb 11\nRole: Java Developer\n\nTechno soft provides a range of professional services delivered by experts with operational experience building and running the largest E-Mail, messaging, and Internet networks. These services range from architecture and design of software solutions, website design & development to deployment services and operational support.\nResponsibilities: \nInvolved in Requirement Analysis, Design, Development and Testing of the risk workflow system. \nInvolved in the implementation of design using vital phases of the Software development life cycle (SDLC) that includes Development, Testing, Implementation and Maintenance Support in WATER FALL methodology. \nCreated user-friendly GUI interface and Web pages using JSP, JSF, HTML, CSS, AJAX, JavaScript and jQuery. \n Involved in component development using J2EE principles and used design patterns such as Singleton, Factory, JSF and Data Access Object (DAO) in the implementation of the application. \nResponsible for designing, coding and developed the application in J2EE using Struts MVC. \nImplemented Struts framework (Action & Controller classes) for dispatching request to appropriate classes. \nUsed simple Struts Validation for validation of user input as per the business logic and initial data loading. \nAchieved synchronization of multiple threads through Multithreading and Exception Handling. \nExtensively used JSON to parse the data from server side to satisfy the business requirement. \nDeveloped Struts Action Forms, Action classes and performed action mapping using Struts. \nDeveloped RESTful and SOAP based Web Services to consume and produce data in XML and JSON. \nConsumed Web Services to interact with other external interfaces to exchange the data in different forms by using RESTful service. \nEstablished Database Connectivity using JDBC for MySQL. \nWritten SQL queries, PL/SQL store procedures and Triggers to fetch and store data from the database. \nUsed Log4J for application logging and notification tracing mechanisms. \nDeveloped the ANT scripts for preparing WAR files used to deploy J2EE components and deployment of the application was on Jetty. \nPrepared JUnit test cases and executed the test cases using JUnit. \nInvolved in bug fixing during the System testing, Joint System testing and User acceptance testing. \nUsed GIT to check-in and check-out and co-ordinate among team members for Version Controlling. \nUsed NetBeans IDE to integrate different frameworks to build application. \n\nEnvironment: Java, HTML, CSS, AJAX, jQuery, JavaScript, Struts, Web Services, SOAP, RESTful, JSON, XML, JDBC, SQL, MySQL, ANT, Eclipse, JIRA, GIT, Jetty and UNIX.\n",
    "extracted_skills": [
        "agile",
        "angular",
        "aws",
        "cassandra",
        "communication",
        "css",
        "docker",
        "ec2",
        "git",
        "html",
        "java",
        "javascript",
        "jenkins",
        "jira",
        "kubernetes",
        "lambda",
        "mongodb",
        "mysql",
        "node.js",
        "oracle",
        "postgresql",
        "project management",
        "rds",
        "react",
        "rest api",
        "s3",
        "scala",
        "scrum",
        "sql"
    ]
}