{
    "id": "resume_3abc0963-95ce-4a5c-a5af-248444802a19",
    "metadata": {
        "filename": "indrakaran soma.docx",
        "processed_date": "2025-09-24T08:45:41.667534+00:00"
    },
    "raw_text": "KARAN REDDY\nEmail: Karan.javau@gmail.com\nPh. no: 510-358-3595\n\nPROFESSIONAL SUMMARY:\nOverall 8+ years of experience in developing Web based Applications and expertise in implementing Object Oriented Programming (OOPS) with Java, J2EE.\nExperience in System Development Life Cycle (Process Engineering, Design, Development, Deployment Support and Testing) using Agile and waterfall methodologies. \nExperience in working with Java J2EE technologies, JSP, SERVLETS, STRUTS, SPRING, JMS Active MQ.\nGood Experience in Developing with Camel and Mule ESB \nGood expertise in working with various spring modules: Spring IOC, spring boot, Spring Batch, Spring MVC, Spring Data JPA and Spring JDBC modules.\nProficient in XML technologies like XSL/XSLT, SAX, DOM, SOAP, WSDL, DTD, XSD, SOA, JAXB, JAXP, Apache Camel.\nProficient in implementing various Java/J2EE design patterns including Singleton, Factory, and MVC.\nDesigned UML for Class diagrams & Sequence/Collaboration diagrams and Activity diagrams using MS Visio tool.\nExtensive experience in the areas of Service-oriented architecture (SOA), Patterns, Iterative design methodologies. Highly skilled in Logical Analysis and Quality Assurance.\nExperience in java developer with Amazon Web Services.\nExperience in using JSON and JQUERY for the persistence of data and exchanging data.\nDeveloped web services using SOA Architecture and implemented RESTFUL web services.\nExperience in working with Oracle SQl, and NO SQL databases.\nExperience working on different application servers like Apache Camel, JBoss, WebLogic, and Apache Tomcat including configuring, deploying, fine-tuning and monitoring.\nExperience in handling Version Control Systems like  SVN and Git Hub.\nExperience on writing build scripts using ANT and Maven.\nAbility to troubleshoot Mule ESB (debuggers/flow analyzers), deployment, and tuning.\nExperience on SONAR and PMD Tools to ensure Product Quality and Process Improvement.\nExperience in working with Unit Testing Frameworks and Continuous Integration tools.\n\nTECHNICAL SKILLS:\n\n\nPROJECTS:\n\n    Client: Hertz, Oklahoma City, OK\t                                                                    Aug2017-Till date\n    Project: Hertz Rental Application\n    Role: Sr Java Developer\n\n        Description: The product was the Rental Application that is used when a customer comes to Hertz counter for reservation   anywhere in the world. I worked on the design and implementation of the Promo Discounts module and the exit gate module. \n\nRoles & Responsibilities:\nInvolved in business requirements gathering and Analysis, Design, Development, Integration and testing of application modules. \nInvolved in various phases of Software Development Life Cycle (SDLC) as requirement gathering, data modeling, analysis, architecture design & development for the project.\nExperienced in Linux software application development\nInvolved in coding building of java applications using Core Java, collections and multithreading.\nUsed Hibernate as the persistence layer to interact with Oracle DB.\nImplemented agile methodology throughout the project development lifecycles.\nResponsible for setting up Angular JS1.5 for UI development. Developed html views with HTML, CSS3 and AngularJS.\nWorked on AWS cloud services like EC2, S3, RDS, ELB and EBS for installing, configuring and auto scaling.\nConfigured and managed AWS Glacier, to move old data to archives based on retention policy of databases/applications.\nCreated Aws S3 buckets performed folder management in each bucket managed cloud trail logs and objects within each buckets.\nInvolved in writing java API for Amazon Lambda to manage some of the AWS services.\nExperience in Mule soft Any point platform on designing and implementing mule apis.\n Developing Mule ESB projects for the services with synchronous and asynchronous Mule flows.\n Configured Mule service flows with various exception handling strategies such as Global Exception, \nDesign and developed various view and partial view using Object Oriented JavaScript, JSON, JQuery, Ajax Helpers and Node.js, Backbone.js, Bootstrap.\nInvolved in developing HTML and JavaScript for Client Side presentation and, data validation on the client side with in the forms.\nHands on experience in writing Spring Restful Web services using JSON / XML.\nCreated the PL/SQL stored procedure, function, triggers for the Oracle 12c database.\n\n         Environment: JSP, HTML5/HTML, CSS3/CSS, JavaScript, JQuery, multithreading,JAVA, REST, JSON, Angular.js1.5,  Node.js, Backbone.js, Spring Restful, Jenkins, Maven, Hibernate JPA, Java, XML, SVN,AWS\n\n\nClient: Trimax Americas, Princeton, NJ                                                 Sep 2015 – Aug2017\nRole: Sr. Java Developer\nTitle: Special investigation/TREAD system in MOPAR\nDescription: New Special Investigation system developed by the legal team should make it work for the Customer Care users of the system. This would include what is in the CAIR system and how the SI process updates the CAIR.\nTREAD team has identified in the CAIR and ECCI systems to support corrections in the TREAD data submitted to the government and this is required with some enhancements in the data sending to the government.\nResponsibilities: \nInvolved in complete software development life cycle management using UML (Unified Modeling Language) - Requirements gathering, Conceptual design, Analysis, Detailed design, and Development.\nWorked with external consulting team to communicate design decisions across organizations and support engineers working with API's developed by both teams.\nInvolved in coding building of java applications using  multithreading ,jsp, servlets.\nCoded Test Cases and created Mock Objects using JMock and used JUnit to run tests. Configuring the Mule process for fetching the data from topic and makes web service calls to the middle tier Mule ESB for processing.\nResponsible to resolve design issues and develop strategies to make ongoing improvements that support system flexibility and performance.\nWorked on AWS, High Availability Practices and deploying backup/restore infrastructure\nData integration in SOA using common-model-based data services. \nIdentify, review and present input on project activities and plans.\nRecommended changes on project design concepts to improve efficiency.\nDeveloping or maintaining a production-level cloud-based architecture in AWS, including creating machine Images like AMI\nworked in Importing data from various sources to the Cassandra cluster using Java API’s\nDesign and developed various view and partial view using Object Oriented JavaScript, JSON, JQuery, Ajax Helpers and Node.js, Bootstrap.\nDesigned REST APIs that allow sophisticated, effective and low-cost application integration \nMigrated the existing SOAP JAX-WS web service to REST API for better performance.\nConsumed and developed Restful Services with JAX-RS and Jersey.\nInvolved in Performance Tuning of Java Enterprise applications.\nUsed Soap UI Pro for Testing Web services.\nDeveloped SQL and PL/SQL scripts to transfer tables across the schemas and databases.\nDeveloped Stored Procedures, Functions and created database tables.\nUsed Clear Case for Source Control Management and GitHub Version control system for check-in and Checkout the code through different branches. \nCoded Test Cases and created Mock Objects using JMock and used JUnit to run tests.\nEnvironment: Spring Framework 3.0, Hibernate 3.0, Java 1.7, UML, J2EE, SQL, SVN, Mule Soft (Mule ESB),Java Script, SOAP 2.0 Restful Services, Node JS Git-Hub.\n\nClient: Fidelity Investments, Durham, NC                                                  Jan 2015 – Aug 2015\nRole: Sr. Java developer\nTitle: Fidelity Portfolio Advisory Services at work (F-PASW)\nDescription: Fidelity Portfolio Advisory Services at Work which allow customers to invest money and manage their 401k accounts through different channels like QP, IPQ which will be online and is free for fidelity employees. PASW manages different types of accounts like Work place accounts, Retirement accounts, Manual accounts and Full View accounts. Based on the customer plan and account the investment strategy will be defined and varies on market fluctuations.\nResponsibilities:\nInvolved in complete software development life cycle management using UML (Unified Modeling Language) - Requirements gathering, Conceptual design, Analysis, Detailed design, and Development.\nWorked on enhancements of Client GUI pages using HTML, JSP and JavaScript.\nWorked with build in tools like ANT and MAVEN.\nUsed Spring IOC, spring Boot & Spring Batch framework for processing DB records\nCoded Test Cases and created Mock Objects using JMock and used JUnit to run tests.\nResponsible to resolve design issues and develop strategies to make ongoing improvements that support system flexibility and performance.\nCreated the Node.js EXPRESS Server combined with Socket.io to build MVC framework from front-end side AngularJS to back-end MongoDB, in order to provide broadcast service as well as chatting service. \nSONAR is used to ensure Quality and Process Improvement of a product.\nResponsible to approve “Test Cases” created by Testing Team. Provide technical support to testing team to fix any issues in Functional Testing.\nMaintained, structured, and surveyed documents within the NOSQL MongoDB database.\nWorked on JBOSS application Server to deploy application.\nWorked on Server Side JavaScript development using NodeJS and Web Sockets\nConsumed and developed Restful Services with JAX-RS and Jersey.\nUsed Soap UI Pro for Testing Web services\nDeveloped Stored Procedures, Functions and created database tables.\nDeployed Mule ESB applications into MMC (Mule Management Console).\nUsed MMC mule management console to monitor the request and response payload.\nCoded Test Cases and created Mock Objects using JMock and used JUnit to run tests.\nEnvironment: Spring Framework 3.0, Java 1.6&1.7, SQL, Mule Soft (Mule ESB), JavaScript, Restful Services, Angular2.0, NodeJS Active MQ, Git Hub.\n\nClient: AT&T SERVICES INC, DALLAS, TX                                                   Jan 2014 – Nov 2014\nRole: Sr. Java developer\nTitle: iPhone activations for a top retailer in USA \nDescription: This project allows Client to sell iPhone devices and applicable services provided by AT&T at Client store, along with other devices and services. The important part in this implementation was, we integrated AT&T services with client specific APIs. We also provide customers with a streamlined approach for adding bolt-on features and account replenishments.\nResponsibilities:\nInvolved in complete software development life cycle management using UML (Unified Modeling Language) - Requirements gathering, Conceptual design, Analysis, Detailed design, and Development.\nUsed Spring MVC framework & Integration for Server-side programming.\nDeveloped UI based on struts framework, using JSF, JSP, JSTL, Servlets and Back Bone JS DHTML with extensive java scripts to reduce Server hits, improving performance.    \nDeveloped Servlets and JSP to interact with Enterprise Java Beans (EJB) containing all the Business Logic. \nUsed Hibernate as the persistence layer to interact with Oracle DB.\nDeveloped the Frontend application with AngularJS.\nCoded Test Cases and created Mock Objects using JMock and used JUnit to run tests. Maintained, structured, and surveyed documents within the MongoDB database.\nResponsible to resolve design issues and develop strategies to make ongoing improvements that support system flexibility and performance.\nResponsible to approve “Test Cases” created by Testing Team. Provide technical support to testing team to fix any issues in Functional Testing.\nDeveloped JavaScript code to feed data-tables of Google Charts API with data, then draw charts with animation effect\nDeveloped JSP as the view, Servlets as Controller to make calls to EJB as model\nWorked on JBOSS Application Server to deploy application.\nConsumed and developed Restful Services with JAX-RS and Jersey.\nUsed Apache Camel with URIs to work directly with any kind of Transport or messaging model such as HTTP, Active MQ, RabbitMQ and JMS.\nCoded Test Cases and created Mock Objects using JMock and used JUnit to run tests.\nEnvironment: Spring Framework 3.0, Hibernate, Java 1.6, Angular JS, Node JS, HTML, CSS, Servlets, SQL, Java Script, WebSphere Application Server, SOAP 1.2, RestFul Services.\n\nClient: Bank of America, Charlotte, NC                                 \t    Nov 2011 – Dec 2013\nRole: Java developer\nProject: HAS (health savings account)\nDescription: A Health Savings account (HSA) is a special account owned by an individual where contributions to the account are used to pay for current and future qualified medical expenses, also saving taxes on the savings. These accounts are available for individual and businesses, also the employers can also sponsor HSA’s for the employees, dependents etc. The account can be accesses online or using HSA debit card. The HSA works in conjunction with high deductible health insurance plan.\nResponsibilities:\nAnalyzed Business Requirements and Identified mapping documents required for system and     functional testing efforts for all test scenarios.\nPerformed Requirement Gathering & Analysis by actively soliciting, analyzing and negotiating customer requirements and prepared the requirements specification document for the application using Microsoft Word.\nDeveloped Use Case diagrams, business flow diagrams, Activity/State diagrams.\nConfiguration of application using spring 2.6, Struts 1.3, Hibernate, DAO’s, Actions Classes, Java Server Pages.\nConfiguring Hibernate Struts and Tiles related XML files.\nDeveloped the application using Struts Framework that uses Model View Controller (MVC) architecture with JSP as the view.\nDeveloped presentation layer using JSF, JSP, HTML and CSS, JQuery.\nExtensively used Spring IOC for Dependency Injection and worked on Custom MVC Frameworks loosely based on Struts.\nDeveloped the Frontend application with Angular JS.\nDeveloped Servlets and Java Server Pages (JSP), to route the submittals to the EJB components and render-retrieved information using Session Facade, Service Locator (design pattern). \nUsed JDBC to invoke Stored Procedures and also used JDBC for database connectivity to SQL.\nDeployed the applications on WebSphere Application Server.\nUsed Oracle11g database for tables creation and involved in writing SQL queries using Joins and Stored Procedures.\nWriting complex SQL queries and reviewing SQL queries for the other team members.\nUsed Apache Camel with URIs to work directly with any kind of Transport or messaging model    such as HTTP, ActiveMQ, RabbitMQ and JMS.\nConsumed and developed Restful Services with JSON and Jersey API’s.\nEnvironment: JDK 1.5, JSP, JSF2.0, Struts 1.3, Eclipse 3.5, Hibernate, Oracle 11g, Restful Services, JAX-RS, Jersey, Apache Camel, Angular JS, JavaScript, HTML5, CSS, JQuery 1.4, EJB 3.0, Nodejs.\n\nClient: Tata Tele services ltd, India                                                 June 2009 – Oct 2011\nRole: java developer\nProject: TTSL-telecom\nDescription: A web service project for TTSL portal used by the customers of the TTSL-Wireless. This project is to create web services that will be accessed by the front end.  TTSL offers variety of products like prepaid, postpaid and Apple care products. My Role in this project is to develop and test the web services of several events. \nResponsibilities:\nResponsible for writing functional and technical documents for the modules developed.\nExtensively used J2EE design Patterns.\nUsed Agile/Scrum methodology to develop and maintain the project\nDeveloped business logic using Spring MVC and spring Boot.\nDeveloped DAO layer using Hibernate, JPA, and Spring JDBC.\nUsed Oracle 10g as the database and used Oracle SQL developer to access the database.\nUsed Eclipse Helios for developing the code.\nUsed Oracle SQL developer for the writing queries or procedures in SQL.\nImplemented Struts tab libraries for HTML, beans, and tiles for developing User Interfaces.\nInvolved in Performance Tuning of the application.\nUsed Log4J for extensible logging, debugging and error tracing.\nUsed Oracle Service Bus for creating the proxy WSDL and then provide that to consumers\nUsed UNIX scripts for creating a batch processing scheduler for JMS Queue.\nNeed to discuss with the client and the project manager regarding the new developments and the errors.\nCoded the UI using Struts Forms and Tags. Used JavaScript for front end development.\nDocumented all the modules and deployed on server in time.\nEnvironment: Java 1.5, Spring, Hibernate, XML, XSD, XSLT, Web services, XMPP, SIP, JMS, SOAP UI, Web logic, Oracle 10g, Oracle SQL developer, Apache Camel.\n\nSierra Atlantic-Hyderabad, India                                             \t June 2008 – May2009\nRole: intern java developer\nDescription: Merchant Content Program (MCP): Merchant Content Program is an internal web application used by the Sales team within Rewards Network. This application is used to publish Merchant Content to the Rewards Network website. It provides status notification, generates reports for frequent flier and dining rewards earned. It monitors status changes for each merchant by providing email notifications.  The system is functionally divided into two modules, Vendor Module which will be accessed by the sales team to upload merchant content, administration module which is used by Sales manager to monitor status of each merchant.\nResponsibilities:\nDeveloped web tire using Servlets, JSP, Struts, Tiles, JavaScript, HTML and XML.\nResponsible for Design & Implementation of Online Survey module\nUsed Front Controller design pattern for Domain blocking module. Also, extensively used Singleton, DAO design patterns for enhancements to other modules.\nImplemented Client Side and Server Side validations using Java Script and Struts Validation Framework on Login and Registration forms. \nInvolved in creation of Use Cases and Test Cases. And, involved in execution of Unit Test cases and Integration test cases.\nDevelopment of PL/SQL Stored Procedures to be used by the Java DAO layer\nDevelopment of UI Mock Prototype using HTML and Java Script for Domain Blocking module.\nInvolved in framing and documenting the Coding standards and best practices for the team, which improved the code quality and performance of the application.\nUsed CVS as version control.\nEnvironment: Java, JSP, Struts, Tiles Servlet, JavaScript, HTML, Struts, Eclipse, IBM UDB, XML and XSL\nTools Used: Eclipse IDE, Tomcat, Oracle Developer, Toad and CVS\n\nEDUCATION:\nBachelor in Computers at JNTU, HYDERABAD, INDIA\n",
    "extracted_skills": [
        "agile",
        "angular",
        "aws",
        "cassandra",
        "collaboration",
        "css",
        "ec2",
        "git",
        "html",
        "java",
        "javascript",
        "jenkins",
        "lambda",
        "mongodb",
        "node.js",
        "oracle",
        "rds",
        "rest api",
        "s3",
        "scrum",
        "sql"
    ]
}