{
    "id": "resume_1e70b2fa-7ca6-44e1-bf91-ba6dfba7a940",
    "metadata": {
        "filename": "jagadeesh k.docx",
        "processed_date": "2025-09-24T08:45:41.732057+00:00"
    },
    "raw_text": "JAGADEESH\nJagadeesh14917@gmail.com\n(872) 216-6679\n\nPROFESSIONAL SUMMARY:\nAround 8 years of Technical Experience in developing Java/J2EE applications\nExperience in all phases of Project & Product development life cycle that includes System Study, Analysis, Design, Development, Integration, Testing, Deployment, Maintenance, Re-Engineering, and Documentation \nWorked in developing Core Java applications and Object Oriented design with strong knowledge in Collections, Multithreading and exception handling.\nExperienced in developing the UI screens using HTML5, CSS, JavaScript, JQuery, Ajax, bootstrap, Node JS, Angular JS.\nExperience in using frameworks like Struts, Spring MVC, JSF, JDBC and build tools like ANT, MAVEN, JENKINS and logging framework log4J.\nExperience in working on various spring modules (Spring MVC, DAO and AOP) along with Hibernate as the back-end ORM tool for implementation of persistence layer and mapping of POJOs.\nExperience in Java Web Services with using REST, SOAP, WSDL and UDDI, JAXB technologies in Contract-first and Code-first approaches\nExperience in implementing Design Patterns like Singleton, Factory, Session Facade, MVC, Data Access Object and Business Delegate\nExcellent experience in the design, development and implementation of Model-View-Controller (MVC) using a Struts Framework, Design Patterns and DAO’s using Hibernate, J2EE Architecture, SDLC, Software Engineering, Object Modeling, Data Modeling, UML\nExperience writing JUnit and TDD for application integration testing and unit testing \nExpertise in Web Front End Technologies Struts, Tag Libraries and Struts custom validation rules, Tiles, JSTL, Java Script, DHTML and XML/XSL \nHands on experience in implementing client-server business applications using MVC, SOA architecture and Micro Services\nHave good knowledge on Single Sign On(SSO) and Identity Management\nStrong working experience using XML DTD and XML Schemas. Experienced in parsing (DOM and SAX) XML using JAXP API\nExperienced in API’s design and Implementations. \nExperienced in JMS over messaging to exchange the information in more reliable and asynchronous way in enterprise Applications. Used Apache Active MQ and Apache Camel as JMS provider\nExperience on different IDEs such as RAD, Eclipse, Spring Tool Suite[STS] and deployment using Application Servers like Pivotal Cloud Foundry, BEA Web Logic, JBOSS, IBM Web Sphere and Apache Tomcat \nExperienced in RDBMS such as Oracle, Cassandra, MySQL, PostgreSQL and IBM DB2 databases. Used NoSQL DB database Mongo DB for proof of concept and having Experience in create a Stored Procedures and having Experience in Remote Procedure call (RPC) and Redis\nExcellent in deploying the applications in AWS as EC2 instances and create snapshots for the data that must be stored in AWS S3\nCreated and Configure micro service architecture for CDT Directory project and integrated with AngularJS application\nCreated continuous delivery pipeline for CDT Directory to run the war, Ami and deploy jobs in Jenkins brew master instance, which reduces the time for the deployment of micro services\nStrong SOA, Rest Services and Web Services experience\nDeveloped Networking policies for Docker Containers. Worked on Open source development tools like Docker Containers, Mesos, Kubernetes. Also, worked on GitHub.\nProficient in SQL and wrote Stored Procedures, Triggers besides writing DDL, DML and transaction queries with development tools like TOAD and Aqua Data Studio\nSubversion (SVN), CVS, GitHub and Visual Source Safe as versioning software tools\nExperience in working with ORM tools like Hibernate and Top Link Essentials\nAbility to work effectively on the UNIX, Linux and OSX platforms\nExcellent Analytical, Communication and Interpersonal skills.  Good experience in developing applications using Agile Scrum methodology\n\n\nTECHNICAL SKILLS:\n\nPROFESSIONAL EXPERIENCE:\n                                                                                                                                   \nClient: Nationwide Insurance, Columbus, OH\t\t                                                                            April 15 – Till Now\nRole: Sr. Java/J2EE Developer\t\t\t\t\t\t\t                                   \nProject: CIQ (commercial Internet Quote)\n\nDescription: \nNationwide Mutual Insurance Company is well known for providing insurance and financial services in the United States. One of the Web Application CIQ involves the design and development of a Web based internet application to provide online insurance services. The web application provides functionalities such as Internet Insurance Quote for Customers and Agents. The customer can access complete account information, policy information, and receive instant auto insurance quote and report a claim. Developed from scratch therefore involved in Design and Development of the web application until deployment and production support.\n\nResponsibilities:\nWorked as per Agile Methodology(Scrum) to meet customer expectation, timelines with quality deliverables\nExtensively worked with business analysts and the end users to gather and finalize the requirements\nDeveloped the User Interface using JSP, Spring MVC, HTML5, CSS3, JavaScript, Node JS and enhanced response using twitter Bootstrap/-\nUsed JQuery to handle cross browser issues and to produce more interactive pages \nUsed Two-way data binding features of AngularJS to implement Data binding to bind various server controls to the data from database\nDesigned and implemented AJAX server calls to dynamically retrieve customer information.\nUsed the Spring IOC feature to get Hibernate session factory and resolve other bean dependencies Also used Spring framework AOP features\nCreated Hibernate mapping files, sessions, transactions, Query and Criteria's to fetch the data from SQL based schema \nImplemented the application using Spring IOC, Spring MVC Framework, Spring Batch, Spring Boot and handled the security using Spring Security\nImplemented Batch jobs using Spring Batch Framework to execute the similar jobs simultaneously   \nDeveloped the persistence layer using Hibernate (ORM) Framework, created the POJO objects and mapped using Hibernate (ORM) annotations \nImplemented service methods and SQL queries, PL/SQL to interact with the Oracle DBMS\nDesigned and implemented stored procedures, functions and packages to store information from various sources for risk analysis using PL/SQL\nInstalled, secured, and configured AWS cloud servers and Amazon AWS virtual servers (Linux)\nExperienced working with database setup and maintenance on AWS EC2\nDesigned and implemented MongoDB based database and created REST enabled Web Services\nDesigned and developed XML validation functionality and store XML document in database \nDesigned and developed functionality to retrieve XML document from database and un-marshaling XML document to JSON document \nDesigned and developed RESTful Services to retrieving configuration JSON documents related to customer\nIdentified, reported and managed defects using defect tracking system using JIRA\nCreated UNIX shell scripting for periodic generation of reports\nUsed Eclipse Luna as IDE to develop the application and followed the standard features for debugging and running\nLog4J was used to monitor the error logs and used migrated Docker to GIT as version control tool \nFollowed the Maven build life cycle to build the application and deployed into Tomcat application server\nDeveloped test cases and performed unit testing using JUnit\nEnvironment: Core Java, Java/J2EE, JDK, Spring MVC, Spring Boot, Spring Batch, Spring Security, Hibernate(ORM), Apache Tomcat, Agile methodology, RESTful Web Services, JSP, MySQL, Teradata, MongoDB HTML5, CSS3, Java Script, JQuery, Angular JS, Node JS, Bootstrap, MongoDB, Oracle, SQL, PL/SQL, Maven, Eclipse, Log4j, JUnit, GIT, Docker, AWS EC2, JIRA.\n\n                                       \nClient: CISCO, San Jose, CA                                                                                                                                    Feb 13 – March 15\nRole: Sr. Java/J2EE Developer\nProject: Resource Management System\n\nDescription: \nCISCO is the worldwide leader in networking that transforms how people connect, communicate and collaborate. SSTG (Smart Services Technology Group) is one of the core engineering teams in CISCO that builds customer-focused software support tools and components.  Resource Management System is an internal tool developed under SSTG.  Resource Management System is used by the managers of departments to search for the resources based upon particular skill set.  Resources can be selected to check their availability and to find the details about the projects they are working on.\n\nResponsibilities:\nWorked on High level and low level system design, planning, estimation and implementation\nDeveloped presentation layer using JSP, Struts Tag libraries, HTML, XHTML, CSS and client validation using JavaScript, DOM\nUsed two-way data binding features of AngularJS to implement Data binding to bind various server controls to the data from database\nImplemented animation and styling using CSS3 and JQuery\nInvolved in writing JSP and JSF components. Used JSTL Tag library to create standard dynamic web pages\nWorked on XML and JSON for transferring and retrieving data between different applications\nWorked on generating the web services classes by using Service Oriented Architecture Micro Services, SOA, WSDL, UDDI and SOAP and Deployed in AWS.\nDesigned and integrated the full-scale Struts/ Hibernate persistence solution with the application architecture\nImplemented Object Relational Persistence(Hibernate) for the domain model\nInvolved in design and development of the Hibernate Domain Model(ORM) for the services\nWorked on web services and associated business modules integration\nWorked on development and implementation of the MVC Architectural pattern using Struts Framework including JSP, JSF, Servlets and Action classes\nInvolved in identifying and implementation of different J2EE design patterns like Service Locator, Business Delegate, and DAO\nResponsible for developing Use case diagrams, class diagrams, Sequence diagrams and process flow diagrams for the modules using UML and Rational Rose\nDeveloped the DAO layer for the application using Spring Hibernate template support\nUsed JMS API for communication between the components\nImplemented the NoSQL databases like Casandra and later writing complex PL/SQL queries using joins, Stored Procedures, Functions, Triggers, cursors, and indexes in Data Access Layer using PostgreSQL, Cassandra as a database.\nCollaborated with testers and developers and prepared test plans for producing high quality software applications\nExperience in using JUnit and build tools such as MAVEN\nWorked on Log4j for logging errors, messages and performance logs and SVN for version control\nDeployed and tested the application in Unix on JBOSS Application Server\nEnvironment: Java, J2EE, HTML, Hibernate, Java SDK, SOA, Micro Services, WSDL, UDDI, SOAP, JavaScript, JMS, Struts,\nJSON, Servlet 2.2, JSF, JSP, CSS3, HTML, Cassandra, AWS, PostgreSQL, DHTML, JQuery, Angular JS, AJAX, JDBC, Oracle, Maven, Log4J, SVN, UML, JAXB, XML, Scrum, Unix/Linux, JUnit.\n\n\n\nClient: John Deere Financial, Johnston, IA                                                                                                   Nov 11 – Feb 13\nRole: Java/J2EE Developer\n\nDescription:\nCustomer Self Service application is used by all John Deere Financial customers where they can pay the loan and view the loan details. It will process direct payments for Installment, Lease and Revolving account customers. CSS has more than 450000 accounts. This Multi-language based application and handle English and French languages.\n\nResponsibilities:\nInvolved in deployment of full Software Development Life Cycle (SDLC) of the tracking system like Requirement gathering, Conceptual Design, Analysis, Detail design, Development, System Testing and User Acceptance\nWorked in Agile Scrum methodology\nInvolved in writing exception and validation classes using core java\nWorked with Java and Big Data NoSQL database Cassandra\nDesigned and implemented the user interface using JSP, XSL, DHTML, Servlets, JavaScript, HTML, CSS and AJAX\nDeveloped framework using Java, MySQL and web server technologies\nExperience in developing server side of an application using NodeJS and Java\nValidated the XML documents with XSD validation and transformed to XHTML using XSLT\nImplemented cross cutting concerns as aspects at Service layer using Spring AOP and of DAO objects using Spring-ORM\nSpring beans were used for controlling the flow between UI and Hibernate\nServices using SOAP, WSDL, UDDI, JAXB and XML using CXF framework tool/Apache Commons\nWorked on MongoDB database interaction layer for insertions, updating   and retrieval operations of data from data base by using queries and writing stored procedures\nWrote Stored Procedures and complicated queries for IBM DB2. Implemented SOA architecture with Web\nUsed Eclipse IDE for development and JBoss Application Server for deploying the web application\nUsed Apache Camel for creating routes using Web Service\nUsed JReport for the generation of reports of the application\nUsed Web Logic as application server and Log4j for application logging and debugging\nUsed CVS version controlling tool and project build tool using ANT\n\nEnvironment: Java, J2EE, HTML, CSS, JSTL, JavaScript, Servlets, JSP, Hibernate, Struts, Web Services, Eclipse, NodeJS, JBoss, JSP, JMS, JReport, Scrum, No SQL (MongoDB), MySQL, IBM DB2, SOAP, WSDL, UDDI, JAXB, AJAX, XML, XSD, XSLT, Oracle, Linux, JBoss, Log4J, JUnit, ANT, CVS\n\t\t\t\t\t\nClient: YASH Technologies, Pune, India \t                                                                                               Nov 2009 – Oct 2011\t\nRole: Java/J2EE Programmer\nProject: System Management\n\nDescription: The objective of this project is to implement a web based front end system which can be used by the employees, managers and higher level management having specific role permissions for effective processing of day to day business activities in the company like leave management, project management and resource management etc.\n\nResponsibilities:\nDeveloped the application using Struts Framework that leverages classical Model View Controller (MVC) architecture.\nDesigned the user interfaces using JSPs, developed custom tags, and used JSTL Taglib.\nDeveloped various java business classes for handling different functions.\nDeveloped controller classes using Struts, EJB and tiles API.\nInvolved in Documentation and Use case design using UML modeling include development of Class diagrams, Sequence diagrams, and Use Case Transaction diagrams.\nParticipated in design and code reviews\nDeveloped User Interface using AJAX in JSP and also performed client-side validation.\nDeveloped JUnit test cases for all the developed modules. Used SVN as version control.\n\nEnvironment: Java, J2EE, JSP, Struts, EJB JNDI, DB2, HTML, XML, DOM, SAX, ANT, AJAX, Rational Rose, Eclipse, SOAP, Apache Tomcat, Oracle 10g, LOG4J, SVN.\n\n\nClient: Zealous Web Technology, Gujarat, India      \t\t                 \t\t\tJul 2008 – Oct 2009\nRole: Software Developer\n\nDescription: The goal of this project was to develop an online system to facilitate the tracking of various projects and related resources. The system implemented various user levels for the security purposes. Development was mainly done using Servlet for Back-End and JSP for Front-End. \nResponsibilities:\nInvolved in understanding and analyzing the requirements of the project.\nImplemented server side programs by using Servlets, EJB and JSP.\nDesigned, developed and User Interface using HTML, JavaScript, AJAX and CSS.\nUsed JavaScript to perform Client Side Validation.\nImplemented using the MVC design pattern.\nResponsible for designing, coding and developed the application in J2EE using Struts MVC. 4\nDeveloped Controller Servlets, Action and Action Form objects for process of interacting with MySQL database using Struts.\nDeveloped SQL Queries to interact with the MY SQL Database and used JDBC to interact with the Database. \nInvolved in Unit testing for various components.\nUsed Log4J for any logging purposes during the development of the application.\nUsed Apache Tomcat Server to deploy the build.\nUsed Clear Case as repository to control versioning of projects\nEnvironment: Java, J2EE, JSP, EJB, Servlets, HTML, JavaScript, Struts, MVC, JDBC, MYSQL, Unit Testing, My Eclipse IDE, UNIX, Log4j, Tomcat Application Server.\n\n\n\n\n\t\t\n\n\n\n\n\n\n\n",
    "extracted_skills": [
        "agile",
        "angular",
        "aws",
        "cassandra",
        "communication",
        "css",
        "docker",
        "ec2",
        "git",
        "html",
        "java",
        "javascript",
        "jenkins",
        "jira",
        "kubernetes",
        "mongodb",
        "mysql",
        "oracle",
        "postgresql",
        "project management",
        "redis",
        "s3",
        "scrum",
        "sql"
    ]
}