{
    "id": "resume_707a03d3-84aa-4d1b-97d6-f2babb344b1e",
    "metadata": {
        "filename": "Krishna Sr. BSA Resume.docx",
        "processed_date": "2025-09-24T08:45:42.640295+00:00"
    },
    "raw_text": "Krishna\nSr. Business Systems Analyst\nkrishna.srbsa@gmail.com       Phone : 201-708-8565\t\nSUMMARY  \nIT professional with over 8+ years of Industrial experience in Insurance, E-commerce and Digital Marketing. Possess effective Communication, analytical and problem-solving skills with Creative Implementation Techniques.\nHighly skilled professional with industrial experience on standard Software Development Life Cycle (SDLC) methodologies like Waterfall, Scrum, Kanban and Waterfall-Scrum Hybrid and have decent understanding on Rational Unified Process.  \nProficient in Stakeholder Analysis, Impact Analysis, Risk analysis, Change Management, Dependency Management, Conflict Management Cost-Benefit Analysis and Gap Analysis includes AS-IS and TO-BE analytical techniques. \nSeasoned in facilitating Scrum Ceremonies including User Story Workshops, Daily Scrum, Sprint Planning, Sprint Review, Sprint Retrospective and Backlog Refinement meeting. \nPerformed Business Process Modelling (BPM), Analysis & Re-engineering and providing solutions for issues relating to Risk management and Solution Management processes for better and efficient decision making in time.\nExpertise in designing, Mockups, Wire Frames, Prototypes and Power Point Presentation.\nExpertise in gathering and managing Requirements and tracked defects working with Jira, Rally (CA Agile), SharePoint Enterprise 2016, HP Application Lifecycle Management (HPALM) and HP Quality Center (HPQC).\nProficient in conducting and facilitating Joint Application Design (JAD) sessions and interviews, brainstorming sessions, questionnaire, Document analysis, focus group, workshops, and Status Demo sessions. \nProficiency in gathering requirements and transforming them into Functional and Non-Functional specifications.\nProficient in Object Oriented Analysis (OOA) and well acquainted with workflows and Unified Modeling Language (UML) diagrams including Use Cases, Activity charts, Sequence diagrams, ER diagrams and Data flow diagrams (DFD’s) using Rational Rose and MS-Visio thus assisting development team in preparing Business Process Model. \nExtensive experience in drafting and analyzing Request for Proposal (RFP) and Request for Information (RFI), Business Requirements Document (BRD), Functional Specification Documents (FSD), Software Requirement Specifications (SRS), Use Case documentation and Requirement Traceability Matrix (RTM)\nAcquainted with Relational Database Management systems (RDBMS), Meta Data Analysis programmed SQL Queries, business logics, Stored Procedures and exposure to various databases and modelling techniques. \nExpertise in creating ER Diagrams with Conceptual Data models, Physical Data models by capturing the requirements.\nExtensive knowledge on Data Warehousing architecture, Implementation approaches, schemas, dimensional modeling, Data Marts, Rapidly and Slowly Changing Dimensions, OLAP Cubes operations, and able to perform Reverse Engineering Analysis interpreting the business requirements and identify the source systems.\nProficient in drafting Data Dictionaries, Data Mappings and identifying various Transformations ensuring the Data Integrity.\nExtensive experience over ETL (Extract Transform Load) process in Data Integration, Data Migration and Data Warehousing using Informatica Power Centre, IDQ (Data Quality) and SSIS-SSAS-SSRS with planning strategies and Management.\nComprehensive understanding of Three-Tier Architecture and Service Oriented Architecture (SOA), Web Services, APIs, REST & SOAP using XML, JSON, WSDL and UDDI, with internet protocol suites like HTTP/HTTPS and FTPS.\nDecent exposure with Administration, configuration, Implementation, and Data Loading process, Application Integration in Salesforce CRM, SOQL and SOSL querying and Application development with Apex and visual force.  \nExtensive experience in Declarative approach of Development by designing Custom Applications, Objects, Fields, Access Matrix ensuing the Data Security ( at Object level, Field level and Record level), Org Wide Default (OWD) rules,  profile management,  page layout, search layout, Import wizard, ER diagramming and Dependency identification, licensing, Permission Sets, Email Templates, Automation  of Outbound Message and emails, Role Based Page Layouts, Workflow Alerts and Actions, Validation Rules, Approval Processes, Field mapping, Custom Tabs, Custom Reports, Report Extractions to various formats, Audit Trail, Snapshots, Dashboards , Approval Flow Diagrams.\nProficient in Technical Writing and API testing using SOAP UI 4.5, Swagger and Postman 4.8.0.\nCollaborate with Quality Assurance Team and well versed in conducting various testing like Functionality testing, System Testing, Performance Testing and User Acceptance Testing (UAT) and helped in developing test plans & test scenarios.\nExpert in preparing Training manuals, Project Implementation Materials and Standard Operating Procedures.\n\n\n\n\n\n\n\nTECHNICAL SKILLS\n\nEDUCATION \nBachelors of Technology - Jawaharlal Nehru Technological University\n\nPROFESSIONAL EXPERIENCE \n1. Germania Insurance, Brenham, TX\t\tSr. Business Systems Analyst\t\t\tFeb 2017- Till date \nThe aim of the project to develop an Enterprise Level Information Intelligence System and there by integrate with Duck Creek Suit (Insights)  and Salesforce CRM , which enables Risk Management Team, Actuaries and Decision Support Systems to perform Consolidated Geo-Special Analysis which helps in Managing the Risk in multiple line of business like Life Insurance, P&C Insurance  for both Personal and Commercial policies and taking appropriate decisions in time further provides competitive advantages in Policy Pricing, Underwriting, Risk Exposure management, Catastrophic management, financial survival and Reinsurance Planning.\nAssisted the project managers in developing project plan that included Project Schedules, Milestones tracking, and Meeting minutes using MS Project.\nCreated Business Process Workflow diagrams of Current and Expected System, using MS Visio and makes sure that both business and technical teams understand the process.\nElicited business requirements by conducting JAD sessions, Interviews, Focus Groups and Brain Storming sessions.\nDrafted and Managed Business Requirement Document (BRD) and Functional Requirement Specifications (FRS) in Share Point Enterprise 2016 and led the Requirement Workshops where the specifications get converted into User Stories. \nCreated and maintained Requirement Traceability Matrix (RTM) correlating the system requirements to functional- nonfunctional requirements and then to test cases.\nWorked closely with Data Analyst Team and assisted in assuring the integrity of the collected data.\nAnalyzed and drafted Service Detailed documents from Web Service Description Language (WSDL).\nCo-ordinated the Quality Assurance teams in Application Programming Interfaces (APIs) testing using Postman 4.8.0 and assisted in Technical Writing Workshops.\nProactively defined Reporting-Business Rules for Business Intelligence Analysts to expand on KPI metrics. \nWorked on Relational Database Management systems (RDBMS), programmed SQL Queries, Metadata Analysis and documented Data Dictionaries and Data Mapping Artifacts.\n\n\n\n\nAssisted Quality Assurance Team with Test Plans, Test scenarios and Test cases.\nInvolved in System Integration Test Planning, Test Preparation, Test Execution and Issue Resolution and Report Generation to assure that all aspects of a Project are in compliance with the Business rules.\nFacilitated the Pre UAT (User Acceptance Testing) and UAT; assisted in testing and maintaining quality procedures such as Black box and Regression testing; created all the relevant documents for appropriate users.\nCreated User Manuals with detailed list of parameters and system responsive screen shots. \nEnvironment: Waterfall-Scrum Hybrid, Duck Creek Suit, TDD, Eclipse Mars 4.7, ArcGIS Enterprise 10.3, Share Point Enterprise 2016, JIRA, MS Visio, MS Project, SOA, RESTful, JSON, XML, Informatica Power Centre, IDQ, Postman 4.8.0 - API Testing, Oracle 11g, AWS, MS Office tools (MS Word, MS Excel, MS PowerPoint), MySQL Workbench.\n\n2. Sun Life Financial, Boston, MA\tBusiness Analyst/ Scrum Master\t\t\tJul 2015-Feb 2017\nThe project was to completely migrate the Legacy CRM Application on the Premises to the Salesforce CRM to reduce its footprint and overhead costs that comes up with infrastructure maintenance. As part of this vision, the organization wanted to integrate the migrated Application with the Enterprise Service Bus(ESB) with in a Service Oriented Architecture (SOA). \nElicited business requirements for the project using interviews, document analysis, surveys, site visits, use case scenarios and used standard template of the organization to develop requirements.\nGather the acceptance down time windows from System Traffic Reports and assist the project management team in Batch processing and Migration Strategy.\nResponsible for Stakeholder Analysis, Managing the requirements creating UML diagrams (Use Cases, Activity Diagram and Class Diagram) to capture and represent the dynamic behavior of different applications.\nProvided Administrative Support and created Custom objects, fields- Leads, Marketing, Campaign, Dashboard, Sales, and Account for Salesforce. Configured security and organizational hierarchy for sales for salesforce implementation.\nInvolved in Design and development of Workflows rules, Testing, triggers, validation rules and customizations with Salesforce, Configured Reports for custom objects and associated them to Dashboard.\nCustomized page layouts for Salesforce standard and customized workflows, Approval process, objects, Dashboards, Out bound messaging services, Exception to OWD (Org wide Defaults) as per the requirement.\nDrafted Data Dictionaries, Data Mappings Artifacts and identified various Transformations required. \nInvolved in the System Integration Testing (SIT), and perfumed Work Flow- Functionality testing validated Test reports.\nWorked on API Documentation and Technical Writing and supported ESB Integration Team on SOA. \nFacilitated the Pre UAT (User Acceptance Testing) and UAT; assisted in testing and maintaining quality procedures such as Black box and Regression testing; created all the relevant documents for appropriate users.\nEnvironment: Waterfall-Scrum hybrid, JIRA, Confluence, MS project, MS office Tools (Word, Excel, PPT and Visio), Salesforce CRM, APEX, Data loader, Visual force, Webservices, Force.com IDE, Mule soft ESB, SOA, Guidewire Suit, XML, WSDL, SOQL.\n\n3. Alaska DOLWD, Anchorage\t\t\tSr. Business Systems Analyst\t\t\tFeb 2014-Jun 2015\nThe aim of project was to build an upgraded Data Warehouse System for Workforce Development Department, by extracting data from heterogeneous databases. The resulted data system comprised a single repository for data records spanning the full range of workforce systems, including unemployment insurance, apprenticeship training and the One-Stop Career Centers, enabled with better enhanced analysis, financial surveillance, budget allocation, expenditure tracking and consolidated reporting capabilities.\nPerused and finalized the ready ness of Request for Proposals (RPF) and assisted the Project Management Team in creating Response Documentation, Project Charters. \nFacilitated JAD sessions as Moderator and conducted interviews, focus groups with various Subject Matter Experts (SMEs) \nand stakeholders, process reviews and policy & procedure reviews to elicit requirements.\nProactively participated in LAND SCAPE Analysis to identify the GAP between the current and expected system.  \nPrepared Business Requirement Document (BRD/HLD) and assisted preparation of System Requirement Specification (SRS). Further Analyzed, modified and validated requirement artifacts. \nUsed Reverse-Engineering techniques to be identified the missing sources and attributes.\nCreated Business Use Cases and built Use Case Diagram and Activity Diagram using Smart Draw.\nCollaborated with the Data Architects in Designing & Modelling the Targeted Data Bases.\n\n\n\n\nHighly involved in Dimensional Analysis, Meta Data Analysis, System Catalog Analysis and created Data Dictionaries.     \nAssisted Data modeling process by creating conceptual and logical ER diagrams and designing database schemas to help development of an accurate Data Warehouse Structure.\nAssisted in Source Data Analysis and Extraction Strategy using SSIS as an extraction and integration platform. \nCreated Data Dictionaries and Data Mapping Documents (S2T Artifacts) with all the required transformation logics.  \nWorked with QA team to design and develop Test Plan and Test Cases to perform User Acceptance Testing (UAT), Functional Testing and Regression Testing.\nAssisted in Strategical Planning for Data Integrity, Data quality and adding Data Verification and Validity to maintain accuracy and effectiveness of data.\nInvolved with Business Intelligence (BI) team creating report catalogs and required parameters as per the requirements.\nQuery Multiple Data bases PostgreSQL, MS SQL with SQL queries and documents the analysis reports.\nCollaborated with in Test Planning, Test Preparation, Test Execution and Issue Resolution and Report Generation to assure that all aspects of a Project are in Compliance with the Business Requirements\nExperienced in Logging and tracking the defects using HP Quality Center. Created an error repository and managed the testing process with the QA team\nWorked with BI team in creating the Training Manuals with Standard Operational Procedure. Helped the end users getting accustomed to the system by live demonstrations and system tutorials.\nEnvironment: Waterfall, MS Office suit, SSIS_SSAS_SSRS, MS VISIO, MS Project, MS TFS, DWH Architecture, SharePoint, Erwin 9.5, MS SQL, POSTGRE SQL, Main frames. \n\n4. Grange Insurance, Columbus, OH\t\tBusiness  Systems Analyst\t\t\tNov 2012-Dec 2013 \nThe client is one of the leading providers of P&C and life insurance service. The project was about creating an application on the salesforce platform that tracks the customers interests searches on the Enterprise web site and connect it to CRM System data, so that the Marketing Management Team can pay attention to their prospect’s interests.\nInteracted with users and stakeholders to identify business needs, evaluated solutions for business problems.\nConducted Joint Application Development (JAD) sessions and Requirement Workshops (RW) with Subject Matter Experts. \nConfigured Data security and Organizational hierarchy for Org salesforce implementation.\nCustomized page layouts, custom objects, fields, Dashboard, Sales, and Account.\nInvolved in Design and development of Workflows rules, triggers, validation rules and customizations with Salesforce.\nAdministered Salesforce CRM applications for Sales, Marketing and Support Departments.\nResponsible for all the activities related to configuring Import Wizards, Data Loader.io, uploading data in CSV files into salesforce.com, checking for integrity of the data. Set up visibility securities like roles, profiles, field level securities.\nCreated and maintained Data Mapping Documents and Data Lineage Designs in MS Excel and MS Visio.\nDesigned and developed all Use Cases and UML models using MS Visio.\nAssisted in designed Test Plans, Test Cases for Functional Testing, Load Testing and User Acceptance testing (UAT) and assisted Quality Assurance Teams in tracking the issues.\nProvided the sophisticated user manuals and training material to the marketing team to create Product Demo videos.   \nEnvironment: AGILE Scrum, Guidewire Insurance Suit, SOA, MS project, MS office Suit, MS Project, MS Visio, Angular JS (SPA), IBM Web Sphere (Java application), Eclipse IDE Juno 3.8, Load Runner 11.5, Rally ALM, Apex Data Loader, Workflow Approvals.\n\n5. Birla Sun life Insurance, Hyderabad\t\tBusiness Systems Analyst\t\t\tFeb 2012-Oct 2012\nThe project was to develop Highly Responsive Pages (HRP) and mount them on the Enterprise website with detailed demos of Improved Business Process of an Insurance Company. And further location of Visitors and details are tracked and connected to the existing CRM system which helps the Organization to transform their Prospects into Potential customers. \nWorked with Subject Matter Experts, Digital Marketing Analyst, Project Managers and Business Owners to understand the business process gather Business Requirements and identified enhancements. \nConducted various sessions like JAD Sessions, Brain Storming and Focus Groups for eliciting pragmatic requirements.\nDrafted and Managed User Stories and Features and Create User story Dependency Matrix and Story mapping artifacts.\nDeveloped Mock Screen and Wire Frames and presented as DEMO session to the Primary Stakeholders.\n\n\n\n\n\nTo automate Cross Browser and Cross Platform testing used Selenium Testing Framework for automated Web application \ntesting and auto scripting. \nResponsible for meetings with users and stakeholders to identify problems, resolve issues and improve the process to \nensure the system meets all the goals of the project.\nProduced visual models for the application using UML MS Visio to create Use Cases, Sequence Diagrams.\nCollaborated and negotiated with stakeholders in defining project scope boundaries. \nEnvironment: SCRUM, MS Visio, MS Office Suite, AJAX Framework, Selenium Testing Framework, POSTGRE SQL, Apache Tomcat, Outlook, CRM Systems.\n\n6. Snap Deal, Hyderabad\t\t\tBusiness Analyst\t\t\t\tNov 2010- Jan 2012\nThe project was to enhance the Business Process of an E-commerce website with single-click Payment Processing System. \nInteracted with users and stakeholders to identify business needs, worked with SME’s of diverse groups to gain detailed knowledge of E-commerce shopping.\nConduct JAD sessions authored functional Requirements Document (FRD).\nUnderstood 3-Tier Architecture, Service Oriented Architecture, Data base to applications connective Strings, Web Services, Application Servers, API, Web Servers.  \nCreated Stake Holder’s Matrix, Mock Up screens. And Assisted UI team in Prototypes with HTML, CSS, JS, bootstrap.\n Drafted Traceability Matrix for tracking the requirements aligned with the test cases.  \nIdentified all necessary Business Use Cases from requirements, created UML Diagrams \nWorked as a team with other business analysts to make an object-oriented model and created use cases.\nAnalyzed Business Requirements Document (BRD) and used Microsoft Project to manage schedules, deadlines, and resources and collaborate on the project.\nEnvironment: Waterfall-Scrum Hybrid, MS Office, HTML, CSS, JS, MS Project, MS Visio, UML, Test, SQL version 2012.\n\n7. Myntra, Hyderabad\t\t\t\tUX Designer\t\t\t\t\tAug 2009 – Oct 2010  \nThe scope of the Project is to enhance the application for Ecommerce Platform for an online apparels and accessories.\nTranslate concepts into user flows, wireframes, mock-ups and prototypes that lead to intuitive user experiences.\nServed as a liaison between business team and the UI team by assisting the business in identifying, understanding their intended look and Design of the Pages.\nUsed Photoshop and Balsamic extensively to develop Designs and frames models.\nCollect and manage User Experience Reports/feedbacks of the former and competitor UX reports.\nPrepare Customer Analysis Reports based on the Targeted Demographics and Previous Transactions.\nCommunicating scenarios, end-to-end experiences, page layouts and Screen Designs with Cross Functional Teams.\nConduct usability tests on each independent page on the website and show case the reporting to the stakeholders.\nEnvironment: Agile- KANBAN, Adobe Photoshop, Balsamic, MS EXCEL, MS Word, MS PowerPoint.\n\n",
    "extracted_skills": [
        "agile",
        "angular",
        "aws",
        "communication",
        "confluence",
        "css",
        "data analysis",
        "html",
        "java",
        "jira",
        "mysql",
        "oracle",
        "postgresql",
        "project management",
        "scrum",
        "sql"
    ]
}