{
    "id": "resume_e57f0032-3af7-4d55-b5fd-b4e6b068299e",
    "metadata": {
        "filename": "madhuri_java.docx",
        "processed_date": "2025-09-24T08:45:43.280120+00:00"
    },
    "raw_text": "Madhuri Gogula\n\n\nEmail id: Mike@sqldatasolutionsinc.com\t\t\t\t\t\t      Phone: 516-358-1998*106\nPROFESSIONAL SUMMARY:\n\nOver 7+ years of IT experience in Design, Development, Support and Implementation of Web based applications using JAVA/J2EE Technologies (Core Java, JDBC, Servlets, JSP, EJB, XML, JMS, Struts, Spring, JBoss SEAM, JSF MVC Frameworks, Angular JS, JUNIT, Hibernate, Applets, Java Web Services).\nExperienced software developer skilled in all stages of SDLC - gathering and documenting requirements, developing project plans, designing using OOD, OOP, UML and various design patterns, managing and tracking project execution, prototyping and assisting with usability testing, developing and executing test scenarios, releasing products to production, and maintaining product releases.\nExpertise in Web-Development technologies including: AngularJs, HTML, DHTML, JavaScript, CSS, JQuery, XML, XSLT, XPATH, DOJO, AJAX, SOAP with W3C standards. Hands on experience in J2SE 1.3, 1.4 and JEE 5.\nExperience in Core Java concepts such as OOP Concepts, Collections Framework, Exception Handling, I/O System, Multi-Threading, JDBC.\nDeveloped an application using HTML, CSS, Ajax, Servlets and JSP's for front end User Interface for various modules\nExperience in web services both Restful and SOAP service.\nExperience with build tools Maven, Ant and continues build and deployment tool JENKINS.\nExperienced working with J2EE and OpenSource application Servers like IBM WebSphere, Oracle WebLogic, RedHat JBoss, and Apache Tomcat.\nExperienced in developing web applications using JSP, Servlets, JDBC, JavaScript, AJAX, JQuery, HTML5, JSON, Angular JS, ExtJS, Node.JS, Bootstrap, ReactJS and CSS3.\nGood working knowledge of web based GUI, SQL, DB design along with JQuery, Hibernate/iBatis.\nInvolved in implementation of various Design patterns including: Front Controller, Business Delegate, Data Access Object, Composite View and MVC.\nHighly proficient in developing Intranet/Internet technologies on the J2EE & Java platform with WebLogic, JBOSS, WebSphere, Tomcat Servers.\nDeveloped J2EE/JAVA apps using various IDE tools Eclipse, Intellij, WebSphere RAD.\nHands on experience in ANT, Maven and Gradle.\nDesigned Use case Diagrams, Class Diagrams, Sequence Diagrams, Flow Charts and Deployment diagrams using UML Rational Rose Tool.\nWorked on different Version Control tools CVS, GIT, Subversion and IBM Clear Case.\nDesigned web applications effectively by utilizing XML, XSLT on DOM and SAX parsers.\nHands on experience in writing Complex SQL Queries, PL/SQL and Stored Procedures.\nDevelopment experience in UNIX, LINUX and Windows (Vista, XP, NT, 2000, 95) and Cloud based virtual platforms.\nGood Knowledge on Windows PowerShell Scripting, UNIX Shell Scripting\nExperience using build tools like Ant, Maven and Gradle.\nGood experience with various Web/ Application Servers like IBM WebSphere, BEA WebLogic, JBOSS and Apache Tomcat.\nGood experienced in troubleshooting in a production environment, System maintenance and monitoring processes .\nHighly proficient in developing Object Oriented Design, Methodologies and applications in client/server and distributed environments using J2EE architecture.\n\n\n\n\n\n\n\n\nTECHNICAL SKILLS:\n\n\nPROFESSIONAL EXPERIENCE:\n\n\nAmerican Express, Phoenix, AZ\nJAVA Developer\t                                  \t\t\t\t\t    April 2017 - Till Date \n\nThis is a SOA layer developed for AMEX Bank using RESTful web services, spring and Hibernate. The intention of this project was to expose various utility methods for the calling agents to do various CRUD operations on entities interfacing customer database. As a trial run, the web services were written to do CRUD operation on the customer information, campaign/offer information and this was made available for an application called CAT (Customer Access Tool) used by call center employees of the bank to do various campaign and promotional offers for the various customers located in different geographies across the United States.\nBehind the scenes, it used Java Technologies and Spring and Hibernate to come up with the well defined three tiers Architecture involving Controllers, Service Classes and DAO classes. Hibernate was used for the required Object Relational Mapping (ORM) to interface with the AMEX database. \n \nResponsibilities: \n\nInvolved in developing the service layer for the Project which would expose various web Services to be consumed by the client. \n Developed the application using Eclipse 3.4 as the IDE and used eclipse standard/plug-in features for editing, debugging, compiling, formatting, build automation, test case template generation\nInvolved in the integration of spring for implementing Dependency Injection (DI/IoC) and AutoWiring.\nInvolved in designing the project with spring and Hibernate Framework. \nUsed RESTful web services for implementing the Business Logic. \nInvolved in the DAO layer development that connect the database using Hibernate and ORM Mapping. \nConnected the application to the MySQL database to retrieve data from various tables and provide the relevant data. \nPerformed Unit Testing on the components using JUnit Testing Framework.\n\nEnvironment: Core Java/J2EE, MySQL, Spring, Hibernate ORM, Apache Tomcat.\n\n\t\t\t\nFreddie Mac, McLean, VA\nJAVA Developer\t\t\t\t\t\t\t\t\t          Sept 2016 – Mar 2017\n\nRecalculation is one of the Freddie Mac’s in-house projects, which is a part of Pricing Execution. Pricing Recalculation is web based application that falls under overall pricing execution line of mortgage business at Freddie Mac. The pricing recalculation system does auto recalculation of mortgage loans and contracts based on the change in price affecting fields. If there is a change in the loan then it is recalculated using various loan calculators and mathematical algorithms in pricing recalculation, and within overall pricing execution line of business environment. The loan recalculation is determined after passing various validations and checks such as, repurchase of loan, and once that is done, a most recent price results are returned to the requestor. \n \nResponsibilities: \nLeading an effort to re-write Pricing Recalculation application using Java, JEE, EJB 3.0, JSF/PrimeFaces, Spring framework, and Hibernate framework with IBM DB2 as a back-end.\nDesigned the application on the lines of MVC architecture.\nDesigned, developed, and implemented various POCs which include MDBs, Event Processors, Controllers, Business Delegates, Service and DAO layers.\nUsed Spring Web Module and integrated with JSF.\nImplemented SOAP based Web-Service client to consume a service and get live market data.\nUsed clearcase as version control tool to get the code and sync the data.\nParticipated in requirements, analysis, design and code reviews in recalc project.\nDeveloped web-based user interfaces using web (JSF2) and Enterprise Technologies and for consuming JAXWS and JSP, and HTML, JavaScript, Angular JS, DHTML and XML Technologies. \nWorked with QA and other support teams to fix bugs within existing pricing definition and recalc projects.\nUsed Jenkins for integration to automatically build the project when a trigger is raised.\nWorked on different initiatives at the same time for providing effective solutions of various business problems in definition and recalc project.\n\nEnvironment: Java, JEE, Spring Framework, Hibernate Framework, EJB3.1, MDB, JSF, PrimeFaces, HTML, Web\nServices, AngularJS, JSP, XML, XSD, XSLT, Ant/Maven, WebLogic 10.3.6, IBM DB2, Eclipse, Apache Tomcat, IBM clear\ncase.\n\nState of Wisconsin DNR, Madison, Wisconsin\t\t\t \t\t     \t\t     Oct 2015 – Jul 2016\nSr. Java/J2EE developer/ Programmer Analysis\n \nDNR is dedicated to working with the citizens and businesses of Wisconsin while preserving and enhancing the natural resources of Wisconsin. In partnership with individuals and organizations, DNR staffs manage fish, wildlife, forests, parks, air and water resources while promoting a healthy, sustainable environment and a full range of outdoor opportunities.\n\nResponsibilities:\n\nCreated User Interface in DOJO/AJAX and Struts2 tags for different customized screens for each type of Provider.\nInvolved in creating UML Diagrams (Class and Sequence) during Design Phase. Designed with OOA/OOD and use -case, documented in UML diagrams.\nInvolved in the creation of interface to manage user menu and Bulk update of Attributes using Angular.js, EXT.js and JQuery.\nInvolved in implementation of MVC pattern using Angular JS, Node.Js, JSF and Spring Controller.\nDeveloped JSPs for user interfaces to interact with business layer. Developed Servlets to communicate with the other components under STRUTS Framework.\nDeveloped Session/Message Driven Beans to be deployed on WebSphere V8.0 Application Server.\nDeveloped various helper classes using Core Java multi-threaded programming and Collection classes.\nDeveloped web services for web store components using Jersey Restful API.\nDeveloped a Java Application Framework which receives JSON data and modifies the data accordingly and is saved onto a new database.\nInvolved in developing Business Component Layer using EJB 3.0.\nInvolved in the development of the presentation tier using HTML5, CSS3, XML, XSL, JavaScript, JQuery, JSON, AngularJS, Bootstrap, JSP, Swing and Servlets for login, find Subscriptions and create contract modules.\nInvolved in writing code for Form Beans, Java Actions, DTO and DAO for accessing business methods in the business layer. Used J2EE web-services to get geographic data (city, country etc.) and EJBs for credit card validation etc.\nInvolved in AGILE/SCRUM methodologies while coordinating engineering efforts with team members to identify and resolve defects using JIRA.\nUsed Hibernate (persistence framework) to implement the Database Access layer.\nImplemented application using core java and maintained concurrency with multi-threading.\nSimplified Hibernate session and transaction handling by writing a servlet filter.\nInvolved in implementation of modules related to file comparison received from clients using Spring Framework.\nConfigured integrated development environment utilizing Ext.JS and J2EE.\nUsed Struts2 tiles to display different types of template formats and contents.\nUsed SOAP UI for unit testing for REST and SOAP Services.\nUsed Spring MVC for the GUI Application which interacts with the Restful web services.\nUsed SOAP and JWS to sending the notifications to each and every change in the operational process including: user’s information.\nUsed GIT as Version Control System for the application\nResponsible for the implementation of application system with core Java and spring framework.\nWorked with Oracle PL/SQL development and DBAs to create new database schema and porting data from other databases\nDeveloped test cases using JUNIT, and followed test first development.\nDeveloped the Spring Features like Spring MVC, Spring DAO, Spring Boot and Spring Security.\nDeveloped code to grant user authorizations for ALM based upon user authentication on LDAP server.\nExtensively used Jenkins build tool for continues deployments.\nAlso used IBM App Scan to Code Security and Clear Quest to issue tracking to move the applications quickly to the servers.\nHands-on experience working with source control tools such as IBM Clear Case, Tortoise SVN.\nDeveloping Hibernate Criteria and sessions to achieve the Object Relational Mapping and easy maintenance of data.\n\n Environment: Java, J2EE, JSP, Junit, Jetty, Jenkins, JSON, JAX-WS, Spring Framework, Struts2, SOAP, Restful Web   \n services, EXT.js, Jquery, Splunk, AJAX, AGILE/SCRUM methodologies, ASP.NET, JWS, WebLogic10, Oracle 10, UNIX, \n Windows, WebSphere V8.0, Shell, My Eclipse 6, Hibernate 3, Maven2, Multi-threading, Bootstrap, DOJO, Toad 8, \n CSS, XML, HTML, IBM Clear Case, Clear Quest, SVN\n\nPremiere Global Services, Pittsburg - PA\t\t\t                             \t\tAug 2014 - Sept 2015\nJava/J2EE Developer\n\nThis project consists of 6 modules. By using this application, the end user can purchase different packages from each module. This application provides listing the available items, user authentication, purchasing of items through online, credit card validation, confirmation of orders, automatic emailing with packages PDF file attachment, finally an acknowledgement will be sent to the customer. This application is more reliable for the end user to purchase packages. In content management backend part includes all customers, users, suppliers, categories, subcategories, packages with interactive uploading features. \n\nResponsibilities: \n\nAGILE Scrum development process has been followed and involved in retrospective, demos, planning and code review meetings. \nDesign and developed application user interfaces using Spring boot, Spring, jQuery, JavaScript, HTML5and CSS \nCreated views, models and controllers and followed MVC architecture for the web application development. \nDeveloped supplier and order module views using EXT-JS components like forms, layouts, grids, tabs, menus, viewports, Ajax etc. \nDeveloped restful resources using Spring and Jersey to serve the web application data in JSON format \nDeveloped business components using Spring IOC, AOP, spring annotations and created user detail service for authentication and access control using Spring LDAP and Spring Security. \nDeveloped middleware service and data access layer using Spring and Hibernate and used Spring declarative \nResponsible for all client-side UI Validation and implementing Business logic based on user selection using jQuery, jQuery UI and angular JS. \nExtensively used AngularJS, NodeJS, JQUERY, JSON, AJAX and DOM scripting to create interactive web applications like message posting and auto complete form validations. \nWrote internal and external API services using Node.js modules. Developed internal services using Java and Node.js \nUsed Angular 1.4 framework where data from backend is stored in model and populated it to UI\nUsed Angular JS framework for building web-apps and is highly efficient with PHP framework \nDeveloped hibernate ORM mappings using Hibernate and JPA annotations to map java classes to database tables. \nDeveloped hibernate inheritance mapping using single table approach and configured multi-level caching in \nHibernate to reduce the load on the Oracle database server. \nMaintaining of Entity Beans and Session Beans using EJB 3.0 Specification \nInvolved in java multithreading to cascade multiple changes on multiple records in only one transaction and \nDeveloped a batch process framework Used WSDL and SOAP protocol for Web Services implementation. \nImplemented Persistence layer using Hibernate that use the POJOs to represent the persistence database tuples in DB2. \nCreated forms to collect and validate data from the user in HTML5 and ReactJS. \nMaintained existing UI Applications and upgraded them using CSS3, JQuery, AJAX, JavaScript, React JS, BackboneJS, JSON and HTML5 \nDeveloped the application using Spring tool suite and involved in testing and deploying to other environments on Web sphere application server \n\nEnvironment:  Java 1.7, Spring 4, Spring boot, Hibernate 4, Oracle, EJB 3.0, EXT-JS 4, AWS, HTML5, Angular JS, ReactJS, NodeJS, JavaScript, jQuery, CSS, SOAP & Restful Web services (JAX-RS, JAX-WS), Junit, XML, JAXB, Maven, GIT, SVN, Jenkins, IBM WebSphere, Maven, Node-JS.\n\nInfotech Enterprises IT, India \t\t\t      \t\t        \nJava Developer\t     \t\t\t                          \t\t\t\t                                  Apr 2012 – Jun 2014\n\nInfotech Enterprises IT Services Pvt. Ltd. (Infotech IT), is a part of the Cyient group, leverages its business process knowledge, technological competence, strategic alliances and strong global presence to offer innovative IT solutions to the Retail Industry. The subsidiary organization demonstrates a strong focus and commitment of the Cyient Group to the Retail and Supply Chain industry sectors. The organization comprises of talents with domain experience in Multi-channel retailing, Retail Information Systems, Supply Chain Management, Merchandising Systems, Customer Relationship Management and Data Warehousing.\nResponsibilities:\nInvolved in the development of the application based on Struts framework using MVC2 architecture.\nUtilized Struts framework to implement design patterns like DAO (Data access objects), Transfer objects, Business objects and Business delegator.\nDesigned the web pages with JSP and TLD’s using different HTML elements based on the page specification document.\nDeveloped web application using JSP, JavaScript (for validation), DHTML (for dynamic insertion of HTML elements), CSS (for different font and styles using classes), Java Servlet (for servicing the request GET and POST), JDBC, and custom tag library (reusing the tags). \nJDBC concept was used for database transaction management using create statements, prepaid statements and callable statements.\nAjax was used for backend interaction and data interchange with asynchronous call parsing the XML data creating XML Http Request and reading the data in response XML from action class.\nCore java fundamentals was used to create static utility classes, comparators, generics, collections, extending abstract classes and implementing interfaces after injection.\nCreated our own class for handling exceptions for reusability within the project \ninstead of throwing generic exceptions.\nEnvironment: Java, JSP, J2ee, AJAX, JavaScript, CSS, Struts, JDBC, PL/SQL, SQL, Windows XP, Oracle.\nGalaxy Software Solution, Hyderabad, India\t\t          \nProject Trainee\t\t\t\t\t   \t\t\t\t                                July 2010 – Aug 2011\n\nThe Online Constructor enables construction project personal to seek and identify pre-qualified, efficient and independent, experienced companies with expertise in the area of all construction related needs. It combines the ease and reach of the Internet with the construction industry database of companies and products. Included in this site are sorted, intelligent, searchable lists of construction industry providers to assist the construction personnel in all aspects of the construction project. The Online Constructor is the new paradigm for efficient and effective execution of all construction projects. Our services include: full-service construction organization capable of providing a variety of services from initial project conception through building completion and warranty service.  \n\nResponsibilities:\nDeveloped User Interface using HTML, DHTML, Applets, AWT. \nDeveloped Business components using Java Beans and database connections using JDBC. \nWrote server side programs by using JSP, Servlets. \nDeveloped data validation & persistency components to export valid data to database. \nWrote Client side validation scripts using JavaScript. \nWrote various Queries, Stored Procedures to augment the application logic. \nWrote test plan and run test cases for manual testing.\n\nEnvironment:  JDK1.1, HTML, DHTML, JavaScript, CSS, AWT, JSP, Servlets, JDBC, SQL, PL/SQL, Oracle 8i, Windows.\n\n\nEducation :\n\n Bachelor's  in Computer Science Engineering from Jawaharlal Nehru Technological University,  India in 2008.\n",
    "extracted_skills": [
        "agile",
        "angular",
        "asp.net",
        "aws",
        "css",
        "git",
        "html",
        "java",
        "javascript",
        "jenkins",
        "jira",
        "mysql",
        "node.js",
        "oracle",
        "php",
        "powershell",
        "react",
        "scrum",
        "sql"
    ]
}