{
    "id": "resume_e7bab026-66da-4eee-9791-ae616e702702",
    "metadata": {
        "filename": "Mohammad Resume.docx",
        "processed_date": "2025-09-24T08:45:44.225609+00:00"
    },
    "raw_text": "\t\t\t                                                  \n                                                                                       \nSr. Business Systems Analyst / Scrum Master \nPSM I & CSM Certified ( http://www.scrum.org/user/322906 )\nSCJP (Sun Certified Java Programmer)\nLean Six Sigma Green Belt Certified \n PROFESSIONAL SUMMARY  \t\t   \t\t\t\t\t\t           \t      \nExperience with Oracle E-Business Suite (11i/R12) modules – Accounts Payables, General Ledger, Cash Management, Order Management, CRM, HRMS, Warehouse Control System (WCS), WMS and Procurement.\nExperience and knowledge of implementing SAP and using various modules of SAP for managing business.\nExperience in optimizing Procurement and other Supply Chain processes.\nExperience using SharePoint, JIRA, Rally, Power BI, TFS, AWS, Hadoop, informatica, HPQC and HP ALM. \nSupported onshore and offshore teams and promoted collaboration \nCoached and guided team members on agile practices to create business value and benefit from self-organization. \nFacilitated process improvements and automation of various cumbersome processes using DMAIC and DMADV methodologies that brought the value add of over $ 1 million.\nWorked closely with product owners to groom product backlog and supported in preparing for sprint planning\nResolved impediments and internal conflicts by exhibiting servant leadership characteristics. \nExcellent expertise in SQL (Structured Query Language), Oracle, SAS, R programming, SPSS and Tableau.\nWorked on Data Governance, Data Compliance, regulations (GRC), data auditing and metadata repositories. \nExperience in facilitating requirements elicitation, Gap Analysis, Impact Analysis, Risk Analysis, enterprise analysis, Stakeholders Meetings, JRP sessions, JAD sessions and triage calls.\nProficient in developing UML diagrams such as use case diagrams, work flow diagrams, data flow diagrams, flowcharts, screen mockups and report prototypes using dynamic UI with HTML, MS Visio.   \nProficient in Change Management, Process execution, Cost Benefit Analysis and ROI evaluation.\nExcellent documentation skills in creating BRD, Use Case Specifications, SRS, FRD, FSD, HLD, LLD etc.  \n    Proficient in MS Office – Excel (VLOOKUP, Pivot tables, Macros), Word, PowerPoint, Access.\nAssisted in scripting business logic in the web methods of Web Services and documenting the Web Service Level Agreements through XML into the business engine rule of the system. \nDeveloped sample XML request and response files for the development team to understand the parameters and used XSTL to perform various file translation to pdf, doc, csv etc. Used XSD to create XML files for webservice calls.\nWrote complex elements in XML and coordinated with UI/UX team to integrate and transfer data using XML.\nProficient in developing test plans, test cases, system testing, UAT and traceability matrices in manual and automated test environments.   \nPerformed reverse engineering for the enhancement projects to find design and fix bugs.\nExperience with data mapping, data analytics, data randomization and data warehousing.\nWorked on Waterfall, Agile Scrum and SAFe projects and understand the working of XP, RUP TDD. \n\nTECHNICAL SKILLS\n\nEXPERIENCE \n\nGeneral Electric- Transportation: Melbourne FL      \t \t            \t                                              Jun 2016 – Dec 2017\nSr. Business System Analyst / Lead Business Analyst  \t\t\t\t\t\t\t     \t\nAn Enterprise level project that involved an upgrade of the Oracle Apps ERP application from 11i instance to R12. My role was closely related to Buy 2 Pay, Procure 2 Pay, Order Management and Cash Management modules. I worked on webservices and ensured that all Oracle forms and third-party tools are working fine in R12 instance.\nRole & Responsibilities:       \nManaged and helped the BA’s to elicit the requirements and helped them to overcome issues and challenges.\nAssisted the BA’s to prepare the Business Requirement Document (BRD), Functional Specification Document (FSD) and Software Requirement Specifications (SRS). Used BPMN to show the process flow and suggested process improvements to improve productivity.\nPerformed reverse engineering to understand the system design and to perform system analysis.\nWorked on Oracle forms and understood the working on various responsibilities and setups such as GL setups, purchase order, requisition and approval hierarchy.\nWorked on purchasing webservices and implemented JAX-RS, JMS, JAXB features for better communications.\nWell versed with R12 tables such as PO_HEADERS_ALL, PO_RELEASES_ALL, PO_VENDORS etc.\nUsed Appworx for job scheduling and to track issue logs for the payment chains.\nUsed SharePoint to store the all the artifacts such as BRD, SRS, Communication plan, Test plan and cases etc.\nPerformed process mapping to understand the relationships between entities and their working.\nUsed DMAIC methodology to automate some manual processes to bring about efficiency and cost savings.\nPerformed various analysis such as Interface and GAP analysis to make a roadmap for the team for the successful ERP implementation.\nWorked with project manager to define the scope and out of the scope for the project.\nDeveloped and reviewed use cases and used modeling techniques for better understanding of the process flow for the stakeholders.\nPerformed the document analysis and went through the problem reports to understand the complete system and the AS IS issues in production. Compared it to the TO BE state and made complete report for the project.\nCreated prototypes for the business and created the activity diagrams and sequence diagrams to assist the upgrade.\nWorked with the Development team to integrate the SOA to support the REST based webservices and orchestration.\nEnsured that both the XML and JSON format were supported to ensure the proper integration with third party tools.\nWorked with the UI team to review the HTML and make relevant changes.\nWorked extensively on SQL, PL/SQL and T-SQL to perform operations on database.\nFacilitated various testing stages including user acceptance and the PL1 stage.\nResolved technical problems associated with the API’s and worked with Dev team to fix those.\nProvided user training to the end users related to the new application.\nEnvironment: Oracle Apps 11i/R12, Appworx, PL/SQL, SQL, Tableau, TFS, SharePoint, Service-Now, Java, Unix, API, MangoDB.\n\nCiti Group: Tampa, Florida\t                       \t\t           \t \t    \t                        May 2014 – Jun 2016\nScrum Master / Business Analyst                                                                        \t\t\t\t\t                     \n \nCiti Shared Services Global ID Administration (CSS GIDA) provides information security administration services to Citi Staff enterprise, and internal and external customers. The scope was to implement budgeting and forecasting application for its employees and managers. The application provided various features and helped in expense/recovery management.\nRoles & Responsibilities: \n\nFacilitated Scrum ceremonies such as Daily scrum meetings, Sprint planning, Sprint review, and Sprint retrospective. \nFacilitated discussion, decision making, and conflict resolution to ensure self-organization and collaboration.\nReviewed scrum processes, facilitated process improvements and coached team to follow agile/scrum priciples.\nCalculated and tracked velocity and capacity of the team throughout the project and used focus factor.\nUsed JIRA project management software for creating the sprint burn down and burn up charts, velocity charts throughout the sprints to track velocity as well as determine capacity of the development team and update the user stories and tasks that are completed in various sprints into the product backlog artifact.  \nPerformed business analysis to understand the budgeting and forecasting processes and suggested the best way to combine the processes and help them share information with one another.\nUnderstood the AS-IS system and its limitations and offered the recommendations for the TO-BE system.\nUsed SQL extensively to perform DML operations and used Tableau to create reports.\nGathered web services requirements, created a plan for orchestration and \nMade relevant analysis reports using UML diagrams and used SharePoint to share it with stakeholders.\nEnsured the user stories follow INVEST criteria and helped product owner to groom product backlog.\nFacilitated user story estimation with the help of various techniques such as Planning Poker, The Bucket System, T-Shirt Sizing, Affinity mapping etc.\nAssisted Product Owner in the prioritization of the user stories and used various techniques such as MOSCOW method, Rolling Wave Planning, Weighted shortest job first and whole team sorting.\nEnterprise Content Management solutions and portals (SharePoint, Sitecore, Adobe AEM).\nEnsured application was tested against all the test cases and helped testing team to come up with test cases.\nHelped the teams to implement OLAP and OLTP systems to analyze the data and filter transactions.\nUsed Rally and TFS for updating the status of all the Test Cases & Test Scripts that are executed during testing process.\nHelped team in ETL operations, followed by analytics with SSIS and reporting with SSRS.\n  \nEnvironment: Scrum, Microsoft Excel, PowerPoint, Microsoft Visio, JIRA, SQL, SSIS, SSRS, SharePoint, TFS, Postman, Sitecore, Adobe AEM, Tableau\n\nFidelity & Guaranty Life: Baltimore, Maryland     \t\t\t      \t                                         Dec 2012 – May 2014\nBusiness System Analyst / Business Analyst\t\t\t\t\t\t\t\t     \t\n\nInsurance application enhancement for employees to manage retirement benefits such as annuities and create a dashboard for employees to manage the data related to customers. Ensured regulations and compliances like HIPAA were followed.\n\nRoles & Responsibilities:          \nElicited requirements and analyzed all phases of reinsurance accounting and reporting, information technology, data cleansing, contract administration, monthly processing, reinsurer settlement / reporting.\nAnalyzed various annuity and pension products and identified best ways to implement the required functionality.\nCoordinated with SME’s for the creation of development tasks.\nContributed and adhered to SDLC and IT Service Management (ITSM) processes.\nExtracted and transformed data from various data sources to perform analysis using Informatica.\nPerformed change requirement analysis and planned for change management, replicated scenarios for proof of concept to uncover system functionality gaps\nUsed PeopleSoft finance and accounting modules to understand the various forms and system architecture.\nPerformed reverse engineering to fix bugs and to find the system design using Jad Debugger.\nInterface with TPA vendor and internal claims organization to analyze data to ensure proper processing of reinsurance invoices and claims, to ensure smooth processing and data of the highest integrity with maximum efficiency.\nIdentified problems such as database errors, inaccurate records and reports, regulatory non-compliance, inaccurate guidance, and correctness of payment and accounting for funds. \nWork with Enterprise Data Management to map data requirements into data elements.\nPerformed data validation of the data flow from the front-end to the back-end using SQL queries to perform the back-end testing on the database.\nPrepared Mock screens and Wire frames using MS Visio to give the stakeholders an idea about the UI and the screens.  \nUsed SQL to extract data and perform analysis. Used in conjunction with analytical tools such as SPSS and Tableau.\nWrote client side and side validation verbiage and helped testing team to come up with relevant test cases.\nWorked with Dev Team to integrate the REST API’s with other web services and provide collaboration with other departments. \nWorked with design team to build the orchestration design to \nDeveloped test cases and test scripts and performed Quality Assurance testing using HPQC.\nProposed process improvement ideas to automate various manual tasks such as report building and sending emails.\n\nEnvironment: Microsoft Office Suite, Microsoft Visio, T-SQL, Outlook, HPQC, Java, API, Webservices, Hibernate, Spring, JavaScript, Service Now, SharePoint, SOAP UI, Postman, PeopleSoft.\n\nSoft labs Technologies and Development Pvt. Ltd.: Mumbai India                                                                Apr 2011 – Dec 2012\nBusiness Technology Analyst / Data Analyst\n\nThe investment banking project for Kotak Mahindra was to add more features to the web application. The data needed to be profiled and analyzed to assist in business decision making. The report generation tool was optimized to develop more types of reports for internal banking employees.\nWorked with the design, development and testing team to enhance a web application for Kotak Mahindra Bank to offer solution to their wealth management and portfolio management.\nWorked with the bank stakeholders to understand their requirements and worked with Senior BA to understand the data requirements to make mapping documents.\nPerformed GAP analysis and impact analysis and presented detailed report to the stakeholders.\nElicited and analyzed requirements for wealth management and portfolio management departments.\nIdentified the format of various documents such as NAV reports, subscriptions reports, redemption documents, statement of holdings, acceptance receipts etc.\nCollected relevant data using SQL from the database to identity the attributes and fields in the tables.\nUsed data to perform OLAP and form graphs and charts such as reconciliation graphs.\nPerformed impact analysis to understand the impact on other securities such as equity, debt, derivatives and alternative security.\nInterpreting data, analyze results using statistical techniques and provide ongoing reports to support Business Analysts.\nDevelop and implement databases, data collection systems, data analytics and other strategies that optimize statistical efficiency and quality.\nIdentify, analyze, and interpret trends or patterns in complex data sets to help portfolio managers take business decisions.\nEnvironment: Microsoft Excel, SQL, OLAP, RACI Matrix, BRD, FRD, SRS, ETL, TFS, Sharepoint.\nDreamSoft IT Solutions: Mumbai, India                                                                                                              Jun 2009 – Apr 2011\nJava Developer\n\nThe project scope was to develop a web application for an education company ‘Jamboree’. The application would allow the employees to maintain the student schedules and manage the course lists with relevant details.\nUsed Java, J2EE and struts to develop web application for an education service company.\nDeveloped prototypes for the application and made documents for the business and the end user.\nPerformed Unit, Integration and system testing.\nAssisted the Module leader in various account level activities such as timesheet submissions and the team roster.\nImplemented SOAP and REST webservices to connect different application in SOA architecture.\nWorked on Oracle Database and used SQL to perform retrieve and update records in database.\nUsed XML Spy tool to write XML files to transfer information across the web pages and web services.\nWorked with the UI team to implement the JavaScript and JSP snippets.\nImplemented AJAX and XML, XSLT, XSD to transfer the request and get the responses.\nMade relevant changes on the HTML to make the web pages more dynamic by incorporating AJAX.\nPerformed process improvement using DMAIC and DMADV methodologies.\nDeveloped scalable modular software packages for various Java APIs and applications.\n\nEnvironment: Java, J2EE, Struts, Junit, SOAP UI, Jenkins, Postman, SQL, Service-Now, SharePoint, Eclipse IDE, Java Persistence API.\n\nEducation\t\t\t\t\t\t\t     \t\t\t\t\n\nBachelor of Engineering (Computer Engineering) \t          University of Jammu                          May 2005- May 2009\n\nCertifications\t\t\t\t\t\t\t     \t\t\t\t\n\nSix Sigma Green Belt\nSun Certified Java Programmer\nProfessional Scrum Master\n",
    "extracted_skills": [
        "agile",
        "aws",
        "collaboration",
        "communication",
        "css",
        "hadoop",
        "html",
        "java",
        "javascript",
        "jenkins",
        "jira",
        "leadership",
        "oracle",
        "power bi",
        "project management",
        "r",
        "rest api",
        "scrum",
        "sql",
        "tableau"
    ]
}