{
    "id": "resume_2c5651b8-17c5-43b8-8b39-69254e1e304d",
    "metadata": {
        "filename": "mohid_rj.docx",
        "processed_date": "2025-09-24T08:45:44.285762+00:00"
    },
    "raw_text": "Name: Mohid\nPhone: 857-228-4961\t\t\t\t\t\t\t\t      \nEmail: mohid0089300@gmail.com\n\n                                                                                                                                                                                     Java Developer\nPROFESSIONAL SUMMARY:\nOver 8 years of software industry working experience in domains like Retail, Insurance, Airlines in analysis, design, testing, development, documentation with various JAVA/J2EE technologies.\nHands on experience in using web application frameworks including Apache Struts 1.x and 2.x, Spring 3.x and Hibernate 3.x and familiarity with build tools such as Maven, GRADLE.\nRich work experience in Open Source frameworks like Struts 1.2, Struts 2.0, Spring and implemented spring JDBC Template for handling database access.\nExperienced with J2EE standard compatible Application Servers including WebLogic, IBM Web sphere, Apache Tomcat Deployment Process and Integration.\nImplementing automated Testing Platforms and Unit Tests and Proficient understanding of Code Versioning tools, such as GIT.\nWorking knowledge in Relational Database Systems like Oracle 9i and fair exposure to PL/SQL programming.\nExpertise in Angular JS, Backbone JS, Node JS, Mongo DB and Spring Boot Framework.\nGood UI Skills with Working knowledge of HTML5, Bootstrap, JQuery, JS, CSS3\nHands-on experience in developing Web services like SOAP and Rest Web Services.\nExpertise in Client / Server and application development using Java, J2ee technologies.\nExpertise in Tools: Eclipse, Rational Application Developer RAD\nHands on experience in advanced web technologies like Ajax, Hibernate, Angular JS.\nExperience working in a Cloud environment – developing and deploying in AWS cloud\nExperience using Hibernate for mapping Java classes with database and using Hibernate query language(HQL).\nDeveloped the Applications using J2EE Design Patterns such as Model-View-controller (MVC), Singleton, Session Façade, Business Delegate, and Service Locator.\nExpertise in web development with HTML, XML, JavaScript, Perl, JSF and AJAX.\nSpearheaded the design and development of SOAP based Web Services.\nSolid recent experience of developing and designing RESTful APIs.\nDesign experience on various Databases Oracle, SQL SERVER and MySQL.\nUsed XML parsers for to parse the data during web service calls for SOAP and Restful.\nParticipated in Functional discussions and prepared detail design documents for document rewriting module of the application.\nWorked on business logic and business objects of Payment module. \nWorks with delivery team and project teams under limited supervision.\nSKILL SET:\nPROGRAMMING LANGUAGES-\t                      JAVA, C/C++, PL/SQL, COBOL\nJAVA TECHNOLOGIES-\t\t                     J2EE, SERVLETS, JSP, EJB, JDBC, JMS\nAPPLICATION SERVERS-\t                                 WEBSPHERE, WEBLOGIC, JBOSS\nWEB SERVERS-\t\t\t                     TOMCAT 4.0/5.0\nFRAME WORKS- \t         \t                                 STRUTS, SPRING, HIBERNATE, JUNIT 3.8\nDATABASES-\t\t\t                                 ORACLE 8I/9I/10G,11G, DB2, TOP LINK\nIDE’S-             \t\t                                             NET BEANS, ECLIPSE, STS\nSCRIPTING LANGUAGES-\t                                JAVASCRIPT, SHELL & PERL SCRIPTING.\nMETHODOLOGY-\t\t                                AGILE, WATERFALL\n\nPROFESSIONAL EXPERIENCE:\nClient: TUFTS HEALTH PLAN, Watertown, MA \t\t\t\t   \t    Oct 16 to Current \nRole: Java Developer\n\nProject Description: As a Java Developer, I was involved in developing a web based application compliant with healthcare management system, designed to automate tasks like Patient management, Claims Processing, Accounts receivable management & collections, Reporting, Document creation & management in compliance to HIPAA standards. It also deals with the System Related Activities like adding users / deleting users. It has Built-in flexibility for allocating access rights to different users depending on their roles.\n\nResponsibilities:\nImplemented J2EE web-based system using the concrete principles of Struts; Tiles laid down by Java APIs several design patterns such as Struts framework, J2EE Business Delegate, and Data Base.\nParticipated in discussions to finalize the architecture of the application and prepared detailed design documents using Java Class and Web Sequence Diagrams.\nUsing Spring MVC frame work, configuring the action path elements and redirecting the requests to the application\nExtensively used Core Java features including collection framework, exception handling, generics and annotation in the coding and also used GOF Design Patterns like Singleton, Factory Patterns to make the code more robust and easier to maintain.\ninvolved in various modules to troubleshoot the existing problems and provide the solutions to the required functionalities.\nDeveloped Session Beans to invoke JDBC services that do database lookups for dropdowns and invoke backend entity beans. Also, implemented LDAP (Lightweight Directory Access Protocol) for Single Sign-on.\nDeployed and tested the application using Web logic application server.\nPerformed various Linux system admin tasks including hardware related problems.\nInvolved in coding, code reviews, JUnit testing, Prepared and executed Unit Test Cases.\nconfigured the struts configuration file to map the Action Forms with the Form Beans and Action Classes with the Actions.\nInvolved in code review and bug fixing of the application; also involved in deploying the application files to the machine using Web Sphere Application Server.\nProviding navigation rules in the XML file for managed beans and defining them in the configuration files.\nIntegration of application with JBOSS 4.2.\nEnvironment: Java, J2EE (JSP, Servlet), Struts 2.0,Linux , Oracle 11G, HTML, LDAP, JavaScript, Web Logic Server 10.3.4, Oracle, Log4j, JDBC, JDK 1.5, JUNIT 3.8,\n\nClient: Virgin America, Burlingame, CA\t\t\t\t\t       June ‘14 to September ‘16\nRole: Java Developer\n\nProject Description: Our Project is a fully integrated web-based project whose emphasis is to render the services to the Client Applications in the organization. There are client applications like Print Services, which process a specific functionality and conversions to the organizational accepted formats which can be only accessible internally. To manage these applications and perform certain business specific logics, we are using Spring, hibernate and Oracle as db. Apart we have implemented Angular JS for the front end for better implementation.\n\nResponsibilities: \nAs a Developer, responsible to handle full stack application development with respect to the project awareness among all the team members in development using advanced Java technologies.\nSupported various existing tools developed for application teams.\nImplemented the Project structure based on Spring MVC pattern using spring boot.\nUsed Spring Core Annotations for Dependency Injection Spring DI and Spring MVC for REST API s and Spring Boot for micro-services.\nDeveloped presentation layers using Angular JS, Backbone JS, AJAX, JSP, java script, HTML and XML.\nCreated Payment Gateways as standards of  PCI and also used HTTP protocols\nImplemented AWS - Implementation and configuration of the above components for Web application development\nKnowledge in developing dashboards and web applications using web technologies. \nWorking knowledge of UI development in JavaScript, HTML5 and CSS. \nExperience in using modern JavaScript frameworks such as JQuery or Angular.\nExperience in handling applications hosted in Amazon Web Services AWS\nUsed Annotations and Spring features for applying business logic and interact with the other layers in the application.\nUnit Testing/Integration Testing, JUnit 4.0, Debugging and Implementation is performed at accurate intervals before deployment\nLog4J and logback files are configured for monitoring the error logs.\nSound Knowledge in implementing design patterns like MVC (Model-View-Controller)\nImplemented Database Updates / Verification used in our project\nExtensively involved in portal related technical/functional sessions and performed the functionalities as well\nUsage of Clear Case, Accurev as a Version Control.\nWorked in Agile Methodology and involved in the project discussions.\nExtensively Worked on SQL and stored Procedures and Functions.\nResponsible in Enhancement of the portal based on the user requirements.\n\nEnvironment: Java, J2EE (JSP, Servlet), AJAX, Struts 2.0, Spring Boot 1.1.5, Oracle 11G, HTML, JQuery, CSS, XML, JavaScript, Web Logic Server 10.3.4, Oracle Workshop for WebLogic, Log4j, JDBC, JDK 1.5, JUNIT 3.8, Mockito.\n\nClient: Nordstrom, Seattle, WA \t\t\t\t\t\t\t       Apr ’12 to May ‘14\nRole: Java Developer\n\nProject Description: Our Project is a migration project which was implemented in Mongo DB and then converted into top Link. Our project mainly focuses in operating the systems and its departments with respect to employees and its resources used within the organization. However, as our DB has lots of data to store and proposed for a licenced version of DB, our project scope has been migrated to top Link. To Integrate the services, SOAP Web services are used.\nResponsibilities: \n\nAs a Developer, Participated in functional discussions and responsible in detail design documents preparations for various modules of the application.\nUsage of Toad as the Oracle developer tool to access the Oracle 11g database.\nDeveloped the business domain layer using Java, J2EE, JDBC and used DAO, Singleton.\nExperience in handling SOAP and Rest Web services\nUsed Oracle Top Link Workbench as a ORM tool for mapping POJO’s to Database tables\nProvided technical guidance to business analysts and Systems analyst, gather the requirements and convert technical specifications for developers to start.\nInvolved in integrating Struts 2.x and Spring boot.\nMade sure communication between devices and middle/enterprise servers took place utilizing web protocols and data packages such as HTTP, XML and JSON\nWorked specifically on Business Layers in the application to implement business logic as per the requirements.\nPrepared technical artifacts including UML Class diagrams, Sequence diagrams etc., using Rational Rose and other compatible tools.\nDeveloped dynamic web content using JSF 2.0, JavaBeans, XHTML, JavaScript and Custom Tags.\nDeveloped presentation layers using JSP, velocity templates, HTML and JavaScript.\nCreated server side validations using struts validator framework.\nUsage of MVC components, implemented event handling using Java, JSF, AJAX components and JavaScript for the multi-tier application.\nResponsible for implementing JSF Converters to handle formatting and localization and configured the faces-config.xml to create a web application navigation rule.\nImplemented Hibernate as an ORM tool and created the connection pool and setup required environment to map the tables and classes with Oracle RDBMS.\nImplemented spring JDBC Template for handling database access.\nParticipated in functional discussions and prepared detail design documents for document rewriting module of the application.\nWorked as a backend application developer using Java and XML technologies.\nWorked on UNIX servers for building and exploring log files in different application environments.\nParticipated in code review meetings to achieve coding standard compliance.\nPerformed extensive Unit Testing of the application. \nPrepared project documentation, status reporting and presentation.\nParticipated in code review meetings to achieve coding standard compliance.\nInvolved in creating test plans and test cases for the system. \nPerformed extensive Unit Testing of the application. \nWritten and tested regression test cases for the new functionalities developed for the release.\n\nEnvironment: UNIX, J2EE, Java Beans, Linux, JDK 1.7, SOAP, JSP, Struts 2.x, Spring boot JavaScript, Tiles, HTML, DHTML, XML, XSLT, Eclipse IDE, SOAP, WebLogic application server, Oracle 10g.\n\nClient: Noridian Mutual Company, Fargo, ND   \t\t\t\t     \t    Sep ’11 to Mar ‘12                                Role: Java Developer\n\nProject Description: Our Organization has internal projects resource sharing and few mitigating the same. To distinguish the usage of resources, our project builds a specific structure where clear separation of the internal functionalities and configured and our application holds the responsibilities of routing the required events and operations to the specific application to perform functionality. To implement the same, we have used EJB, Hibernate and Oracle database.\n\nResponsibilities:\n\nAs a Developer, involved in the entire (SDLC) life cycle of the project right from the designing the project to implementation.  \nInvolved in designing and implemented tables, functions, stored procedures and triggers in SQL Server 2005.\nEngaged in writing the SQL queries, Stored Procedures, Functions, and Views.\nPerformed few upgrades on JBOSS Server as per the need of requirements and handled few issues relating while upgrading.\nWrote JavaScript client side validations for user account information based on their business rules.\nDeveloped Entity Beans and Session Beans to implement business logic for various product transportation and distribution over different areas.\nCreated triggers to keep track of changes of tables when changes are made.\nResponsible for Configuring the Message Driven Beans (MDB) for messaging to different clients and agents who are registered with the system.\nExperience in handling final builds, deployments and management using ANT/ MAVEN scripts to customize EAR, WAR and JAR files and the application is deployed on Web Sphere server.3\nPrepared Technical Design document and User Documentation. \nParticipated in code review meetings with development team.\nEnvironment: J2EE, Java, JDK 1.6, Hibernate, JSP, Struts framework 2.0, Restful, Oracle 10g, HTML, XHTML, XML, XSLT, UML, Rational Rose, ANT 1.5.3\nClient: Noridian Mutual Company, Fargo, ND   \t\t\t\t     \t    August ’10 to June ‘11                               Role: Java Developer\n\n\nDescription: Project is a web-based application where a customer can get necessary and speedy information about different product models available. Customers can place new orders, view previous orders or cancel existing orders. \n\nResponsibilities: \nImplemented the project using JSP and Servlets based tag libraries. \nConducted client side validations using JavaScript. \nUsed Core java and object-oriented concepts.\nCoded JDBC calls in the Servlets to access the Oracle database tables. \nGenerate SQL Scripts to update the parsed message into Database. \nDesigned and coded the java class that will handle errors and will log the errors in a file. \nUsed Data Access Object Design Pattern (DAO) for data access functionality. \nDeployed the application on JBoss Application server. \nInvolved in creating User Authentication page using JavaServlets. \nDeveloped a distributed web application and rich client for maintenance of a database. The back end is\nwritten in and Java using the Jetty web server, Java servlets and MS-SQL Server.\n Used JavaScript and Prime faces 2.2.1 to develop the front end for the Application.\nInvolved in the Maintenance and Support of the System. \nResponsible for Integration, Unit Testing, System Testing and stress testing for all the phases of project.\n\n\n\n\n \n",
    "extracted_skills": [
        "agile",
        "angular",
        "aws",
        "communication",
        "css",
        "git",
        "html",
        "java",
        "javascript",
        "mysql",
        "oracle",
        "rest api",
        "sql"
    ]
}