{
    "id": "resume_1012909c-b1a8-4929-b8a9-70ec1c8bd4ce",
    "metadata": {
        "filename": "MounikaReddy.docx",
        "processed_date": "2025-09-24T08:45:44.478529+00:00"
    },
    "raw_text": "Mounika10200@gmail.com\t\t                                                   Mounika Reddy \n414-909-0756\t\t\t\t\t\t\t                              Sr. Business Analyst\n\n\n\n\nSummary\n\nOverall 8+ years of experience in Information technology industry as Business Analyst in Retail, Healthcare, and Finance domains.\nExtensive Experience in all the phases of Software Development Life Cycle (SDLC), in writing Business Requirement Document(BRD) and System Required Specification(SRS).\nThrough Knowledge in UML Modeling, MS Visio, Rational rose, Use Cases, State chart Diagram, Deployment Diagram, and Component Diagram.\nIn-depth knowledge and experienced in Waterfall, Agile methodologies.\nExcellent communication, presentation, client interaction and problem-solving skills.\nGood in multi-tasking and handling multiple tasks/projects at the same time.\nExcellent knowledge of Health Insurance Portability and Accountability Act(HIPAA)standards, Electronic Data Interchange(EDI), and Implementation and knowledge of HIPAA code sets.\nExperienced Joint Application Design (JAD) facilitator and meeting coordinator/ excellent interpersonal and conflict resolution skills. \nTrace and inform business requirement changes through the lifecycle of the project using Rational Requisite Pro while maintaining customer needs and maintain a Requirements Traceability Matrix(RTM) to keep the stakeholders informed of the progress of the project.\nExperience in conducting GAP analysis, SWOT analysis, Cost benefit analysis and ROI analysis.\nWorked with Manual testing during the prototype. Strong understanding of SharePoint.\nSkilled in leading teams of diverse backgrounds to make sound business decisions based on analyses of short and long-term business needs.\nStrong experience in developing test plans; build test conditions and test cases, creating test data, analyzing bugs, interacting with development team members to fix defects.\nAnalyzed and defined business processes both “AS IS” and “TO BE.”\nIn depth knowledge in documenting requirements changes using Traceability matrix and Team Foundation Server.\nExcellent Business writing skills in writing Business Requirements Document (BRD), Use Case Specifications, Functional Specifications, Systems Design Specification (SDS), Systems Requirements Specification (SRS), Data Dictionary, Workflows.  \nExperienced in managing the agile software release Process for multiple projects amongst geographically dispersed multiple agile teams. \nDevelop, Maintain, Support and Enhance the Company's ETL Solution using My Sql.\nServed as a critical resource and liaised between subject matter experts and technologists throughout the project life cycle.\nHighly qualified in changing the needs of business users and stakeholders to the functional/technical requirements.\nProficient in design and execution of Test Strategy, Test Plan, Test Scenarios, and Test Cases based on the requirements for the applications.\nWorked with Analysts, Managers, Developers and Testers for complex projects during the SDLC.\nWorked by providing laws and policies in various domains.\nPrioritized work requests from project team.\nIdentified and communicated risks and with possible solutions.\nSolid project execution track record with good leadership, strong communication, and analytical skills. \n\nEducation:\n\nMaster’s in management information system\nComputer Science in Engineering\n\nTools/Methods           \n\n\n\n\n\n\n\nProfessional Experience\n\nSr. Business Analyst\nOffice of Attorney General Child Support Division, TX                  Oct 2015-Present\n\nOffice of Attorney General Child Support Division provides a full range of products and services including group and individual health insurance, Medicare and Medicaid programs, and coverage for specialty services such as workers’ compensation. The objective of the project was to carry out gap analysis to identify the changes being proposed in the upgrade of HIPPA 4010 to HIPPA 5010. The emphasis on the project was mainly to perform gap analysis and impact assessment on the secured web portal used by various users dealing with claims transactions according to HIPPA regulations. Demonstrates expertise in customization of TFS work items types, process templates, build scripts, work areas and Iterations. \n\nRoles and Responsibilities:\nWorked closely with the development team to clarify/understand functionality and ensure that the developers clearly understood the business requirements that the system was designed to fulfill.\nAnalyzed business Requirements, performed GAP analysis and segregated them into high level and low-level Use Cases, Activity Diagrams using Rational Rose.\nResearched and understood the claims adjudication and reimbursement systems based on HIPAA X12 4010 standards \nAs an TFS admin Handled the process account and maintained them. \nAs a TFS admin was responsible for adding user to project, security and group maintains. \nPerformed GAP analysis to identify AS-IS processes of claims transactions of 4010/4010A standard and TO-BE processes (ICD-9 and ICD-10 compliance requirements) of 5010 standards.\nConducted Claims and HIPAA Compliance Training to run the test cases.\n Was involved in managing of Medicare Part-D Claims processes from Admin/Provider/Payer side which were later part of the training program to providers.\nWorked and viewed manual testing before the deployment.\n Trained End-users on SharePoint functionality needed to support business operations.  Provided support and delivered presentations to team members on managing SharePoint sites.\nWorked as a part of scrum team, in an agile methodology with sprint cycles, daily stand ups and story implementation.\n Demonstrated the ability to work actively in different phases of Software Development Life Cycle (SDLC) using Waterfall and Agile Scrum.\n Prepared Business Requirement Document (BRD), Functional Requirement Document (FRD) / System Requirement Specifications (SRS), Use Cases and Test Cases. \nDeveloped Test plan and Test cases based on Use cases and Functional Specifications.\nAssisted in writing requirement document for ETL - Data Extraction, Data Analysis and Loading process of collected data as a part of data mapping procedures. \nHelped review and edit test scripts, certify test results and fulfilled business requirements.\nDesigned and developed on the State Diagrams, Activity diagrams and Class Diagrams in MS Visio using UML for various modules of the project.\nResponsible for MySQL Administration and backups related to the specific ETL solution mentioned above. \nCreate story board of back log items in Agile and develop item according to business needs.\nExperienced in managing the agile software release Process for multiple projects amongst geographically dispersed multiple agile teams.  \nAnalyzed business Requirements, performed GAP analysis and segregated them into high level and low-level Use Cases, Activity Diagrams using Rational Rose.\nReported progress against Development/Action Plan routinely to the Program Manager with recommendations for corrective actions, where necessary.\nMaintained a Traceability Matrix to ensure that all Functional Requirements are addressed at the Use Case Level as well as the Test Case Level.\nEnvironment: MS Office, Quality Center, SQL Server, Facets, MS Project, Server, MS Visio, SharePoint, Unix, SQL, HTML, Java, XML, Mainframes and Rational ClearQuest, ClearCase, Windows XP.\n\n\n\n\n\n\nSr. Business Analyst\nAtlas air, NY                                                                                   Feb 2014-Sep 2015\nAtlas air is one of the largest American-based company in insurance business. Atlas air is a major subsidiary it formerly referred to as the \"property-casualty insurance\" arm of Atlas. It intended to form a Special Purpose Vehicle (SPV) for Commercial Insurance, Foreign General and the Private Client Group which would be placed into the SPV and renamed Atlas air in preparation for a IPO or other equity offer.\n\nRoles and Responsibilities:\nInvolved in analyzing user requirement document, system requirement specification document and use cases for developing Test plan which includes the objective, Scope, Testing strategy and others.\nAnalyzed plan requirements and then contributed further defining the plan requirements with their Project Manager.\nInteracted with various members at the management level to understand project scope analysis to prepare Software Requirement Specifications (SRS) for relevant data reports.\nDeveloped requirements specification and process diagrams including context, dataflow diagrams. \nFacilitated team members and product owners in adopting agile engineering practices like TDD and pair programming.\nAnalyzed and collected business requirements, generated business models, identified system interfaces and created the requirement specification document. \nParticipated in Business Requirements meetings.\nImplemented Rational Requisite Pro for maintaining the requirements document and traceability matrix.\n Coaching teams to apply scrum framework and train them to be self-organizing and self-managing thru the meaningful use of Agile concepts like Backlog Refinement, User Story Value Mapping, Sprint Planning, Sprint Demo, Sprint Retrospectives, Scrum of Scrums and daily stand-ups. \nParticipated in multiple large SharePoint migration projects. \nConducted JAD sessions to work with the business users through discussion to further understand the complexity of the issues. \nCreated front-end prototypes as deliverables and projected the end-delivery modules as part of the efforts towards joint application development.\nDeveloped Use Case diagrams by analyzing the business process followed by Class diagrams, Activity diagrams and Collaboration diagrams in UML.\nWorked with the Lead BA to develop Requirement Management Plan and Communication Plan\nWorked on TFS Portal to generate the reports.\nFacilitated 25 workshops to capture the requirements for Study Startup and Study Close out\nPerformed brainstorming session with the BA Team to analyze, validate and finalize functional requirements\nDocumented use cases as part of functional design and developed Requirement Traceability Matrix using Requisite Pro\nDeveloped workflows, swim lane diagrams, use case diagrams, etc. using Visio\nDeveloped the Share Point Project portal as a Project repository\nFinalized the requirements document and participated in the FDD and TDD review sessions.\nFacilitated team members and product owners in adopting agile engineering practices like TDD and pair programming.\nAfter requirement sign-off, developed Change control process and CR Form\nInvolved in filling the Defects while testing various projects using the Tracking tool – Quality Center\nUsed Quality Center to track data derived from defect reports.\nAnalyzed the graphs and reports to report and track defects.\nWorked with the Workstream and Business Leads to finalize CRUD\nEnvironment: Java, Oracle PL/SQL, XML, UNIX, PVCS, Mercury Quality Center, EDW, UML, MS Office, MS Visio, SharePoint, HTML\n\nSr. Business Analyst/Scrum Master\nUniversity of Texas Dallas, TX                                                     Nov 2011-Dec 2013                                                        \nThis Migration project was initiated to enhance the Pershing’s ability to meet the regulatory requirements set by US Regulatory. This Project aimed at migrating the existing Pershing applications which were running in Oracle to New BI platform Teradata for high performance and scalability. This EDW serves all the Reporting needs of Pershing Internal and External Customer with 3 years of Data.\n\nRoles and Responsibilites\n\nInvolved in all the phases of the SDLC requirement gathering, design, development, Unit testing, UAT, Production roll-out, enhancements and Production support\nInteracted with business representatives to understand the requirements and determined the best approach for timely delivery of information.\nEnsured timely deliveries of work items to the Client.\nPerformed manual and automated testing on firms drop copy and order routing FIX Adapter servers. Ran automated QA testing on all versions of firms FIX Adapter servers, including drop copy, order routing, single and multi-broker modes.\nStakeholder and Solution requirements (functional and non-functional requirements) were easily be linked back to the business requirements from which they emanated using RTMs.\nInvolved in Implementing ETL standards and best practices.\nReviewed Data Model and validated its feasibility to physical implementation.\nAssisted the Product Owner in compiling and prioritizing the Product Backlog on JIRA using prioritization technique MOSCOW.\nFacilitated all the Sprint Ceremonies: Backlog Refinement, Sprint Planning, Daily SCRUM, and Sprint Review.\nTime boxed Daily SCRUM meetings and resolved all impediments faced by development team.\nEducated and coached executives, managers, stakeholders, and others throughout the organization regarding Agile practices and how their roles and interactions may change.\nMentored and helped the team grow into a self-managing entity. Encouraged collaboration between the SCRUM team and product owner.\nMaintained and monitored SCRUM Artifacts – Sprint Backlog, Sprint Tasks, and Sprint Burndown Charts using JIRA.\nAnalyzed and understood the business users' requirements for information and communicated them to the rest of the data warehouse team. Assisted Data Warehouse Data analyst in analyzing existing reports.\nExtensively worked in Data Requirement Analysis and Data Mapping for ETL process. Acted as a consultant to the ETL and front-end programmers.\nCoordinated with the QA team in various testing phases by resolving the defects and ensuring smooth execution of Test Plans.\nCreated deployment documents and migrated the code to the production environment.\nInvestigated and fixed the bugs occurred in the production environment and provided on-call support.\nGenerated Reports and Dash Boards using Tableau for the Business Users and Senior Management.\n\nEnvironment: Informatica Power Center 9.1/8.6, UNIX, Oracle 11g, SQL, PL/SQL, SQL Developer, Oracle Designer, MS Visio, JIRA,  IBM Mainframe, Toad.\n\n\nBusiness Analyst\nGroup Health Incorporated, WI                                                         Nov 2009-Oct 2011        \nThis project was conducted to develop a software to track all the information from the applicants and accept/deny if they qualify/disqualify for the Medicaid plans they are applying for. Medicaid plan is a health plan providing a wide range of quality health care services to families and individuals who qualify for Government-Sponsored Programs and State Children’s Health Insurance Program.\n\nGathered the requirements from stakeholders and users by meeting them personally and by interviewing them. Utilized Requisite Pro to prepare a BRD by complying with the HIPAA regulations.\nDeveloped functional specs, gathered requirements and communicated with the developers.\nDeveloped Use Case Diagrams, using ERD depicted clear relations associated with the entities.\nPrepared Work Breakdown Structures (WBS) to comply with the triple constraint of time, cost and scope.\nConducted Lean Analysis throughout the project and conveyed team a message, “Think big, act small, fail fast; learn rapidly.”\nPrepared a roadmap for a product that can exceed market and user expectations.\nFollowed Prototype model of SDLC in developing software.\nDesigned User Interfaces and mock up screens using HTML to validate the requirements.\nCreated and implemented a Test Plan and thereby assisted Quality Analysts to test the product in a timely manner.\nInterfaced with Quality Analysts for Unit, Integration, System and User Acceptance Testing.\nInterfaced with top management to ensure that IT initiatives and involvement were clearly communicated and understood.\nMitigated risks all the time; motivated all the team members to meet the deadlines since time was very limited.\nReviewed and analyzed the business environment and identical process improvements.\nEvaluated alternative solutions and recommended solutions that best met the need of the business.\nDefined and planned software releases in accordance with other software applications.\n\nEnvironment: MS Visio, MS Office, .Net, VB.NET, ASP.NET, Java, PHP, XML, HTML, DHTML, EMR.\n\n\n\n\n",
    "extracted_skills": [
        "agile",
        "asp.net",
        "collaboration",
        "communication",
        "data analysis",
        "html",
        "java",
        "jira",
        "leadership",
        "mysql",
        "oracle",
        "php",
        "scrum",
        "sql",
        "tableau"
    ]
}