{
    "id": "resume_1666f047-b6f2-4ab5-b888-9c26ea9b6510",
    "metadata": {
        "filename": "Mounika_P.docx",
        "processed_date": "2025-09-24T08:45:44.525184+00:00"
    },
    "raw_text": "\nMounika P\nFront End Developer - Wellington Management\n\nHudson, MA 01749\n\nmounikarao2_tuz@indeedemail.com - 4693051937\n\nOver all 8+ Years of professional experience in Applications design, Development, Integration, Maintenance, Installation, Implementation, testing of various client/server, N-tier and web application and its design, using various UI- TECHNOLOGIES.\n\nExpert in developing User Interface (UI) applications and professional web applications using JavaScript, jQuery, JSP, XUL, HTML/HTML5, CSS/CSS3, XHTML, XML, JSON and Ajax.\nExperience in applying the latest software development approaches including model view controller(MVC), event - driven applications using AJAX, Object Oriented JavaScript, JSON and XML.\nExpertise in developing various JavaScript frameworks like Angular.js Backbone.js, Require.js, Node.js, Knockout.js, Express.js, Underscore.js, React.js/Redux, Ember.js, Pdf.js, Spine.js, Ext.JS, Responsive web design. (RWD).\n\nExperienced implementing Web Services using Apache SOAP, WSDL, JAX-RPC, JAX-WS, RESTful API, restful and UDDI.\nInvolved in design, coding and testing of multi-tier Windows Form / WPF application and ASP.NET Application.\nInvolved in converting Hive/SQL queries into Spark transformations using Spark RDD'S and Scala\n\nExpertise in application development using ASP.net MVC 4.0/3.0 Framework.\n\nDevelopment of UI and Server side code (behind) using .net Framework.\n\nExperience in all phase of SDLC like Requirement Analysis, Implementation and Maintenance and extensive experience with Agile and SCRUM\nWorked on React.js framework to develop interactive websites based on client needs.\n\nInvolved in the Software Life Cycle phases like AGILE and estimating the timelines for projects.\n\nExperience in SQL Database like Apache and MongoDB.\n\nExperienced in using Text editors like Espresso, eclipse, Text Wrangler, Sublime Text, NetBeans, XAMPP, Notepad and Notepad++.\nUtilized Pusher, Signal for real-time web communication. Bootstrap3 for styling website and phone gap / Ionic Framework App.\nDeveloped product using Backbone.js, Handlebars.js and SASS.\n\nFront-end development using JavaScript ES6, AngularJS, jQuery and Bootstrap\n\nBuild and Release management - GIT, Maven, Jenkins administration.\n\nTechnical Skills\n\nLanguages: C#, JAVA, UML, C, C++\n\nWeb Technologies: HTML/HTML5, CSS2/CSS3, XML, JavaScript, AJAX, JQuery, JSON, jQuery UI, angular.js,\n\nbacon.js, wire.js, require.js, Jasmine, Karma.\n\nDatabases ORACLE, MYSQL.\n\nOperating Systems Windows [ ] Mac OS X.\n\nIDE & Tools Eclipse, Microsoft Visual Studio, Notepad++, Dream weaver, sublime, Web Storm, Jira.\n\nApplications Adobe Photoshop, Adobe Dreamweaver, MS Office Suite, Eclipse.\n\nWilling to relocate: Anywhere\n\nAuthorized to work in the US for any employer\n\n\nWORK EXPERIENCE\n\nFront End Developer\n\nWellington Management\t-\tBoston, MA -\n\n2017-05 - Present\n\nBoston, MA May 2017 to till date\n\nIt is an investment company the purpose of the project is to analyze the data from different financial sectors for trading Investment Management Group for Research Data Analytics Team. Need to build data lake as data comes from different applications and internal teams, we need to build data pipeline using AWS cloud techniques Perform quality checks on top of data and do aggregations for Tableau reports. Front End Developer:\n\nResponsibilities:\n\nDesign prototype Skelton for the UI and Responsive design implementation using web components and Google polymer.\nStrong Hands on Experience with JavaScript, framework, Ionic Framework, HTML5, CSS and XML.\n\nDeveloped web pages using Ploymer.js Forms, Components, Layouts, Events, Validations, Trees, Grids components.\nUtilized handlebar.js to create Views templates that could be reused and rendered to DOM multiple times.\n\nDesigning WPF Forms, Custom Controls and User Controls using XAML language for interactive UI.\n\nCreated proof-of-concept using responsive web design, node JS, React JS, modernizer JS HTML5 and CSS3.\nInvolved in building stable react.js components and stand-alone functions to be added to any future pages.\n\nConfigured ASP.net Web applications and ASP.net Web services in Microsoft IIS 7.0/6.0/5.0.\n\nMost recent concentration has been the design of object oriented web applications for client-server applications using angular 4, Bootstrap, CSS 3, and SASS.\nDeveloped Single Page Applications (SPA) i.e. Web applications using Angular.js and handlebar.js and JavaScript.\nInvolved in use of angular 2.0 technologies to include, LESS and additional technologies to ensure current migration from Angular JS 1.6 to Angular 2.0.\nMigrated existing codebase from flux to Redux and rebuilt react components in ES6\n\nUsed angular to connect the web application to back-end APIs, used RESTFUL methods to interact with several API's, and wrote custom directives for a responsive, CSS-animated user interface.\nCreated ASP.NET pages with web server controls for the presentation layer. Developed Servlets and Utilized Node.js to create a fast and efficient chat server.\n\nUI Developer\n\nKohl's Technology -\tMilpitas, CA -\n\n2016-06 - 2017-04\n\nResponsibilities:\n\nExperience working with Node JS to develop single page along with dynamic web applications.\n\nWorked with making calls to APIs to fetch the data from the backend as JSON response and parse it on the UI for DOM/CSS Manipulation.\nDeveloped front end interface using struts, JSP's, JSTL, Tiles Framework and also Custom Tag Libraries.\n\n\nWorked with WPF designing rich User Interface, creating Custom Controls and User Controls using Expression Blend.\nProduce Apps for internal and promotional use. Write frameworks and pods that streamline the implementation of features for external IOS\nComfortable using react Chrome Dev Tools and React.js Native Code iOS Simulator.\n\nDeveloped Web API using node.js and hosted on multiple load balanced API instances.\n\nWorked on angular 4.0 by consuming Restful web services & used angular 4.0 forms like Template Driven forms and Modern Driven (Reactive) forms to perform form validations both on server and client side.\nExperience using mobile APIs and specific functions of iOS such as: Core Foundation, UI Kit, Core Location, Storyboards, Newsstand, Local Storage in Core Data, Social Accounts, Apple Maps, Google Maps, Push Notifications, Accelerometer, cloud integration, Camera, Animations, Asynchronous Tasks, In App Purchase, Google Analytics.\n\nWorked with IBM and developed iOS portion of IBM Mobile First Platform Cordova Plugins Using Swift/ Objective-C and JavaScript.\nClient Side code were written in Reacts/Redux and Server Side Code were developed using MVC4.\n\nImplemented the front end using ASP.net, HTML5, XML, CSS3, Java Script, Bootstrap, AngularJS and AJAX for dynamic.\nVery good experience in Creating, deploying Perl Packages and migrating Database from one client to other.\n\nUtilized react for its efficient data flow architecture to create a lightweight and render efficient web app that searched projects via the GitHub API through keywords.\nExperience in creating web components using polymer.js set of W3C standards and upcoming browser APIs for defining own custom HTML elements.\nWorked in developing dynamic robust UI screens using CSS, HTML, XHTML, XSLT, JavaScript, Bootstrap, Backbone, Ext.js, Ember.js and jQuery.\nExperience in Angular-chart.js 1.6 for working with the donut and the line graph.\n\nWeb/UI Developer\n\nPremier Healthcare\t-\tCharlotte, NC -\n\n2015-04 - 2016-05\n\nResponsibilities:\n\nInvolved in web designing using HTML5, XHTML, CSS3, JavaScript, JQuery and extensively used Table-less Design in CSS for positioning.\nCreated popup forms using Bootstrap version 3.0.0 Models, AngularJS Models and AngularJS Controllers.\n\nUsed different Jenkins plugins like Global Build Stats plugin, job generator plugin.\n\nWorked on ecommerce project which is responsive design and developed a single page responsive website that could be served to desktop, Tablets and mobile users using react.js\nInvolved in writing automated typescript for AngularJS application using protractor and JavaScript\n\nRunning reports on active directory Exchange Server, Windows server, office 365 and ESX Server using PowerShell\nUsed python and Django creating graphics, XML processing, data exchange and business logic implementation.\nFamiliar working with HTML5, CSS3, SASS, JavaScript, jQuery, Angular.js, Bootstrap, Node.js, C#, ASP.NET, Java, Git , TFS, MVC, MVVM.\nCreated Full trust cloud hosted apps using MVC (Angular) and MVVM(knout.js) frame works to support future integrations.\nUsed slick to query and storing in database in a Scala fashion using the powerful Scala collection framework.\n\n\nDevelopment of application using Perl CGI, mod Perl, jQuery, AJAX, SQL, HTML, CSS, JavaScript etc., and other latest technologies.\nUsed React-Autocomplete for creating google maps location search on the webpage.\n\nApplied advanced HTML, JavaScript, and CSS to deliver cutting-edge user interfaces using material design components in polymer.js\nExperience working with Google charts using polymer.js, D3.js\n\nUI Screens were developed using HTML5, Java Scripts, Ajax, JQuery Custom-tags, polymer.js Kendo UI components and CSS3.\nCreated and deployed new features of the website and made it compatible with mobile devices using Sencha Touch.\nWorked on proof of concept using Google web toolkit to create the personal card application site. Designed and implemented Report Module (using Jasper Report framework).\n\nWeb/UI Developer\n\nPulte Homes\t-\tAtlanta, GA -\n\n2014-08 - 2015-03\n\nResponsibilities:\n\nExperience in developing Native and Hybrid Mobile Application for iOS, Android and Windows Devices.\n\nDesign prototype Skelton for the UI and Responsive design implementation using web components and Google polymer.js\nDeveloped 6 custom applications in C# using the MVVM pattern in WPF and the .NET Framework environment.\nWorked on typescript extensively to develop JavaScript applications on both server and client side.\n\nCreating custom Integration Interface that can be generated into web services and exposed t0 services consumers by the service provider.\nUsed Bootstrap version 3.0.0 and AngularJS in effective web design.\n\nDeveloped java applications using various IDE's like Eclipse 3.X/4.X, RAD, STS and Database IDE's such as TOAD, SQL Server, and MSSQL Management Studio.\nEnhanced usability and user experience on RIA using Flex/Flash, HTML5, CSS, JavaScript, MVVM, LAMP, Java, and Objective C.\nDeveloped application by implementing the Single Page application template using AngularJS Route Providers.\n\nWeb/UI Developer\n\nCostco Wholesale Corporation\t-\tIssaquah, WA -\n\n2012-10 - 2014-07\n\nResponsibilities:\n\nDeveloped HTML and JavaScript for client side presentation and, data validation on the client side with in the forms.\nInvolved in developing the functionality for communicating between the modules mostly involved in VIEW and CONTOLLER section of MVC pattern for CMS project, it includes HTML, JavaScript, JQuery and AJAX which were used for UI development.\n\n\nInvolved in developing XML, HTML, and JavaScript for client side presentation and, data validation on the client side with in the forms.\nDeveloped a core component of Analytics with Node.js, Angular.JS, Knockout.js, Ext.js and Socket Stream.\n\nMaintained Cross Browser compatibility & implement Responsive Design custom media queries, etc.\n\nImplemented MVVM in all interactive views using jQuery &knockout.js and layouts in Bootstrap.\n\nWorking in close coordination with Client to resolve issues arising using agile methodologies.\n\nDesigned DOM based interactive to reprogram selected links and adopted WCAG 2.0 standards for HTML and XHTML and W3C standards for CSS as well.\nUsed XML Web Services using SOAP to transfer the amount to transfer application that is remote and global to different financial institutions.\n\nWeb/UI Developer\n\nWest America Bank SFO-CA -\n\n2009-12 - 2012-09\n\nResponsibilities:\n\nBy using developed interactive web applications using techniques such as AJAX, XHTML and DOM scripting.\n\nUsed Bower for packaging Management and GRUNT for UI Task runner.\n\nWorked extensively on web 2.0 migration from Conventional Web Frame work to Ajax driven framework and extensively used JQuery, AJAX and MVC in Presentation Layer.\nUsed Git hub for pushing the code and pulling the code.\n\nExtended Bootstrap classes to build custom front-end controls; example candidate isotopes. Worked extensively on web 2.0 migration from Conventional Web Frame work to Ajax driven framework and extensively used JQuery, AJAX in Presentation Layer.\n\nConducted agile meeting on daily aspects.\n\n\nEDUCATION\n\nBachelor in Computer Science\n\nJawaharlal Nehru Technological University\t-\tHyderabad, Telangana\n",
    "extracted_skills": [
        "agile",
        "angular",
        "asp.net",
        "aws",
        "communication",
        "css",
        "django",
        "git",
        "html",
        "java",
        "javascript",
        "jenkins",
        "jira",
        "mongodb",
        "mysql",
        "node.js",
        "oracle",
        "powershell",
        "python",
        "react",
        "redux",
        "scala",
        "scrum",
        "spark",
        "sql",
        "swift",
        "tableau",
        "typescript"
    ]
}