{
    "id": "resume_7debb827-b2ba-4805-8500-1f9a2ddee26b",
    "metadata": {
        "filename": "nithin katapally.docx",
        "processed_date": "2025-09-24T08:45:46.095057+00:00"
    },
    "raw_text": " Nithin Katapally                                                                                                   Java Developer\n Email: nithinwork123@gmail.com                                                                 Phone: (313)-312-5379\n                                                                                                                       \n\nPROFESSIONAL SUMMARY:\t\n8 years of Experience in the Java/ J2EE development in all phases of Software development life cycle   \n      Including Analysis, Design, Development, Testing, Implementation, and   Documentation.\nVery strong knowledge in Object Oriented Analysis and Designing, Object oriented programming and \n      Design Patterns.\nExperience in development of applications using java Java/J2EE web applications using Java, Servlets, JSP, \n       JSTL, Struts, spring, EJB, , AJAX, ORM, JNDI, Web Services, JDBC, JAXP, RMI, Swing, XML and \n       JavaScript.\nExcellent knowledge and experience of developing applications with Model View Architecture (MVC) \n      Using Struts   Framework, Spring Framework.\nExperienced in creative and effective front-end development using JSP, JSP Tag Libraries, Servlets, \n       JavaScript,  HTML, DHTML, ANT, Maven, JavaScript, jQuery, Ajax and CSS, D3.js.\nExperience in Front End Technologies: JSP, HTML5, Rich faces, Bootstrap, JQuery and Angular.js \nUsed advanced level of HTML5, JavaScript, CSS3 and pure CSS layouts (table less layout)\nExperience in CSS pixel-level layout, Consistency with browsers, Version and Platform Independence.\nExperience in configuring build tools like Maven and ANT for the development and deployment.\nExperience in Requirement gathering & analysis, designing UML - for developing application specific  \n       Object model, Use Case diagrams, Class diagrams, Sequence diagrams & State diagrams.\nHave extensive experience in building and deploying applications on Web/Application Servers like JBoss,\n       Web Logic, Web Sphere, Glassfish and Tomcat.\nExperienced in configuring of build files with ANT, Maven and logging using log4J.\nExperience in XML technologies like XSL/XSLT, SAX, DOM, SOAP, WSDL, DTD, Schema, SOA, JAXB,  \n       JAXP.\nExperience in Service Oriented Architecture using Web Services like SOAP & Restful.\nExperienced in writing simple Stored Procedures, understanding complex Stored Procedures and \n      Performance  Tuning of SQL Queries.\nHands on experience in giving Production and Deployment Support.\nStrong experience in UNIX and Linux.\nExtensively worked on new requirement and enhancements to meet the client requirements.\nExperience in Design and Development of custom software solutions, and Re-engineering to enhance \n      Existing frameworks to work with newer technologies\nExperience in SOA and Web Services and its various aspects of integration with Application Servers.\nExperience with UML for designing applications using Rational Rose and QSEE.\nClient interaction for requirement gathering/business process mapping, finalization of technical and \n      Functional specifications.\nDeveloped and deployed EJBs on BEA Web Logic 8.0/7.1 application server. \nExtensive experience in SOAP, XML and WSDL (Web Services).\nGood experience in Version control using CVS, SVN.\nExperience in using Junit for unit testing and Test Driven Development.\nDesign, development, testing, troubleshooting and debugging of the web application\nStrong command on Bug tracking tools like Bugzilla and other like Quality Center.\nStrong analytical and interpersonal skills along with excellent communication skills.\nHighly motivated, willing to work independently and in a team environment.\nExperience in design and development with tools like Eclipse, My  Eclipse\n3 years’ experience on Iterative development using Agile Scrum Methodology included iterative \n      application development, weekly Sprints, stand up meetings and customer reporting backlogs\n\n\n\nTECHNICAL SKILLS:\n  \n\n\nPROFESSIONAL EXPERIENCE:     \n\nClient: Quality Software Services, Inc (QSSI), Columbia MD                                                       Feb 2017 - Present  \nRole: Sr. Java/J2EE Developer\n\nProject Description: Quality Software Services, Inc. (QSSI), a subsidiary of United Health Group, is an American software services company. It is one of the contractors working on the website for Healthcare Marketplaces. QSSI specializes in providing management of Information Technology applications to federal and state governments, commercial and healthcare organizations.\n\nResponsibilities:\nInvolved in developing the AMS (Align Monitoring System) project by using four sectors Grantee, Reviewer, Analyst and OHS User.\nInvolved in Core Java concepts like Collections, Multi-threading and Serialization.\nDeveloped AMS Portal using frameworks like react.js, Node.js and Express.js\nDeveloped User Interface POC based on MVC frameworks like JSF, Spring MVC.\nImplemented RESTful web services using Angular.js on front-end, spring framework on back-end and Hibernate framework for ORM, Microsoft Azure for authentication and authorization.\nWorked on developing Web services like SOAP and REST Web service.\nUsed XML parsers to parse the data during web service calls to SOAP and Restful APIs.\nUsed spring boot to provide defaults for code and annotation configuration to quickly start the application.\nDesigned and developed Micro services business components using Spring Boot.\nDesigned and Developed User Interactive (UI) Web pages using HTML5, CSS3, JavaScript and Node.Js.\nUsed Microsoft Azure for role based access for authentication and authorization purpose.\nFor activity workflow, used relational databases like MySQL.\nUsed Spring Data Mongo DB as the persistence framework in retrieving the user and medical benefits details from Mongo DB.\nWrote Restful web services to communicate with Mongo DB and performed CRUD operations on Mongo DB using restful web services.\nInvolved in development of SQL Queries.\nInvolved in writing queries, stored procedures, and modifications to existing database structure as required per addition of new features.\nInvolved in building POM files and Maven testing.\nUsed Github extensively as versioning tool and used Maven for automated building of projects.\nUsed Jenkins for continuous integration and continuous Deployment.\nUsed JIRA for issue and bug tracking \nInvolved in preparation of Unit test cases and System test plans for various functionalities using JUnit.\nUsed the Eclipse as IDE, configured and deployed the application onto Tomcat server.\n\nEnvironment: Java1.8, Core Java, Mutli-threading, Serialization, OOPS, Spring IOC, Spring MVC, spring security, JSF,\nSOAP, REST, HTML5, CSS3, java script, Node.js, React.js, Express.js, Angular.js, Spring boot, Micro services, Github,  Jenkins, Microsoft Azure, SQL, MySQL, Mongo DB, JIRA, Maven, JUnit, Tomcat, Eclipse IDE, Windows.\n\nClient: American Airlines, Irving TX.                                                                                             Sep 2015 – Jan 2017\nRole: Sr. Java/J2EE Developer\n\nProject Description: With the American Airlines app, you can view personal flight details such as your gate, seat and flight status info at a glance. You can access your Mobile Boarding Pass - the app saves it for you so it's always easy to find. You can also monitor your place on the standby list, track your elite status progress, play Sudoku, set parking reminders, and much more.\n\nResponsibilities:\nInvolved in developing real time application for the daily moving trades in Futures and Commodities market.\nWorked on junit framework for unit testing. \nInvolved in deploying applications into QA, DEV and UAT environments.\nInvolved in using Core java concepts – Collections, Networking, Exception Handling, Multi-Threading, Concurrency, Serialization and Data Structures.\nInvolved in designing 3 various application implementing SPRING MVC Architecture.\nDeveloped various helper classes needed following Core Java multi-threaded programming and Collection classes. \nWriting standalone Java classes, reusable components using JDBC and Java Beans for getting data from SQL tables.\nConfigured session timeout with Spring Boot in server side and implemented auto logout functionality.\nUsed Gradle to build and deploy the application on web logic server.\nUsed log4j for logging and SVN for version control.\nPerforming unit-testing using Jasmine, Karma and end-to-end testing using Protractor.\nDeveloping APIs to support Angular JS UI migration, and XSDs to build web services data.\nCreated Micro services for Account, Permissions modules.\nImplementing the Spring Security and validated the form developed using JSP.\nCreated proof-of-concept using responsive web design, Node js, React js.\nUsed DAO pattern to fetch data from database using Hibernate to carry out various database transactions.\nDeveloped Message Driver Beans to receive the messages from the EMS Provider.\nUsed SVN for version control and used IntelliJ as the IDE for developing the application.\nWorked on Struts, HTML5, logic, bean tags in JSP.\nTested SOAP web services using SOAP UI and REST web services using REST Client.\nDeveloped Unix shell (ksh) scripts to automate most of the engineering and testing.\nDesigned and developed Oracle 12c PL/SQL batch and real time processes for loading data from internal and external systems using SQL Loader and External tables.\nDefined Web Services using XML-based Web Services Description Language.\nResponsible for Detail design and GUI development.\nDeveloping RESTFUL Web services using Spring boot , Spring RESTFUL template , JPA2.1\nImplemented Maven Script to create JAR, WAR, EAR and dependency JARS and deploy the entire project onto the Web Logic Application Server.\nUsed RAD for developing web components such as JSP, Controller tier that includes action classes and business tier that includes EJB 3.1.\nDeveloped frontend of application using Boot Strap (Model, View, Controller), Backbone.js, Angular.js framework.\nUtilized Node.Js to create a fast and efficient chat server.\nResponsible for customer interaction, analysis of the requirements and project scheduling.\nWritten SQL and stored procedures as part of database interaction.\nWorked with NoSQL database to store JSON like dynamic connections data.\nDatabase design and connectivity done by using JDBC Bridge.\nImplemented the Hibernate framework (ORM) to interact with Oracle 12c and MSSQL database for CRUD operations.\nImplemented Dynamic batch feature for batch processing with Spring batch.\nDeveloped and implemented code on new requirements as a developer using Spring MVC and Hibernate by using Agile Methodology.\nStrong experience of developing data models using Hibernate ORM tools, POJOs and configuring Hibernate persistence layer.\nRan Bower and Grunt components and wrote the scripting using Node.js.\nDeveloping or maintaining a production-level cloud-based architecture in AWS, including creating machine Images like AMI.\nDesigned and developed UI screens with JSP and JSF 2.1 to provide interactive screens to display data.\nConfigured DICOM TCP/IP and FTP transfer through web and networking by using Java, XML, and HTML5.\nExperience in implementing Web Services (SOAP, WSDL) using Axis framework.\nDeveloped presentation layer using JSP, HTML5, JavaScript, CSS3 and JQuery.\nExpose the platform and application level core API’s as RESTful web services and implement application workflows in rich user interfaces using JQuery.\nExposure to NoSQL database programming- Apache Cassandra\nDeveloped shell scripts for monitoring and tuning of Jboss 7,x Server.\nProduct enhancement and implement solutions for multi-tenant J2EE based legacy enterprise product enabling as Cloud based deployment and higher availability and scalability.\nGood working experience with various operating system platforms including Windows, UNIX and LINUX.\nDeveloped Hibernate DAO classes and with the Spring Framework manager classes retrieve and save the data from the database.\nRewrote the company’s primary software application in Java using AWT and Swing with MS SQL Server for the database.\nUsed MongoDB to create modem applications never before possible at a fraction of the cost of legacy databases.\nDeveloped and used MS SQL stored procedures to improve performance and to reduce the amount of code in Java.\nConfigured JDBC with SQL/PLSQL for database connectivity.\nImplemented Struts Bean Tags, Logical Tags and Display Tags in JSPs.\nDeveloped Message Driver Beans to receive the messages from the JMS provider.\nWorked on different Web applications Servers like Web Sphere, BEA Weblogic, Apache Tomcat and JBoss 7.x\nAs a team we have followed Software Development Life Cycle..\nEnvironment: Java1.8,  Core Java, Concurrency,  multithreading, J2EE, Data Structures, JSP, EJB3.1, Servlets, JSF 2.1,, Hibernate, Web Services, SQL Server, Spring Boot,  IntelliJ, JPA 2.1 , Agile, Spring batch,  Tomcat, Micro services, Web Logic App Server, Angular js, RAD, Windows,JBoss7.x,  Jenkins, Gradle, Backbone js,  Cassandra,  HTML5, CSS3, MSSQL, MongoDB, AJAX, Node.js, NoSQL, React.js, JQuery, AWS,  JAV script, Unix, Struts, Applets, Eclipse3.x/4.x, Oracle 12c, Unix and Linux.\n\nClient: United Services Automobile Association, San Antonio, TX.                                              Jan 2015- Sep 2015 \nRole: Sr. Java/J2EE Developer\n\nProject Description: The United Services Automobile Association (USAA) is a Texas-based Fortune500 diversified financial services group of companies including a Texas Department of Insurance regulated reciprocal inter-insurance exchange and subsidiaries offering banking, investing, and insurance to people and families that serve, or served, in the United States military. USAA was founded in 1922 by a group of U.S. Army officers as a mechanism for mutual self-insurance when they were unable to secure auto insurance because of the perception that they, as military officers, were a high-risk group.\n\nResponsibilities:\nActively involved in Requirement gathering meetings with the Clients and Participated in project planning sessions with business analysts and team members to analyze business IT Requirements and translated business requirements into working model. \nDeveloped the application using Spring Framework which is based on the MVC Design pattern.\nDeveloped application using JSP custom tag libraries, Struts Action classes and Action. Designed Java Servlets and Objects using J2EE standards.  \nExtensively used Thread API for multithreading.\nWorked with Data Structures, Multithreading, Networking, Concurrency and core java concepts like Collections Framework, Serialization, Multithreading and Memory management.\nEnd-end design  and implementation using Spring Boot, Spring Data JPA2.1, Hibernate.\nWorked with Session Factory, ORM mapping, Transactions and HQL in Hibernate framework.\nDeveloped Micro services and Restful web services using JAX-WS.\nUsed JSP for presentation layer, developed high performance object/relational persistence and query service for entire application utilizing Hibernate. \nUsed MVC based Struts framework to develop the multi-tier web application presentation layer components.\nInvolved in daily scrum meetings, sprint planning, sprint Demos using Agile Methodology\nConverted EJB 3.1 MDB’s into spring MDP’s using Spring JMS module.\nImplemented a Node.js server to manage authentication.\nWorked on JASMINE for unit testing and Protractor tests for end to end testing in UI.\nImplemented Oracle 12c Migration in J2EE applications with Data integration and validation.\nImplementation of front end JSP/JSF 2.1 and backing beans.\nDeveloped application using Angular.JS and Node.js connecting to Oracle on the backend.\nDeveloping APIs to support Angular JS UI migration, and XSDs to build web service data.\nResponsible for implementing new enhancements and fixing defects using Java, JSP, JSF2.1, spring and Hibernate.\nDeveloped Session beans which encapsulate the workflow logic and used Hibernate to access data.\nProficient in using RDBMS concepts with MySQL, SQL Server, MSSQL and Oracle 12c and experience in writing SQL, PLSQL, functions, stored procedures, triggers and views.\nInvolved in the design of the Referential Data Service module to interface with various databases using JDBC. \nUsed AJAX in suggestive search and to display dialog boxes with JSF 2.1 and DOJO for some front end. \nUsed the DAO Pattern and J2EE framework facilitated the integration and deployment of DAO, Servlets, JSP and XML\nWorked on REST Framework to create web services.\nDiagnose and solve JBoss 7.x  ESB Application performance and stability issues.\nWorked with project management tools such as Jira, pivotal Tracker, CI/CD tools such as Jenkins.\nCreated Restful web services/API’s using Node JS.\nExtensively used XML and Java Architecture for XML Binding (JAXB), to map java classes to XML representation.\nImplemented user interface guidelines and standards throughout the development and maintenance of the website using DHTML, HTML5, CSS3, JavaScript, Backbone js, and JQuery.\nUsed JavaScript DOM manipulation and JavaScript event to generate the data result in UI. \nHave experience with React Js environment even. We create some user interfaces according to the requirementsof the clients.\nDesigned and implemented Oracle objects such as triggers and stored procedures and cursors that allow the database to incorporate business rules.\nRunning the unit test cases Junit test, protractor tests on backend.\nUsed Spring4 x MVC, Spring ORM and Spring Security modules to integrate with MongoDB to implement the persistence layer in Hibernate.\nDeveloping or maintaining a production-level cloud-based architecture in AWS including creating machine Images like AMI.\nConfigured and monitored numerous Cassandra, NoSQL instances\nWeb Services (SOAP) were developed and published using JAX-WS and JAX-RS. \nInvolved in coding, maintaining, and administering EJB 3.1s, Servlets, and JSP components to be deployed on a Web Logic application server.\nUsed Log4j to provide central logging facility, comes under singleton design pattern.\nWorked on AWS, High Availability Practices and deploying backup/restore infrastructure.\nUsed Junit, Mockito framework for unit testing of application and implemented Test Driven Development (TDD) methodology\nSynchronized the Create, Update and delete of records between Legacy Database (DB2V10) and Cassandra 1.2.8.\nCreated stored procedures, SQL Statements and triggers for the effective retrieval and storage of data into database\nInstalled and configured MS SQL Server, IIS and SharePoint Server 2007 to run the new employee Intranet, which I designed and deployed.\nInvolved in coding, code reviews, Junit testing, Prepared and executed Unit Test Cases.\n\nEnvironment: J2EE  (Java 1.7,1.8, Core Java, multithreading, Concurrency,  Data Structures,  EJB 3.1, JMS, JNDI, Java Mail, JSP, JSF, XML, JDBC,  Angular js, Servlets and JSP), JPA 2.1 ,JIRA,  Struts, NoSQL, Cassandra, Hibernate, Ajax, Spring MVC, swing, HTML5, CSS3, JavaScript, AJAX,  JBoss7.x, AWS, Backbon,  JQuery, Junit, Node.js,  React.js,  SOAP, Micro services,  Log4j, UML, JDBC, DB2, MQ Series, Jenkins,  Websphere,  WebLogic 8.1, Eclipse3.x/4.x,  Oracle 12c, Windows, , Unix and Linux.\n\n\n\nClient: EMC, MA                                                                                                                             May 2014 – Dec 2014 \nRole: Sr. Java/J2EE Developer\n\nProject Description: Physician Office Management System (POMS) is a product to generate the bills and to maintain the patient Insurance details. Product having the generation of billing reports, scheduling the patients and maintaining Payer records in the system. A POM is categorized for the different personalities in the practice like Admin, Physician, Billing Clerk, and Nurse. There is a message center for the communication between the above mentioned personalities.\n\nResponsibilities:\nAs part of the lifecycle development prepared class model, sequence model and flow diagrams by analyzing Use cases using Rational Tools.\nInvolved in developing the user interface using JSF.\nReviewing and analyzing data model for developing the Presentation layer and Value Objects.\nExtensive use of Struts Framework for Controller components and view components.\nInvolved in writing the exception and validation classes using Struts validation rules.\nBuilt cloud formation stacks utilizing JSON templates to deploy micro services as part of Jenkins.\nInvolved in writing the validation rules classes for general server side validations for implementing validation rules as part observer J2EE design pattern.\nUsed Hibernate for the persistence of the project.\nWorked on JavaScript and JQuery for Data Validations and Dynamic tables. \nSpring framework was used for dependency injection and was integrate with different frameworks like Struts, Hibernate\nDeveloped various java objects (POJO) as part of persistence classes for OR mapping.\nInvolved in migration of the application from Sun Java Application server to Glassfish 3.2 environment.\nDeveloped web services using SOAP and WSDL with Axis.\nImplemented EJB 3.1 (Message Driven Beans) in the Service Layer.\nInvolved in working with JMS MQ Queues (Producers/Consumers) in Sending and Receiving Asynchronous messages via MDB’s.\nDeveloped, implemented, and maintained an asynchronous, AJAX based rich client for improved customer experience using XML data and XSLT templates.\nMy SQL and MS SQL database design.\nDesign applications on AWS taking advantage of disaster recovery design guidelines\nApplication deployment and data migration on AWS.\nUsed Readers and Writers provided by Spring Batch to create various Batch jobs.\nExpertise with Jboss Application server and Apache tomcat web server.\nIn depth knowledge and hands-on in patterns and Practices, Software Design and Methodologies – Enterprise Library Blocks, MVC, Agile, Waterfall, paired Programming.\nUsed JIRA as an issue tracker tool for collaborating testers and functional team as well as tracking defects and change requests.\nWorked on WebSphere Portal integration with WBISF in getting Work items raised by the process flows from WBISF.\nCreated dynamic HTML pages, used JavaScript, design the front-end components.\nWorked with Angular JS Expressions, Directives, Controllers and filters.\nApplication backend implemented as node.js express application server.\nDeveloped the administrative UI using Angular.js and Node.js.\nInvolved in writing the parsers for parsing and building the XML documents using SAX and DOM Parsers.\nDeveloped SQL stored procedures and prepared statements for updating and accessing data from database.\nDevelopment carried out under My Eclipse Integrated Development Environment (IDE).\nUsed JBoss for deploying various components of application and MAVEN as build tool and developed build file for compiling the code of creating WAR files.\nFamiliar with queries and stored procedures on MySQL and MS SQL database.\nUsed CVS for version control.\nPerformed Unit testing and rigorous integration testing of the whole application.\nFIX protocol is being used in communications such as submission, reporting and messaging between personalities.\n\nEnvironment: Java 1.7, J2EE, multithreading, JSF 1.2 – Icefaces 1.8, EJB, Agile,  JMS, Spring Boot,  Strut2, JBoss 5.1, MyEclipse, Hibernate, JSP, JSTL, AJAX, CVS, JavaScript, JQuery, JPA 2.1 , Websphere, Spring batch, Used Readers and Writers provided by Spring Batch to create various Batch jobs. HTML5, Node.js,  RAD, Angular js, Micro services,  XML, AWS,  MAVEN 2.x , SQL, Oracle, SAX and DOM Parser, EasyMock,Eclipse3.x/4.x, WebService (SOAP,WSDL), SPRING, FIX protocol.\n\n\nClient: Dexmedia, Santa monica, CA                                                                                 Oct 2012 – Apr 2014\nRole: Java/J2EE Developer\n\nProject Description: Dexmedia is a Full Service Media Company. It has its own web properties like Superpages.com and Dexknows.com which help the company to promote the clients businesses. Dexnet Team develops and maintains some of the backend applications used for biddings, ads, conversion rates etc.  \n\nResponsibilities:\nInvolved in SDLC Requirements gathering, Analysis, Design, Development and Testing of application developed \n      Using AGILE methodology.\nInvolved in Daily Scrum meetings, Sprint planning and estimation of the tasks for the user stories, participated in retrospective and presenting Demo at end of the sprint.\nDeveloped application using JSP custom tag libraries, Struts Action classes and Action. Designed Java Servlets and Objects using J2EE standards\nDeveloped complex algorithms like the CRR Binomial to calculate the option pricing using Core java technologies like collections, Concurrency, Serialization, Multi-threading and Data Structures.\nDesigned and developed entire application implementing SPRING MVC Architecture \nImplementation of Unit testing on Angular JS using Protractor Testing tool.\nDesigned and developed command center application and configured email alerts to health check the functionality of various applications.\nUsed spring framework for implementing IOC/JDCB/ORM, AOP and Spring Security.\nConsumed Web services - WSDL and SOAP for getting required information from third the different application.\nUsed Maven to build and deploy the application on web logic server.\nImplemented Object-relation mapping in the persistence layer using hibernate framework in conjunction with spring functionality.\nDeveloped web applications using JAVA/J2EE technologies MVC, spring, Spring Boot, JAX-WS, JSP and Angular Js. \nConfigured Hibernate’s second level cache using EH Cache to reduce the number of hits to the configuration table data.\nHands-on Software Development background including architecture, design, and implementation, with particular expertise in Node.js, React.js, Java, Unix and Distributed Systems.\nDeveloped Microservices using Restful web services.\nSet up Maven project and Jenkins server for build and release management.\nGood understanding of NoSQL Data bases and hands on work experience in writing application on No SQL databases.\nInstalling and Configuring Eclipse and Websphere application server.\nDeveloped the System using core Java, Servlets, EJB, JPA, JSF.\nNode.js used to proxy requests Java web services, as well as store application preferences.\nDesign andModify UI and adding functionality using HTML, JSP, JQuery Backbone js, and Javscript.\nUsed JUnit framework for unit testing of application and implemented Test Driven Development (TDD) methodology\nResponsible for implementing the transaction management in the application by applying Spring AOP methodology.\nWorked with NoSQL Cassandra to store, retrieve, and update and manage all the details for Ethernet provisioning and customer order tracking.\nMSSQL database design\nDeveloped SQL and PLSQL queries for Oracle.\nJboss to Epass migration of code.\nWrote the MS SQL queries to retrieve the information from the database.\nUsed Bootstrap and Angular.js in effective web design.\nDesigning and deploying scalable, highly available and fault tolerant systems on AWS.\nDeveloped various reports by using Am Charts API.\nUsed Restful Web Services to inserted, deleted and updated add details and their information will be used by other two applications.\nUsed SVN for version control and used STS as the IDE for developing the application.\nUsed Sql Server as backend database using Windows OS. Involved in development of Stored Procedures, Functions and Triggers.\nImplemented Hibernate as ORM tool to store the persistence data into Oracle database and SAS/SQL for creating patient profiles for the investigators.\nConfigured Apache to proxy the backend Jboss domains over HTTPS for secured communication.\nInvolved in maintenance of applications using spring batch processing. Involved in refactoring logic from Mat lab to Java\n\nEnvironment: JDK 1.7, Core Java, multithreading, Concurrency,  Websphere,  Data Structures, Sql Server, Struts 1.3, Spring batch, Apache POI, AWS, Spring Boot,  Micro services, Jenkins,  Hibernate 4.0, NoSQL, JSF,  spring 3.5,Xml, JUnit, JQuery,  Maven, Node.js, React.js,  Angular js, Backbone js,  MSSQL, SQL Server, Restful Web Services, Web logic,Cassandra,   SVN, STS and Tomcat, Ant, Eclipse, RAD, , Unix and Linux.\n\n\t\t\t\t\t\t\nClient: UNUM Portland, ME                                                                                                              Jun 2011 – Sep 2012 \nRole: Java Developer\n\nProject Description:   It provider of financial protection benefits addressing disabled people in the United States and the United Kingdom assisting in their needs. So created web based software for the end users to be able to more interactive tools for managing the compensation and benefits package\n \nResponsibilities:\nDeveloped the Controllers, Service Layer, Dao layer using Spring MVC, Spring JDBC.\nDeveloped the CURD operations using Spring JDBC.\nPerformed unit testing Using JUnit and JUnit annotations.\nImplemented Restful Web service.\nConfigured the Transaction Management for the project using Spring Container Managed Transactions.\nDeveloped web interface to display the customer information from the database tables\nCreated HTML, CSS, JavaScript, DHTML pages for Presentation Layer.\nHosted Enterprise web applications using AWS platform\nDesigned and Implemented Web Services using RESTful/SOAP/WSDL.\nExperience in doing validation on the UI from one screen to other using JavaScript.\nUsed CSS for styling the UI screens.\nWorked on SQL for checking scheduled chromos.\nInvolved in deploying and testing the application using Jboss Application Server.\nImplemented Spring Security for user authentication\nWring queries for NoSQL MongoDB used in digital project\nImplemented a Node.js server to manage authentication.\nWorked on Jenkins and AWS servers for the code deployment process.\nWorked on UAT and Production resolving the deployment issues and worked on UI screens like developing \n            the screens to show the orders using Spring MVC Framework.\nWorked as part of an agile scrum team to rapidly deliver functional components\nUsed Annotations for JSR 303, spring. The complete application was developed using annotations.\nUsed UNIX commands for debugging.\nInvolved in resolving SSO login issue.\nInvolved in Daily Stand Up Meetings, Sprint Planning and Backlog Grooming for Agile Scrum Process.\n\nEnvironment: Java1.6, J2EE, Spring MVC, Spring JDBC, Spring AOP, RAD, Node.js,  Spring Restful WS, JSP, JSTL, JSR 303, JSON, Java Script, HTML, AWS,  Agile,  Unix, CSS, JBoss,NoSQL, MongoDB,  Web logic, JavaScript, JUnit, Oracle 10g, , Unix and Linux.\n\n\nClient: Next Education Pvt. Ltd., India.                                                                                    Aug 2010- May 2011 \nRole: Java Developer\n\nProject Description: Next Education Pvt. Ltd. is an e-learning company which develops online e-learning tutorials for the children of KG to Grade 12. The content of the product involves interactive activities and simulations which will be retrieved from the Server. Product Tracks the user information and store in the Server which allows the user to access the account from anywhere through web. NE has customers which include college students, School Students, Lecturers, teachers and many other Schools.\n\nResponsibilities:\nGathered  user requirements, analyzed and wrote functional and technical specifications \nDesigned and developed the user interface using Struts 1.3, JQuery, JavaScript, XHTML\nDesigned front-end, data driven GUI using Struts, HTML, JavaScript, DOJO and CSS.\nImplemented Web Services for communicating one application to another application by using SOAP, WSDL\n      and EJB Technology\nDeveloped asynchronous, rich user interface with AJAX and rich Internet application embedded with Flex to get \n      user information from the server and project to user.\nDesigned, implemented and deployed J2EE web application using Struts 1.3and Spring IOC.\nUsed Hibernate for Object Relational Mapping (ORM) and data persistence.\nDeployed project war files on JBOSS server on the AWS cloud for the Go-live.\nImplemented business processes to develop email notification components using JMS API.\nWrote SQL commands and Stored Procedures to retrieve data from Oracle database\nUsed log4j for logging and SVN for version control.\n\nEnvironment: Java 1.6, Servlets, JSP, Struts 1.3, Hibernate3.2, EJB, JMS, JQuery,  Spring 2.5, XML, CSS, Flex, Eclipse, HTML, AWS, Tomcat,  Java Script, SQL Server, Oracle10g.\n\nClient: Analytix Data Services, INDIA                                                                                             May 2009 – July 2010                           \nRole: Java Developer\n\nProject Description: Analytix Data Services is a software company that provides specialized data mapping and ETL tools for Data Integration, Data Management and Enterprise Application Integration, Worked as a Java Developer in the manufacturing domain to develop web applications for clients.\n\nResponsibilities: \nDeveloped the components in the application using Core Java.\nExtensively used Core Java such as Multi-Threading, Exceptions, Concurrency, Serialization, Collections and Data Structures.\nUsed JDBC to execute prepared SQL statements in Java against MySQL database.\nMapped and managed Object/table relationships in Hibernate.\nImplemented business logic using Servlets.\nDeveloped spring Application using Spring Core, Spring AOP, Spring MVC and Spring DAO.\nUsed Spring Core Annotations for Dependency Injection.\nFollowed the overall application MVM architecture to create MVC layers in Angular JS and Node JS layers.\nUsed the Node.js, backbone.js and ext.js MVC framework in the development of the application.\nDeveloped Java SOAP and REST Web services using JAX-WS and JAX-RS.\nDeveloped Web services in Java and Experienced with SoapUI and WSDL.\nImplemented and Consumed REST Web Services.\nUsed JSP, HTML, CSS and JavaScript for content layout and presentation\nProduced SQL queries to provide data as requested by clients from MySQL database.\nUsed Eclipse IDE for application development.\nComponent Testing using Junit and testiNG.\nDeployed web applications on Tomcat and JBoss server.\n\nEnvironment: Java SE, Java EE, Core Java, Concurrency, Multithreading,  Data Structures, Servlets, JDBC, Hibernate, Spring MVC, Spring IOC, SOAP, REST, HTML, JSP, CSS,  Node.js, JavaScript MySQL, Eclipse IDE, Tomcat, Maven and JBoss, Junit, Unix and Linux.\n \nEducation:   Bachelor’s in Computer Science from Osmania University                                   June 2004 – April 2008\n\n\n.\n",
    "extracted_skills": [
        "agile",
        "angular",
        "aws",
        "azure",
        "cassandra",
        "ci/cd",
        "communication",
        "css",
        "go",
        "html",
        "java",
        "javascript",
        "jenkins",
        "jira",
        "mongodb",
        "mysql",
        "node.js",
        "oracle",
        "project management",
        "react",
        "scrum",
        "sql"
    ]
}