{
    "id": "resume_6a7694e8-94f7-4635-a9f9-c5effb8f2ae4",
    "metadata": {
        "filename": "Pavan Kumar Full Stack Java Developer.docx",
        "processed_date": "2025-09-24T08:45:46.761083+00:00"
    },
    "raw_text": "     PAVAN KUMAR\t\t\t               Pavank0686@gmail.com\t\t\t515-306-9255\nOBJECTIVE:\nOver 9+ years of strong software experience in design, development and deployment of web-based Client-Server business applications using OOP, Java/J2EE technologies.\n\nPROFESSIONAL SUMMARY:\nAbility to efficiently translate algorithms, ideas and concepts to software applications.\nProficient in applying design patterns like MVC, Singleton, Session Facade, Service Locator, Visitor, Observer, Decorator, Front Controller, Data Access Object.\nExpertise in design with Use Case, Sequence diagrams, Activity diagrams, Class diagrams with exposure to UML, tools like Rational Rose and use of Rational Unified Process (RUP).\nExtensively worked on during my tenure in Software Development are AngularJS, ReactJS, Spring MVC, Spring Integration, Spring Batch, Apache POI, Hibernate, REST Web services, and Databases like Oracle.\nExtensive experience in developing scalable, reliable and efficient enterprise applications using Java, Spring, Struts, Hibernate, Web Services, RESTful, JSF, JDBC, JSP, Servlets, EJB, JMS, XML, XSLT, JAXB SQL,PL/SQL, Unix Shell scripting. \nExpert Level Skills in Java, JDBC, JavaBeans, Spring Frameworks, Hibernate, Struts, JSP, JavaScript, JFC, Servlets, EJB, GWT. \nGood experience in using Amazon Web Services (AWS) and AWS SNS/SQS for delivering messages. \nExpertise in using Design patterns and object oriented methodologies to design software for Mobile Application. \nPossess expertise in designing and developing web and mobile applications using HTML 5, CSS3, Less, Sass, JavaScript, JQuery, nodeJs, AngularJS. Skilled at progressing from problem statement to well documented designs.\nExpertise in the implementation of Core Java concepts of Java, J2EE Technologies: JSP, Servlets,JSF, JSTL, EJB transaction implementation (CMP, BMP, Message-Driven Beans),  JMS, Struts, Spring, Swing, Hibernate, Java Beans, JDBC, XML,  Web Services, JNDI, Multi-Threading, Data structures etc. \nDevelopment of services that utilize AWS SDK's (Dynamo DB, Elastic Beanstalk, EC2, Lambda) \nProficient in implementation of frameworks like Struts, spring, JSF, AJAX frameworks (Rich Faces, MyFaces) and ORM frameworks like Hibernate.  \nExtensive experience in designing MongoDB multi-shared cluster and monitoring with MMS. \nFocused on architecting NoSQL databases like Mongo, Cassandra and Cache database. \nExpertise in XML technologies such as XSL, XSLT, XML schemas, XPath, XForms, XSL-FO and parsers like SAX/DOM.\nExpertise in developing SOA (Service Oriented Architecture) and J2EE Web Services based on SOAP, WSDL, UDDI, JAX-WS, JAXB, JAX-RPC using tools like Apache Axis.\nKnowledge of XML and related technologies like XSL, XSLT and parsers like JAXP (SAX, DOM) and JAXB. \nProven experience with Application Servers like IBM WebSphere6.x/5.x/7.0, Oracle/BEA WebLogic 9.x/8.x/7.x/6.x, JBoss and Tomcat5.x/4.x/3/x. ,\nProven experience in writing Queries, Stored Procedures, Triggers, Cursors, Functions and Packages using TOAD.\nExcellent experience with major relational databases – Oracle 11g/10g/9i, SQL Server 2000/2005/2008, DB2, MySQL.\nExperience in upgrading and migrating various versions of MongoDB on different platforms. \nStrong experience with MongoDB development (reports, schema design, map reduce functions) and migrations from SQL relational databases. \nExtensive development experience in different IDE's like Eclipse 3.x, Jbuilder 9.x/8.x, WSAD 5.x, IBM RAD and AltovaXMLSpy.\nUsed Web Sphere Application Server, Web Logic Application Server, Jbossand Apache Tomcat in all my projects and successfully deployed and compiled many of the applications on them. \nExpert level skills on JQuery, JavaScript, VBScript, Perl, AJAX, Adobe Flex, ActionScript, JSON, HTML, DHTML, CSS, Tiles, Tag Libraries.\n Extensive experience in using Amazon Web Services like RDS,EC2,Redshift,SQS,SNS,Cloud Watch and S3 \nExperience in developing Web-Centric applications using AngularJS, BackboneJS, ExtJS, NodeJS, JavaScript, JQuery, and CSS3. \nHands on experience with build tools like ANT, Maven and logging tools like Log4J.\nExpertise in unit-testing with JUnit using tools like JMeter. \nExperience in Agile software development process, Test Driven Development and Scrum methodologies.\nExperience in Developing GUIs using Eclipse RCP/SWT and Core Java Design patterns.\nGood Experience in software configuration management using CVS, GIT and SVN. \nExperience in using Maven and ANT for build automation. \nKnowledge on Build tool Jenkins with configuring check styles, Test coverage.\nExperienced with Splunk tool for production support. \nPart of Scrum, Sprint review, Retrospection and Virtual Closure meetings as a part of AGILE.\nExcellent at understanding new technologies and capable of implementing without conventional training\nStrong Analytical and programming skills in using technology to develop effective complex business solutions. \nExcel under pressure and thrive in dynamic environments. Comfortable with ambiguity and multitasking.\n\nAREAS OF EXPERTISE:\nWeb Application Development, Software Development, Project Coordination, Program Design/Implementation,        \nRequirements Management, Unit and Integration Testing, Technology Integration, Program Documentation\nSoftware Coding, Web Programming, Test Design and Execution, Software Implementation\n\nTECHNICAL SKILLS:\n\nTECHNICAL EXPERIENCE:\nClient: Comdata, Brentwood/Tennessee\t\t\t\t\t\t\tJan 17 – Till Date\nRole: Full Stack Developer\nDescription:Corporate Payment is contained framework with multiple applications. These are the applications which hosts different kinds of tests in different areas which test user’s skills and abilities in that particular area. The stakeholders of the applications are mainly test takers and administrators who host these tests from different parts of the world. Test takers use the scores of these tests as credibility for multiple educational opportunities.\n\nResponsibilities:\nAs a Java back end developer, responsible for implementing business scenarios based on JAVA/ J2EE technologies.\nInvolved in Requirement gathering, Design, Analysis and Code development by followingAgile methodology.\nDeveloped UI pages with HTML5, CSS3, JavaScript, JQuery, and used Boot Strap for creating Responsive Web pages.\nCreated AngularJS Controller to control the flow of data which isolate scopes perform operations in UI pages.\nCreating a range loop directive, modules, Expressions, scope, Templates and components in AngularJS, ReactJS, NodeJS and developed the server side single page applications on AngularJS platform using JavaScript programming.\nUsed Multi-threading to overcome the errors in transactions and to handle all the threads by the main thread process.\nDeveloped the Application using Spring Features like Spring MVC, ORM, Spring Boot and Spring Security for application access and authorization, Spring Integration, Spring AOP forcrosscutting concerns. \nUsed Spring Ribbon API to check servers are up and running in live environment to detect those servers that are down.\nDesigning and implementing scalable, RESTful and Micro-services-based services for mobile back-end. The back-end is being written in Java using Spring Boot for simplicity and scalability.\nDesigned Spring boot mechanism without configuration XML's and replaced it with Java classes and also used Spring boot Actuator to externalize application's configuration properties for different environments.\nUsed Spring Batch as spring batch jobs for automatic processing of large amount of data in the application. \nSpring MVC Framework IOC design pattern is used to have relationships between application components. It is also used to separate the application configuration and dependency specification from the actual application code.\nUsed Micro service architecture, withSpring Bootbased services interacting through a combination of REST and Apache Kafka message brokers.Produced and consumed centralized Spring Restful Web Services for Enterprise and web applications to consume in JSON format and in trusted client-server environment.\nUsed Hibernate environment for configurations, mappings, annotation extensions for easy mappings, relationships between tables and entity classes to access and update information in the database.\nExtensively used Hibernate concepts such as inheritance, lazy loading, dirty checking, locking, and transactions.\nWorked with ELK stack for searching the log, routing the log data and for visualizing the logged data. \nWorked with Advanced Java 1.8 features like Lambda for adding functionality processing capability and Stream API to facilitate pipeline processing and method to eliminate elements based on the criteria.\nWorked on Oracle 11g database concepts such as locking, transactions, indexes, sharing, replication, schema design.\nCreated Stored Procedures, User Defined functions, Views and implemented the Error Handling in the Stored Procedures and Modified already existing stored procedures, triggers, views, indexes depending on the requirement.\nMigration of Existing Application to AWS cloud platform. Used Amazon Web Services (AWS) like EC2 servers, S3 storage, RDS instances, cloud watch and Cloud Front for promoting code in multiple environments.\nWorked on creation of custom Docker container images, tagging and pushing the images to the servers.\nUsed slick to query and storing in database in a Scala fashion using the powerful Scala collection framework.\nDesigning, Development, JUnit testing and Integration of many components of the applications from end-to-end and Prepared Junit test cases and executed them using Junit and Continuum for integration testing. \nDevelop unit test using Karma and Jasmine. Followed strict patterns of RA team for unit test cases with jasmine.\nUsed JMeterfor stress testing,Selenium WebDriver for testing the automation code.\nUsed Maven as a build tool for compilation and building JAR, WAR and EAR files and retrieved all the dependencies required for the running the application, Log4J for logging errors ,messages and control log statements. \nWorked on Git as version control management and JIRA as Defect management for bug, issue tracking of application. Used JENKINS for continuous integration (CI) and continuous deployment (CD) pipeline. \nImplemented the application using design patterns such as Session Façade, Business Delegate, Adaptor, Bean Factory and Singleton and Deployed the application in Apache Tomcat Server.\nEnvironment:  JAVA(1.7, 1.8), J2EE, Spring 4.x, CXF, XFire, SOAP , Oracle11g, PL/SQL, Postman, JMS, JBoss, JUnit, PowerMockito, Mockito, JAX-WS, JIRA, UML, Maven, HTML. \n\n\n\nClient: ETS/ACCENTURE, Princeton-New Jersey\t\t\t\t\t                               July 2016 – Jan 2017\nRole: Full Stack Developer\t\nDescription: Java Software Engineer to design, develop, maintain and test software for the Business Process Automation team, collaborating with the development team and business partners to ensure successful delivery and implementation of application solutions\n\nResponsibilities:\n\nDeveloped the J2EE application based on the Rest API web services.\nWorked on Spring boot framework\nWorked on micro services by using Spring Cloud with Netflix and Eureka\nWorked on No SQL databases like Couch base and MongoDB\nWorked on distributed version control system like Git and Source Tree for GUI\nDeveloped security to the micro services using Zuul proxy using authentication and authorization with Active directory and Rest API service.\nUpgraded Couch base NoSQL Database from 4.1.0 to 4.5.0 with multiple clusters.\nWorked on JbossWildfly Application Server and Tomcat.\nWorked on build tool in Maven and Gradle.\nEvaluated Mesos/Marathon for Docker container orchestration.\nUsed Marathon to deploy containers and applications into a Mesos cluster.\nTested the services using postman tool.\nWorked in XML and SOAP based web services\nWorked on RDBMS like Oracle, MySQL and MS SQL.\nWorked on Message broker like RabbitMQ.\nDeveloped applications and testing environment for Junit and Mockito framework.\nCreated and configured new JIRA projects and worked with departments to maintain existing JIRA projects.\nExperience in HTML design with CSS\nDeveloped the functionalities under Agile Methodology JIRA processes.\nHands-on design and development for customer facing applications that require high availability, concurrency, multi-tenancy, high scalability for a large global user base.\nBuild features using TDD (Test driven development) and Domain driven design in DevOps environment with continuous integration, regression and deployment.\nEnsure feature quality by extensive testing covering different aspects such as unit, integration, functional, performance and regression with a focus towards automation.\nResponsible for development to deployment including troubleshooting and production fixes.\nEnsured Agile distribute weekly Reports and followed up on Change Activity, managed, released documents and maintain server database.\n\nEnvironment: Java, J2EE,JDK 1.6, RCP, WebLogic, AWS SDK, Ext JS,  Git,  Spring 4.x,   Java, SOAP/Rest, Couch Base, MongoDB, Postman, Web Services, UML, Web Services, HTML5, CSS, SASS, RAD 7,WAS 8 WSDL, JIRA 5.x/6.x, JAXB, Linux, JAX-WS,JAX RPC, JMS, JSF,UNIX, NOSQL(MongoDB), Angular JS, NodeJs, JBoss 3.0, ReactJS, AJAX,ApacheJMeter, JQuery, JUnit, Maven,Gradle, Oracle 10g.\n\nClient:\tHCA/Parallon Nashville-TN\t\t\t\t\tMay2014 – June 2016\nRole: Senior Java Developer\nDescription: BEQ – Business Event Qualifier Portal Optimization\n\nBEQ is defined as a system used to define and process the business rules for awarding American Express Card Holders on their spend behavior/activity. It also supports CCP with the current reward information of the Card holders in real time\n\nResponsibilities:\nInvolved in all the phases of software development lifecycle (SDLC) including Requirements Collection, Design & Analysis of the Customer Specifications, Development, Deployment and Customization of the Application. \nDeveloped UI using HTML, CSS and jQuery to display the data on the client side. Wrote SPA (Single page web applications) using NodeJsas the server side, GULP, WEBPACK (ES6),Restful web services plus AJAX and Angular JS. \nUsed backbone JS to optimize in-browser use, to load the module and to improve the Speed. Front-end development by utilizing Java script frameworks such as JQuery, Backbone Js,NodeJSand AngularJS. \nDeveloped a dashboard based on Ajax calls with Business Customers Count, Flags, Real-time graphs for Analytical Reporting using NodeJs and Wrote code to fetch data from web services using jQuery AJAXfor asynchronous communication via JSON response and updating the modified data to display in UI pages.\nCalled web services with REST Architecture to specify constraintsthrough Angular JS services to get XML file data. \nInvolved in implementation of enterprise application communication and integration with Web Services and Legacy Systems using REST (Using Axis and Jersey frameworks).  \nUsed various Core Java concepts such as Multi-Threading, Exception Handling, Collections framework extensively to store, retrieve and manipulate data objects of application in the business logic layer.\nInvolved in writing Spring Configuration XML file that contains declarations and other dependent objects declaration. \nUsed J2EE Design patterns like Singleton, Service Locator, Session Façade and Business Delegate during development. \nDeveloped micro services with Spring Eureka to retrieve API routes for the entire cluster. Using this strategy each micro service in a cluster can be load balanced and exposed through one API gateway.\nUsed Spring Transactions in the application and spring beans to develop Session beans for the business logic.\nDesigned and developed Application based on Spring Framework, Spring MVC and spring templates, Used Spring Framework for Dependency Injection and integrated with Hibernate DAOs for ORM mapping.  \nComposed and executed MongoDB documentscripts to insert, update NoSQL database, automating data changes.\nUsed NoSQL MongoDB databaseto provide recommendations on Performance tuning for applications.\nUsed Hibernate framework in persistence layer for mapping an object-oriented domain model to a relational database.\nWorked on Pivotal Cloud Foundry to host Application which used to role-based access controls, applying, enforcing roles and permissions to ensure that users can only view and affect the spaces for which they have been granted access.\nRe-architect monolithic service into Micro services based architecture using spring boot and pivotal cloud foundry.\nDeveloped EJS access layer and components using JPA/Hibernate frameworks implementations for object persistence to Derby database for mock domain and for real time domains.  \nUsed Selenium Data Driven framework for testing the application and integrating it withMaven [Build Management Tool], TestNG [Unit Testing tool] and Jenkins [Continuous Integration Tool] for continuous delivery pipeline.\nCreated and configured management reports and dashboard using Splunk by identifying data patterns, metrics. \nImplemented the logging using log4j framework which is used to log both User Interface and Domain Level Messages. \n\nEnvironment: Java, J2EE,JDK 1.6, RCP, WebLogic, AWS SDK, Ext JS,  Git, Swing, JFC, Perl,Sybase,  Spring 4.x,  AWS SNS/SQS, Hibernate 4.x,Core Java, SOAP/Rest, Web Services, JavaScript, UML, Web Services, HTML5, CSS, SASS, RAD 7,WAS 8 WSDL, JIRA 5.x/6.x, JAXB, Linux, JAX-WS,JAX RPC, JMS, JSF,UNIX, AKKA, NOSQL(MongoDB), Angular JS, NodeJs, BackboneJS, Scala IDE, JBoss 3.0, ReactJS, AJAX,ApacheJMeter, JQuery, JUnit, Maven, Oracle 10g.\n\nClient:\tAmerican Express, Phoenix, AZ.\t\t\t\t\tMarch 2013 – April 2014\nRole: Senior Java Developer\nDescription: The State Farm hosted enrollment website for premier insurance clients that will allow a user to establish an account that will allow registration of multiple cards to one username and password. They will be able to receive the alerts via SMS, email or both when their card is used in a country that is determined to be outside their home country. The enrollment web service utilizes the inControl platform to deliver the alerts. In addition the existing Common Registration Web Service and Banknet Bridge services are utilized.\n\nResponsibilities:\n\nJ2EE deployment on WebLogic/JBOSS servers - QA & Staging \nTroubleshooting issues that may occur during the test cycle (Functional & load test) for the J2EE applications on Struts and Spring framework running on WebLogic/JBOSS servers. \nDeveloped services that are reusable and interoperable, based on SOAP, WSDL, JAXWS, JAXRPC Web services.\nWell versed with core Java concepts like Collections, Swing, Serialization and Servlets & JSP. \nProvided installation, configuration & maintenance of pre-prod and production Cloud environments including services such as Tomcat, Apache, Jetty, MongoDB, MySQL, and Jira. \nDeveloped POJO objects and used Hibernate as the Object-Relational Mapping (ORM) tool to access the persistent data from SQL Server. \nHands-on writing Stored Procedures, functions, triggers, DDL, DML SQL queries. Experience in writing SQL, PL/SQL programming and SQL Loader. \nWorked on Hibernate object relational mapping according to database schema. \nDid load testing of SOAP Web Services using SOAP UIand Apache JMeter tools. \nDeveloped a GUI to help to read the logs generated by the scripts, the logs were saved in MongoDB, the GUI was created using flask, D3, jQuery table sorter. \nImplemented Internationalization using Spring MVC Interceptors and spring core modules.\nWorked on Spring security, form based authentication with Cross-Site Request Forgery CSRF token and secured REST endpoints with HTTP Basic authentication\nImplemented the MVC architecture using Backbone.js, NodeJs and Angular.js, ReactJS. \nUsed Spring Validation framework to implement the server side validations and used Ext JS AJAX to get the data from the server asynchronously by using JSON objects. \nEffective use of data structures and algorithms to solve complex problems, reducing time complexity and memory usage.\nDelivered mobile app for book reading capability with HTML5 Sencha and online services with Flash/Flex.\n Technology leadership for the direction of the Cloud based application using Node.JS, PDFJS,MongoDB and MS SQL Server integrating to a proprietary framework. \nUsed JMS (Java Mailing Service) API to mail notifications upon the success or failure when the backend processes are completed and also to send mail notifications regarding any system related \nproblems. \nDefined collections to store data in MongoDB.  \n Developed Pl-Sql store procedures to convert the data from Oracle to MongoDB. \nDeveloped user interface using JSP with JavaBeans, JSTL and Custom Tag Libraries, JS, CSS, JQuery, Node.js, HTML, SASS and Ajax to speed the application. \nPrepared and presented UNIX production and implementation schedules to the Project Manager and client. \nWrote PL/SQL Queries, stored procedures, triggers and prepared statements. \nResponsible for developing the connection pooling for FileNet Server implementing spring framework concepts such as Transaction management and DAO support. \nNational level complex problem-solving competition, using JAVA, Data Structures and Algorithms. \n Built Web pages those are more user-interactive using jQuerypluginsfor Drag and Drop,jqValidator,AutoComplete, AJAX, JSON, Angular JS, and Node.JS. \nImplemented Screen Navigation using JQuery and Spring MVC. \nDeveloped Business components using Java Objects, Core Java, Multithreading, Servlets, and JSP. \nInvolved in creating dynamic web site design and programming using HTML5, CSS3, JavaScript and jQuery. \nInvolved in generating JAXB classes from schema files. \n Developed custom directives, Factories and Services in AngularJS.\nDeveloped cross browser compatibility code using CSS and jQuery.\nBuilt HTML5 and CSS system for controlling text display issues cross-platform and cross browser.\nDevelop batch processes for financial reporting applications and modules using Perl and Korn shell scripts on Oracle database, with partitions and sub-partitions.\nUsed the DBI/DBD module forSybase connection from PERL scripts\nDeveloped Test classes using JUnit and Easy Mock and test coverage using EMMA plug-in. \nWorked with Splunk to logging and analyzing defects status. \nKnowledge on Jenkins builds. \n\nEnvironment: Java , J2EE, JDK 1.5, UNIX, JBoss 3.0,Spring core, MongoDB, JMeter, Swing, Hibernate, Jetty, Core java,  Perl,Sybase, Spring MVC, Hibernate, SOAP/Rest Web services, FileNet, Ajax, XML, jQuery, Ext JS, HTML5, CSS, TC Server, SASS, JAX-B, SVN, Maven, Jenkins, Splunk, SFX, Splunk, Angular JS, ReactJS, NodeJs, Ext JS, MAX, SEED. Oracle.\n\n\nClient:State Farm,Bloomington, Illinois\t\t\t\t\t\tMay 2012 – Jan 2013\nRole: Sr. Java Developer\n\nDescription: First Citizens Bank is one of the largest banking institutions in the world. Bank offers various financial and banking services to its customers. Worked on application named Access portal. It is a part of online banking that allows a customer to view quick summary of transactions and account details. It also shows mutual funds associated with account\n\nResponsibilities:\n\nInvolved in the design and development phases of Agile Software Development. \nAnalyzed current Mainframe system and designed new GUI screens. \nDeveloped the application using 3 Tier Architecture i.e. Presentation, Business and Data Integration layers in accordance with the customer/client standards. \nAutomate report generation in MongoDB using JavaScript, shell scripting, java. \nPlayed a vital role in Scala framework for web based applications \nUsed FileNet for Content Management and for streamlining Business Processes. \nCreated Responsive Layouts for multiple devices and platforms using foundation framework. \nImplemented printable chart report using HTML5, CSS3 and jQuery. \nApplied JavaScript for client side form validation. \nWorked on UNIX, LINUX to move the project into production environment.\nCreated Managed Beans for handling JSF pages and include logic for processing of the data on the page. \nUsed Object/Relational mapping tool Hibernate to achieve object to database table persistency.\nWorked with Core Java to develop automated solutions to include web interfaces using HTML, CSS, JavaScript and Web services. \nCreated simple user interface for application's configuration system using MVC design patterns and swing framework. \nDeveloped web GUI involving HTML, Node JS, Java Script under MVC architecture. \nCreation of WebLogic domains and setup Admin & Managed servers for JAVA/J2EE applications on Non Production and Production environments. \nInvolved in the configuration of Spring Framework and Hibernate mapping tool. \n Monitoring WebLogic/JBoss Server health and security. \n Creation of Connection Pools, Data Sources in WebLogic console.\nImplemented Hibernate for Database Transactions on DB2. \nInvolved in configuring hibernate to access database and retrieve data from the database \nWritten Web Services (JAX-WS) for external system via SOAP/HTTP call. \nUsed Log4j framework to log/track application. \n Involved in developing SQL queries, stored procedures, and functions. \nCreating and updating existing build scripts using Ant for deployment Tested and implemented/deployed application on WAS 6.1 server. \nUsed Rational Clear Case for Version Control. \n\nEnvironment: FileNet, IBM RAD 6.0, Scala, Java 1.5, JSP, Servlets, Core Java, Spring, Swing, Hibernate, JSF, ICE Faces, Hibernate, HTML , CSS, JavaScript, NodeJs, UNIX, Web Services- SOAP, WAS 6.1, XML, IBM WebSphere 6.1, Rational Clear Case, Log 4j, IBM DB2.\n\nClient:\tGreen Point Bank, New York, NY\t\t\t\t\tJanuary 2010– April 2012\nRole: Java Developer\nDescription: Green Point Financial Corp. is a bank holding company whose bank subsidiary, Green Point Bank, had 73 branches in the New York City metropolitan area in 1998. Through its mortgage lending subsidiary, the company was the national lender in no-documentation residential mortgages. ​\n\nResponsibilities:\n\nMavenized the existing applications using Maven tool. \nAdded the required jar files to the application as dependencies to the pom.XML file. \nUsed JSF & Struts frameworks to interact with the front end. \nUtilized Swing/JFC framework to develop client side components. \nDeveloped J2EE components on Eclipse IDE. \nCreated Multi Excel Comparator tool for client Suisse Bank using JAVA and effective use of data structures and algorithms, it has successfully saved 520$/ person for a month. \nDeveloped a new CR screen from the existing screen for the LTL loads (Low Truck Load) using JSF. \nUsed spring framework configuration files to manage objects and to achieve dependency injection. \nImplemented cross cutting concerns like logging and monitoring mechanism using Spring AOP. \nImplemented SOA architecture with web services using SOAP, WSDL, UDDI and XML. \nMade screen changes to the existing screen for the LTL (Low Truck Load) Accessories using Struts. \nDeveloped desktop interface using Java Swing for maintaining and tracking products. \nUsed JAX-WS to access the external web services, get the xml response and convert it back to java objects.\nDeveloped the application using Eclipse IDE and worked under Agile Environment.\nWorking with Web admin and the admin team to configure the application on development, training, test and stress environments (Web logic server). \nBuild PL\\SQL functions, stored procedures, views and configured Oracle Database 11g with JNDI data source with connection pooling enabled. \nUsed Hibernate based persistence classes at data access tier.\nUsed Spring Quartz timer to load the DIM data base with device battery information on regular intervals of time.\nAdopted J2EE design patterns like Service Locator, Session Facade and Singleton. \nWorked on Spring Core layer, Spring ORM, Spring AOP in developing the application components \nModified web pages using JSP and Used Struts Validation Framework for form input validation. \nCreated the WSDL and used Apache Axis 2.0 for publishing the WSDL. \nCreating PDF files for storing the data required for module. \nUsed custom components using JSTL tags and Tag libraries implementing struts. \nUsed Web Logic server for deploying the war files. \nUsed Toad for the DB2 database changes. \n\nEnvironment:Java  , J2EE, JSF, Hibernate,  Struts, Spring, Swing/JFC, JSP, HTML, XML, Web Logic, iText, DB2, Eclipse IDE, SOAP, Maven, JSTL, TOAD, DB2, Web Logic Server, WSDL, JAX-WS, Apache Axis.\n\nClient:\tAircel, Chennai, India\t\t\t\t\t                                                     June 2007– October 2009\nRole: Java Developer\nDescription:Aircel is one of India’s leading innovative mobile service providers. As a young data led telecom player, Aircel has constantly been at the helm of introducing innovative and value for money products and services for its customers, which are industry firsts, be it the Aircel Pocket Internet, taking the first step in making 3G affordable for the masses, being the first telecom player to introduce Facebook Voice Updates on Aircel, and many more.\n Responsibilities \n\nInvolved in gathering and analyzing system requirements. \nConsiderable use of multithreaded application in the C++ software using posix, STL.\nPlayed key role in the high-level design for the implementation of this application. \nDeveloped the Training and Appraisal modules using Java, JSP, Servlets and JavaScript. \nDeveloped UI using java swings. \nWorked extensively on Mobile Management Entity of Evolved Packet Core network which was developed using C++\n Created tables, views, Types, triggers, complex join queries, stored procedures, and functions and modifications to existing database structure as required for addition of new features \nInvolved in Designing the Database Schema and writing the complex SQL queries. \nInvolved in Code reviews for other modules developed by peers. \nDesigning and establishing the process and mapping the functional requirement to the workflow process. \nAccessed stored procedures and functions using JDBC Callable statements.  \nExecuted and coordinated the installation for the project. \nWorked on web-based reporting system with HTML, JavaScript and JSP.  \n\nEnvironment:Java, JDK 1.3, C,C++,J2EE (JSP, Servlets, EJB), JDBC, Apache Tomcat, oracle, HTML, DHTML, SQL and JUnit.\n\n\n\n\n",
    "extracted_skills": [
        "agile",
        "angular",
        "aws",
        "cassandra",
        "communication",
        "css",
        "docker",
        "ec2",
        "flask",
        "git",
        "html",
        "java",
        "javascript",
        "jenkins",
        "jira",
        "lambda",
        "leadership",
        "mongodb",
        "mysql",
        "node.js",
        "oracle",
        "rds",
        "rest api",
        "s3",
        "scala",
        "scrum",
        "sql",
        "webpack"
    ]
}