{
    "id": "resume_bf6807f7-a8db-416e-bdf4-43b31497d55c",
    "metadata": {
        "filename": "Praveen T.docx",
        "processed_date": "2025-09-24T08:45:47.704760+00:00"
    },
    "raw_text": "PRAVEEN T            \nSenior JAVA/WEB DEVELOPER                                                                                                                                                     \nCONTACT: 984-999-1439 \nE-Mail: praveen06t@gmail.com \n\t  \t\t\t\nSummary\nOver 8 years of progressive IT experience in analysis, design and development of web based applications and client-server applications using Java and J2EE as well as enterprise applications using Web Technologies.\nExpertise in Server side programming using Core Java, J2EE, Servlets, JSP, JDBC, JavaBeans, Hibernate, Oracle, Struts, Spring. \nIn-depth knowledge of the object-oriented programming(OOP) concept with JVM Architecture, object oriented analysis and development. \nExperienced working in all the phases of Software Development Life Cycle using Core Java, Java/ J2EE technologies.\nExpertise in implementing the MVC Design pattern using Struts 1.0, Struts 2.0, and Spring Frameworks with different Java/J2EE patterns, Spring MVC, GWT, JSF, JSP, Apache tiles, Servlets, Web services, OAuth 2.0, XML, Hibernate, JPA, AJAX, JAXB, JDBC. \nProficient in front-end/client-end Java J2EE technologies: Servlets, Java Server Pages (JSP), HTML, XML, XHTML, JavaScript, AJAX, JQuery, Kafka.\nStrong web development skills with web 2.0 framework, JSP & MVC and, CSS3, HTML5, JavaScript, DHTML, AngularJS, Knockout JS and Require JS.\nGood experience in developing rich user interface applications using HTML5, CSS3, JavaScript, JQuery, AngularJS, NodeJS, Bootstrap, XML and JSON. \nProficient in building Web User Interface (UI) using HTML5, DHTML, table less XHTML, CSS3 and Java Script that follows W3C Web Standards and are browser compatible. \nExperienced in React JS and working with React Flux architecture.\nProficient in using Spring Dependency Injection, Spring MVC, Spring Boot, Spring Security, Spring JDBC and Spring Hibernate Integration.\nExperienced in implementing POC's to migrate iterative map reduce programs into Spark transformations using Scala. \nCreated Front end pages for Ecommerce Website with using HTML, CSS and JavaScript. \nBuilding, Deploying and hosting an application on Cloud Foundry Environment. \nExperience in creating Kafka producer and Kafka consumer for Spark streaming. \nUsed Test Driven Development techniques to provide reliable, working software early and often.\nExperience in ANT and Maven build tools. Expertise in design and development of various web and enterprise applications using Type safe technologies like Scala, Akka and Play frameworks.\nExperience working in actor programming model using Akka actor architecture.\nTechnical experience in the areas of Object Oriented Analysis (OOA)Object Oriented and Design (OOD) using UML, Software Life Cycle Management and Development of Distributed applications.\nExtensively used Eclipse IDE along with a variety of plug-in for streamlined development process.\nExcellent knowledge on the complete Cassandra architecture with in detail understanding of read, write and delete processes. \nGood working knowledge of databases like MySQL, Oracle 10g/11g.\nResponsible for designing Apache Kafka producer and consumer. Learning data streaming through Kafka, streamsets. \nExperienced in testing SOA and REST web services using SoapUI.\nKnowledge in Creating and managing web applications, Site and Site collections.\n\nTECHNICAL SKILLS:  \n\n\nProfessional Experience:\n\nMetLife, NC\t\t\t\t\t\t\t                                              Aug’17 – Present    \nRole: Sr. Java/Web Developer\nDescription: MetLife, Inc. is the holding corporation for the Metropolitan Life Insurance Company (MLIC), better known as MetLife, and its affiliates. MetLife is among the largest global providers of insurance, and annuities.\nResponsibilities:\n\nDeveloped Application based on J2EE using Hibernate, Spring, JSP frameworks and SOAP/REST web services.\nImplemented REST Micro services using Spring boot. Generated Metrics with method level granularity and Persistence using Spring AOP.  \nUsed Spring Framework for Dependency Injection and Using annotation based Spring MVC.\nDeveloped complex and critical objects, class and functions using Core Java and Java Beans.\nDesigning and implementing RESTful Enterprise platforms using JVM software (Java).\nDesigned and developed the UI using JSP/JSF, HTML, Bootstrap, Swing, CSS and JavaScript, JQuery, Ajax, JSON. \nResponsible for building single-page-applications(SPA) using AngularJS development framework.\nExperience with Angular 2 in two-way binding.\nWorked with Angular 2 for creating own html elements for building web.\nUtilized various JavaScript and Angular 2 frameworks and Ajax for form validation and other interactive features.\nDesigned frontend with in object oriented Java script Framework like React JS.\nCreated forms to collect and validate data from the user in HTML5 and React JS.\nImplemented Angular 2 controllers to maintain each view data. Implemented Angular service calls using Angular factory.\nDeveloping GUI Components using Swing and AWT.\nREST Web services written in Groovy/ Grails wrapped by Jersey JAX-RS.\nUsed SOAP UI for checking (testing) request/response of web services. \nUsed Node JS to develop scalable web application. Utilized Annotation based Hibernate/JPA for\nObject/Relational Mapping purposes for transparent persistence onto the MongoDB for the Sweepstakes engine and Campaign engine.\nUsed Scala collection framework to store and process the complex Customer information. \nAlso, worked on QA to test product and report issue with Git hub bug tracker.\nApache Ant was used for the entire build process, wrote build scripts using GWT Ant.\nEnvironment: Java 7, JDK, UML, Struts, HTML5, Angular 2.0, ReactJs, Spring MVC, Spring framework 4.0, Eclipse, JSON, REST, Oracle, Tomcat, JSP, JQuery, Servlets, Hibernate 4.3, XML, CSS3, Junit, Jira, SVN, Log4j, TOAD, UNIX, GWT, Ant, Agile, Camel.\n\nWells Fargo, NC\t\t\t\t\t\t\t\t\t\t         Apr’16 - Present\nRole: Sr. Java/Web Developer\nDescription: Wells Fargo & Company (NYSE: WFC) is a diversified, community-based financial services company. Analyzes highly complex business requirements, designs and writes technical specifications to design or redesign computer platforms and applications.\n\nResponsibilities:\n\nResponsible for the design of customizable headers and footers using Tiles framework of Spring.\nUsed Spring Boot which is faster in building Micro services and developed spring based applications with very less configuration.  \nDeveloped Micro Services using latest server technologies like Docker, Apache Kafka and Kafka Streams.\nWorked with EJB in the server-side to encapsulate the business logic of the application.\nSuccessfully implemented the code for my module using Struts and Hibernate. \nImplemented DAO for data access using Spring ORM with Hibernate.\nConsumed Web Service using JSON and REST to get the registered users, update their status.\nModeled the application to support bi-directional communication between server and client using Akka HTTP. \nUtilized various JavaScript and JQuery libraries, AJAX for form validation and other interactive features.\nResponsible in development of presentation layer using JSP and Servlets. \nResponsible for creating efficient design and developing User Interaction screens using HTML, CSS, JavaScript, jQuery, AJAX and JSON. \nUsed Bootstrap library to quickly build project UI's and used AngularJS framework to associate HTML elements to models. \nWorked on NO SQL database like Mongo DB and performed various CRUD operations on it.\nImported data from various resources to the Cassandra cluster using Java APIs.\nUsed JQuery library to build Ajax based web application module.\nInvolved in daily standup and sprint planning sessions as part of Agile Scrum methodology. \nImported data from XML files and flat files to standard formats and published into JMS queue using JBoss. \nUsed JIRA for bug tracking, and automated build process by writing Maven build scripts. \n\nEnvironment: Java 1.8, JDK, Struts, HTML, AngularJS, Node JS, React JS, Spring MVC, Spring, JVM, Eclipse, JSON, REST, JBoss, JSP, Jenkins, MongoDB, JQuery, Servlets, JDBC, Scala, Spark, Akka, EJB, Kafka, Cloud Foundry, Hibernate, OAuth, XML, Cassandra, CSS, Bootstrap, DAO, AWS, TDD, Junit, Jira, SVN, Log4j, Apache POI, UNIX, Ant, Agile, Scrum.\n\n\nClient: Chrysler, MI\t\t\t\t\t\t\t                                              Feb’15 – Mar’16    \nRole: Sr. Java Web Developer\nDescription: Chrysler, is the American subsidiary of Fiat Chrysler Automobiles N.V., an Italian controlled automobile manufacturer. FCA US is one of the “Big Three” American automobile manufacturers. The company initiated a project to modify its customer portal to make it interactive, dynamic and customer friendly, these applications take advantage of the latest web standards. A great deal of care was also taken to ensure the client-side JavaScript facilitates modularity and maintainability.\n\nResponsibilities:\nDeveloped Application based on J2EE using Hibernate, Spring, JSP frameworks and SOAP/REST web services. \nUsed Spring Framework for Dependency Injection and Using annotation based Spring MVC.\nDeveloped complex and critical objects, class and functions using Core Java and Java Beans.\nDesigning and implementing RESTful Enterprise platforms using JVM software (Java).\nDesigned and developed the UI using JSP/JSF, HTML, Bootstrap, CSS and JavaScript, JQuery, Ajax, JSON. \nHands on working experience Linux environment with Apache Tomcat, experience on Amazon AWS.\nExperienced in provisioning and managing multi-data center Cassandra cluster on public cloud environment - Amazon Web Services(AWS) - EC2.\nWorked on creating a dashboard to keep track of Amazon instances.\nWorked on automation of deployments of java code through chef.\nExperienced in storing the analyzed results into the Cassandra cluster.\nWorked on auto scaling of amazon instances.\nInvolved in capacity planning and requirements gathering for multi datacenter Cassandra cluster.\nUsed RESTful services to interact with AWS services.\nDeveloped UI screens with HTML, AngularJS, Bootstrap, JSP and JQuery for the presentation layer along with JavaScript for client side validation.\nAlso, worked on QA to test product and report issue with Github bug tracker\nWrote Triggers and Stored Procedures for the batch processes using PL/SQL.\nApache Ant was used for the entire build process, wrote build scripts using GWT Ant. \nDeveloped REST APIs using Java, Play framework and Akka. \nJBoss is used as the application production server, Tomcat as webserver for applications, Apache as container in Linux Environment.\n\nEnvironment: Java1.7, Eclipse, JBoss, Struts, Spring, SOAPUI, JSP, JSF, JVM, Hibernate, ColdFusion, XML, WSDL, SOAP, JavaScript, Node JS, React JS, AngularJS, Bootstrap, JQuery, Cassandra, JDBC, Apache kafka, HTML, Ant, AWS, JPA, TDD, JUnit, Akka, Cassandra, Jenkins, Oracle, MongoDB, Linux, Scrum, Tomcat, SOA, Web Services.\n\nClient: Sprint Corporation- Overland Park, KS\t\t                                                           Nov’13 – Jan’15\nRole: Senior Java/J2EE Developer \n\nResponsibilities: \n\nImplemented Restful web services in java with JAX-RS, Spring MVC with UI build in DOJO using JSON over HTTP. \nDeveloped the Presentation Layer using MVC Struts Framework and also used Tiles Layout for View Transactions and User Activity Monitoring module. \nUsed Spring Framework for Dependency Injection and integrated Spring with Struts.\nInvolved in build process through Maven.\nDeveloped necessary DAO’s with Hibernate as the persistence framework.\nUsed Log4j for logging messages and Warnings.\nWorked on various design patterns specific to the requirement.\nUsed Ajax to make calls from JavaScript to java.\nDeveloped user interface using JSP, HTML and performed client side validations using Java Script.\nDesigned and developed the UI components using JSP/JSF, HTML5, CSS3. \nImplemented Model View Controller (MVC) architecture Using Struts Framework at the Web tier level to isolate each layer of the application to avoid the complexity of integration and ease of maintenance.\nFollowed TDD Test Driven Development and developed test cases by using JUnit for unit testing for each and every module developed.\nUsed XSLT to convert XML into HTML for displaying as web pages.\nCreated UNIX scripts to launch java modules on JBoss application server and to generate user reports.\nWebLogic is used as the application production server.\nManaged successful deployment of a hosted ecommerce business to consumer website. \nManage executive expectations, problem resolution, and developing relationships and strategies for on- going Ecommerce programs.\nDesign & implementation of library to provide Kafka access to ECC modules.\nEnvironment: Java 1.7, MyEclipse, WebLogic, Tomcat, EJB, Struts, JSF, JVM, JSP, Hibernate, XML, XSLT, WSDL, SOAP, JDBC, AngularJS, Scrum, JavaScript, JQuery, HTML, Maven, TDD, Cassandra, Kafka, JUnit, Oracle, Team Track, Unix, Web services.\n\nClient: Matrix Medical Network, AZ\t\t \t\t                                                         Dec’12–Oct’13                                                                                                                                                  \nRole: Java/J2EE Developer\n\nResponsibilities: \n\nActively involved in software development life cycle starting from requirements gathering and performing Object Oriented Analysis.\nInteracting with client BA for resolving requirement gaps and resolving functional and database related queries.\nCarrying out periodic demonstrations for application progress. \nWorking as Issue resolution contact from application for any client discovered issues.\nInvolved in build process through Maven.\nDeveloped necessary DAO’s with Hibernate as the persistence framework.\nUsed Log4j for logging messages and Warnings.\nWorked on various design patters specific to the requirement.\nUsed Ajax to make calls from JavaScript to java.\nDeployed the Application on Oracle Implementation with JSP, JavaScript, and Struts Validation framework on MyEclipse IDE.\nDeveloped user interface using JSP, HTML and performed client side validations using Java Script.\nImplemented Model View Controller (MVC) architecture Using Struts Framework at the Web tier level to isolate each layer of the application to avoid the complexity of integration and ease of maintenance.\nDeveloped some applications using Web Services.\nExperience in development of JAX-WS, Apache Axis for Web Services using SOAP, WSDL.\nCreated Business to Business communication by encapsulating SOAP Web Services in Java File and Stateless Session Beans.\nUsed CVS as version control tool.\nManaging JUnit test scripts for development and test environments for latest deployments\nWorking out on feasible technical solutions with client team to common UI issues.\nIntegration and functional testing before releasing code for client testing.\nFixing client reported bugs on UI or functional issues found during testing. \nDeployed an application in IBM WebSphere Application Server v9.0\nEnvironment: Java 1.6, Core Java, log4j, JSP, JavaScript, XML, Spring 3.0.1, Hibernate 3.5.4/ORM, HTML, CSS, JUnit 4.6, Ajax, WebSphere 7.0 Maven, Oracle 9i, My Eclipse, Eclipse 3.6.1, MySQL Server, Tomcat, Struts 2.2.1, NetBeans 6.9, CVS.\n\nEnvironment: Java 1.5, J2EE, Servlets, JSP, HTML, CSS3, DOJO, Apache-Tomcat, Maven Repository, JMS, XML, XSD, XSLT, Eclipe, MVC, Hibernate, Kafka, JSM, Web Services - WSDL, JAX-WS, JAX-Restful Services, JAXP, JAXB, QC.\n\nClient: Olive Technology, India\t\t\t\t\t                                                Aug’09 – Oct’12                                                                                                                                                 \nRole: Software Developer\n   \nResponsibilities: \n\nParticipated in Requirements Analysis, and Design and Development phases of the project with major emphasis on Development of the modules.\nDesigned the application using the core J2EE design patterns Singleton, Session Façade, Business Delegate, and Service Locator.\nDocumented the design documents using Class Diagrams and Sequence Diagrams using the Rational Application Developer.\nDeveloped user interface by creating at least one webpage for each component using Struts web MVC and Action Servlet as front controller for this application. \nDeveloped Action Class components for performing business process execution and involved in configuration of struts configuration specific xml file. \nUsed Object oriented JavaScript for developing rich client page.\nDeveloped the interactive web page using Struts, Hibernate, Ajax, XML, Object oriented JavaScript.\nUsed JIRA issue tracker to file the bugs.\nMapped (one-to-many, one-to-one, many-to-one relations) DTOs to Oracle Database tables and Java data types to SQL data types by creating Hibernate mapping XML files\nOracle database was used, wrote stored procedures for common SQL queries\nDeveloped various Database interaction objects by implementing the DAO Patterns and used JDBC as Model Component.\nUsed SAX Parser for parsing the XML document.\nJBoss Server was used as the application server for deploying the application.\nImplemented Log4j by enabling logging at runtime without modifying the application binary.\nInvolved in Unit Testing and Bug-Fixing and achieved the maximum code coverage using JUNIT test cases.\nUsed ANT Script for building and deploying the application.\nEnvironment: Java 1.5, J2EE, XML, JavaScript, JIRA, HTML, Selenium, SQL, Servlet 2.3, JSP 1.2, Struts 1.2, Hibernate, Log4j, JUnit, Ant, Oracle 10g, and Eclipse, JBoss.\n",
    "extracted_skills": [
        "agile",
        "angular",
        "aws",
        "cassandra",
        "communication",
        "css",
        "docker",
        "ec2",
        "git",
        "html",
        "java",
        "javascript",
        "jenkins",
        "jira",
        "mongodb",
        "mysql",
        "oracle",
        "react",
        "scala",
        "scrum",
        "spark",
        "sql"
    ]
}