{
    "id": "resume_15c1aec3-55a9-4a03-899c-f757d85689c2",
    "metadata": {
        "filename": "Priyanka Sr BSA Resume.docx",
        "processed_date": "2025-09-24T08:45:47.882188+00:00"
    },
    "raw_text": "PRIYANKA                                \nSr. Business System Analyst\n\nPROFESSIONAL SUMMARY:\n    Proactive, confident, goal-oriented, pragmatic and attentive Sr. Business Analyst and Business system analyst with over 8 years of experience in Retail, Banking, E-commerce domains with a focus on designing, development, implementation of business processes and system solutions with the addition of an in-depth domain understanding of the entire retail business operations.\n   -Certified Scrum Master with a thorough understanding of Agile principles and Scrum ceremonies.\n   -Experienced and have detailed knowledge about Order Management System, Retail POS Applications, Customer Relationship Management (CRM i.e. Loyalty Program), E-commerce platforms.\n    -Extensive knowledge, expertise and involvement in various phases of Software Development Life Cycle (SDLC) in Waterfall, Scrum, Agile (Extreme Programming, Test-Driven Development) and Scrum-Waterfall Hybrid and SAFe software development lifecycle environments.\n   -Skilled in conducting and facilitating Requirement Gathering Activities to gather SMART (Specific, Measurable, Attainable, Realistic and Timely) requirements using diverse elicitation techniques including, but not limited to Interviews, Requirement Workshops, Prototyping, Survey/Questionnaire, JAD Sessions and Brainstorming.\n   -Skilled as a liaison between technical team and management, change agent and a servant leader with an ability to communicate technical information to non-technical stakeholders. Experience of mentoring the team and providing business value oriented conflict resolution.\n   -Excellent writing and documentation skills in creating, modifying and analyzing Business Requirement Document (BRD), Functional Requirement Document (FRD), System Requirements Specification (SRS), Use-Case Specification, High Level and Low-Level Documents (HLD/LLD), User Story. \n   -Detailed understanding of RACI Matrix (Responsible, Accountable, Consulted and Informed) and prepared Requirement Traceability Matrix (RTM) to map requirement with its origin throughout the process to verify adherence.\n   -Proficient in Requirement Management, Sprint Planning, Issue Tracking, Impediment Management, and Work Allocation using tools like JIRA, RALLY, and HP ALM.Helped PM in preparing various artifacts related to the Planning phase.\n   -Thorough understanding of the preparation and use of Unified Modeling Language (UML) diagrams including Process Diagram, Activity Chart, Use Case Diagram, Sequence Diagram, Data Flow Diagram and ER Diagram using MS Visio and Draw.io to support system design and helped in identifying primary actors and business process flow around entities.\n   -Experienced in creating Prototypes, Wireframes and Mock-Up Screens to visualize Graphical User Interface (GUI) as to understand the layout of the interface using tools like Balsamiq MockUps and MockUp Screens.\n   -Proven Track Record in conducting AS-IS and TO-BE analysis, GAP Analysis, Risk Analysis, Cost-Benefit Analysis and SWOT Analysis to assist PM in Release Planning as well as PO in setting better stakeholder expectation.\n   -Integrated Salesforce Force.com IDE platform with Amazon Web Service(AWS), Oracle Database 11g and integrated IBM Sterling Order Management System with IBM Websphere commerce using SOAP, RESTful APIs. Experienced in enhancing data warehouse with extensive knowledge of Data mapping, Dimensional Modeling, ETL jobs, OLAP operations.\n   -Experience in Service Oriented Architecture (SOAP, WSDL, REST, XML, JSON, HTTP).\n   -Well versed in writing SQL queries and SOQL queries in order to do data manipulation for analysis and reporting.\n   - Assisted Sr. Business analyst in Data Migration project where identified target driven priorities, part of data migration strategy and redefined data for migration (i.e. based on Relevance, Accuracy, Integrity, Completeness, Compliance etc).\n   -Participated in various Scrum Ceremonies including Daily Scrum, Sprint Planning, Sprint Review, Sprint Retrospective and Backlog Refinement meeting as part of the management framework. Helped PO in maintaining information radiators.\n   -Experienced in conducting Scrum Training Workshops and User Story Writing workshops to familiarize stakeholders with Scrum process skeleton and concept. Helped Scrum teams in User story point estimations using various techniques.\n   -Adept at handling Requirement Churns in product backlog by performing Impact Analysis as part of the change request.\n   -Well versed with backlog prioritization techniques (MoSCoW, Business Value, Kano, And Technical Risk) and estimation techniques (T-Shirt sizing, Planning Poker, Complexity buckets, value streaming and technical risk-based estimations) to help product owner in picking Product Backlog Items (PBIs) to commit to in the iterations (Sprints).\n   -Proven expertise in developing Test Cases, Test Plans, Procedures and Traceability Matrix and documenting defects using HP QC and HP ALM. Collaborated and monitored Black-Box Testing, Smoke Testing, User Acceptance Testing (UAT) and Regression Testing.Helped testing team in understanding test-scenarios regarding Interface testing & API testing.\n   -Created Training Script and conducted Training Sessions for the end users in the production environment once the product went live and was ready to use.\n   -Experienced in working with Three-Tier Architecture, and Client-Side Verification and Server-side Verification.\n   -Thorough understanding of Business Intelligence (BI) and experience in creating interactive, analytical dashboards using Tableau and IBM Cognos for decision making.\n\n\n\nACADEMICS: \n-Bachelors in Technology, Computer Science, UPTU, Lucknow, India. \n\nCERTIFICATIONS:\n-Certified Scrum master \nPROFESSIONAL EXPERIENCE: \nCLIENT: KOHL’s, MENOMONEE FALLS-WI                                                                           Jan2017-Present ROLE: Sr. Business System Analyst\nDescription: The scope of the project was the two-part integration of SALESFORCE with our existing e-commerce platform. Integration of Sales cloud was to capture range of information about customers using e-commerce platform. This insight helped marketers to develop targeted promotions and offers matching customer’s personal taste. In the second part, we integrated SALESFORCE with our legacy CRM system for a complete view of customer data using different retail channels. Used Marketing cloud to plan, implement, execute, monitor and analyze campaigns across multiple channels.\nRESPONSIBILITIES:\n-SFDC requirement elicitation and coached junior business analyst in converting business requirements to technical specifications, designing the solution and work closely with Stakeholders, Architects, Developers and Deployment teams.\n-Implemented the requirements for users and customers on Salesforce’s Force.com IDE Plug-in using Eclipse.\n-Managing users, Public Groups, Profiles, and Roles within the Salesforce CRM, this involved designating access to the applicable user within the user hierarchy.\n-Created Formula Fields, Validation Rules, Workflows and approvals, Process builders for the flexibility and functionality of force platform application and to help automate the different types of actions based on organization processes.\n-Worked with integrating Salesforce with 3rd party systems using web services and App exchange for greater usability.\n-Worked with integration platforms, API integrations SOAP, REST with other systems for extracting the data from the home-grown applications by using the home-grown web services.\n-Worked closely with Java development team in Agile Environment to build and support current dashboards and portals.\n-Supporting the Sales cloud implementation, Service cloud modules, Salesforce SF1, Client interfacing, Chatter when converting leads and dealing with cases for company-wide discussions.\n-Worked with development and deployment of code through changesets from sandbox to production environments.\n-Designed and created reports to determine most popular items by age range, geography and profession and other parameters to make informed decisions on inventory.\n-Used SOQL & SOSL Queries with consideration to governor limits for data manipulation needs of the application using platform database objects and to support various item-level analytics on database objects.\n-Hands on experience on Salesforce Lightning for Customizing Reports and Dashboards for business use.\n-Used Data Loader for insert, update and bulk import or export of data from Salesforce S-Objects Used it to read, extract, and load data from a comma-separated value (CSV) file.\n-Used Force.com developer toolkit including Apex Classes, Apex Triggers, Visualforce pages to help in the development of custom business logic.\n-Integrated the web services by generating the necessary stubs from the WSDL files for extracting the data from the home\n -grown applications by using the home-grown web services.\n-Designed the Test Cases in SOAPUI for API testing, Test Plans for all the processes using CONFLUENCE and tracked defects on JIRA, hence was part of Black Box Testing, and was part of Interface Testing, System Testing.\n-Used CUCUMBER for Behavior Driven Development and used MAVEN to build the project and connect it to JENKINS CI Tool.\nENVIRONMENT:Agile-Scrum,Eclipse,Force.com IDE,Workbench,SOQLxplorer,Jenkins,JIRA/Confluence,Oracle Database server11g,Amazon DynamoDB(AWS),.Net framework 4.5,Maven,Custom Import Wizard,Apex Data loader,MS Windows,LINUX, Salesforce integration tools, Connect offline,Apex Explorer,Cucumber, Apex Classes/Controllers, Test Classes, Apex Triggers, Visualforce (Pages, Component & Controllers),Standard objects, Workflow & Approvals, SOQL, SOSL, Custom objects, S-Controls, Analytic Snapshots,SOAPUI,Sandbox environments.\n\nCLIENT: LBRANDS, COLUMBUS-OH                                                                                        Nov2015- Jan2017     \nROLE: Sr. Business System Analyst\nDescription: Scope of the project was to integrate IBM Sterling order management system to our e-commerce platform which includes functions like accessing and updating customer orders, to provide the retailer with an operational foundation to towards seamless, integrated omni-channel solution.\nRESPONSIBILITIES: \n-Elicited requirements together with the Product Owner to integrate IBM Sterling order management system with LBrands’s IBM WebSphere commerce platform used for a storefront for the complete view on order as well as inventory database.\n-Implemented DOM with role-based access for multiple supply chain participants, created a centralized database as single order repository to monitor complete order lifecycle (inventory availability, order routing, payment processing, shipment).\n-Integrated two systems by establishing WebSphere enterprise service bus which translated calls and services from one system to other in terms of API calls to support CRUD operations.\n-Collaborated with sales teams, independent stores, transportation partners, and customer warehouse to do Out-of-the-box configurations for seamless delivery execution and monitoring of services. \n-Used CONFLUENCE for drafting the User stories and managing the requirements and integrating with JAMA Project Management Tool ensuring that all the teams are in sync at all times.\n-Created acceptance criteria for stories in JIRA and Participated in all Scrum Ceremonies Leading Sprint Planning session.\n-Validated completed stories that passed all the acceptance criteria on behalf of or with the Product Owner in exceptional scenarios and Production validation on behalf of or with the Product Owner/Manager. \n-Reviewed the Processes, Tools, Techniques used by various Development & QA Teams along with Scrum Master to provide leadership and guidance for improvement with the goal to deliver high-quality Product.\n-Ensured that the Development & QA teams, based on the requirements, have completed the appropriate level of Test. \n-Planning along with Traceability back to the requirements to ensure complete coverage of the Program increment. Worked Extensively with the Dev Ops Team for the successful implementation of the Project.\n-Helped in designing Test Cases in SOAPUI for API testing, Test Plans for all the processes using Confluence, hence did the Black Box Testing and was part of System Testing.Tracked the identified defects using JIRA.\n-Used CUCUMBER for Behavior Driven Development and used MAVEN to build the project and connect it to JENKINS CI Tool.\n-Assisted Junior Business Analysts with the development of Use Case Diagrams, Activity Diagrams, Sequence Diagrams using MS-Visio by analyzing the business processes to describe the functional requirements of the system.\n-Created and updated training manuals and Provided advanced business knowledge and technical support for business requirements development.\n-Used BI tools like Tableau for reporting and analyzing most profitable channel partners, order replenishment etc. \nENVIRONMENT: Agile-Scrum, IBMWebSphereCommercev7, IBMSterlingordermanagementsystemv9.3, JIRA, CONFLUENCE, JAMA, MySQL-DB, MS-VISIO, APAR fixes, JMS API, XML, Tableau, SOAPUI, J2EE, Cucumber, Jenkins, Maven.\n\n CLIENT: STATE OF FLORIDA, TALLAHASSEE-FL                                                                    Jan2014-Oct2015\n ROLE: Sr. Business System Analyst \n Description: Scope of the project was to enhance existing enterprise data warehouse for agricultural department of State.\n Improved the data definitions and logical structures related to current data-warehouse in order to increase accuracy \n and precision of statistical calculations done agricultural data collected through surveys. \n RESPONSIBILITIES:\n -Conducted meetings and discussions sessions with stakeholders of the agriculture department of State government to elaborate on the business drivers, vision, and mission, high-level requirements and project objectives.\n -Facilitated Joint Application Development (JAD) sessions to design Data Flow Diagrams (DFD’s) for the different phases of requirements. Acted as liaison between end users and technical team to address issues and recommend solutions.\n -Documented workflow for each of the batch process feeding to the master database.\n -Analyzed source database, identified cardinalities and Created conceptual, logical ER diagrams. Responsible for identifying different data sources and conducted data profiling using Informatica.\n -Involved in identifying facts and dimensions and created data mapping document. Coordinated with database developer to create star dimension modeling and enhanced the target Datawarehouse with respect to agricultural data parameters.\n -Analyzed ETL jobs and mappings to document the existing transformation logic and understand ETL strategies used.\n -Assisted in developing different dimensions such as slowly changing, rapidly changing, and conformed dimensions and fact tables with facts and measures as per business requirement.\n -Led BI and dashboards development and trained core executive users on usage of developed BI platform.\n -Maintained metadata of the data warehouse in the CA Platinum repository by identifying different types of metadata.\n -Assisted testing team and Responsible for creating and monitoring Requirements traceability matrix, test cases, test plans, defining User Acceptance criteria and tracking defects using HPALM.\n -Assisted data analyst in enhancing OLAP cubes by communicating new business rules and Performed Rollup, Drill down, Slice and Dice operation to provide secured, timely, accurate insights.\n -Helped to create operations document and knowledge transfer to the operations team.\n\n ENVIRONMENT: Waterfall-SDLC, MS-Access, MS-Excel, MySQL-DB, MS-Office, Informatica, HPALM, PowerBI, CA Platinum Repository, Oracle Database 10g\n \n CLIENT: OFFICE DEPOT, BOCA RATON-FL                                                                            Sept2012-Nov2013\n ROLE: Business System Analyst \nDescription: Office Depot is an American office supply retailing corporation. The project consisted of designing a new in-house order management system and in-store billing application. Respective store managers and customer sales staff order the products they need from the store's system, and in 3 days they receive the products they had ordered, the project was to replace with the new order management system and in-store billing application.\nRESPONSIBILITIES:\n-Conducted feasibility analysis for new requirements, cost-benefit analysis and assisted the project manager in risk analysis. \n-Analysed data flow and business requirements to create business requirement document(BRD), functional requirement document (FRD) etc. \n-Created Activity Diagrams, Sequence Diagrams using UML methodologies for easy understanding using MS-VISIO.\n-Created User Stories from documented FRD to be estimated in Sprint Planning and Backlog Grooming meetings. Helped Product Owner to define acceptance criteria for user stories and prioritize those user stories based on business value.\n-Responsible for implementing, coordinating and documenting all business processes for (web-based) Internet billing customers (e.g. creating invoices on a recurring basis based on pricing plan, discounts applied specifically to SKUs etc).\n-Helped the team in estimating the complexity of the user story by using Planning Poker and other estimation techniques.\n-Used JIRA for deploying task and Issue Tracking, User Story Management.Also linked the sprint burndown charts and release burnup chart to the sprint in execution to track the progress of the sprint as well as a release for future planning.\n-Assisted Business Intelligence (BI) team in creating dashboards using Tableau as required by the end users.\n-The effort involved developing extensive SQL Queries and Procedures, utilized to perform database integrity testing, ensuring various data table entries, data validity, and data integrity w.r.t transactional data.\n-Performed logical data modeling and created ER diagrams and used SQL queries for manipulating data.\n-Prepared Requirement Traceability Matrix (RTM) report to ensure that every Business requirement is adhered to achieve the expected performance and have visibility on complete test coverage w.r.t requirements elicited.\n-Helped in development of Test Strategies and creation of Test Scenarios, Test Environment, and Test case.\n-Conducted User Acceptance Test(UAT) by setting up UAT environment utilizing HPALM.\n ENVIRONMENT: Scrum-Waterfall(Hybrid), JIRA, Tableau, SQL Server, .Net framework3.5, Mock-Up Screens, UML, MSOffice Suite, MS Visio, HP-ALM.\n\n CLIENT: BIG BASKET, MUMBAI-INDIA                                                                                     June2011-Aug2012\n ROLE: Business Analyst \n Description: Big Basket is an Online supermarket for food and grocery. The scope of a project is to integrate and enhance the existing Web Based E-commerce platform using Microsoft Commerce server to provide Product Catalog, Targeting, and Profiling. The enhanced application provides utilities for selecting products, shopping cart, checkout, payment modes, and membership login for the discounts.\n RESPONSIBILITIES:\n -Elicitated requirements by interview, surveys, and prototyping with the stakeholders.\n -Conducted GAP Analysis for the AS-IS and TO-BE Processes to identify and validate the requirements and then developed the strategy to close the gap as to have a better understanding of server requirements.\n -Worked with various e-commerce modules for supply chain management, Internet marketing, online transaction processing, electronic data interchange (EDI), inventory management systems, and automated data collection systems.\n -Conducted technology reviews of various modules for the team. Built web application prototype using iRise.\n -Actively Participated and assisted project manager in writing Project scope statement, Work Break Down structure etc.\n -Documented the server-based and security-related requirements within Share Point and using Windows Active Directory.\n -Created Mock-ups and Wireframes to help facilitate the conversion of business needs into technical requirements.\n -Prepared Functional specification document(FRD) based on the understanding of the required functionalities-entirely re-engineering the existing process to make it more efficient and accurate to deliver planned business value.\n -Conducted Requirement Validation through requirement reviews and use of prototyping and planned how requirements should be verified by establishing Acceptance tests and ensuring all requirements supports delivery of value to the business.\n -Designed and developed Use-case diagrams, Sequence Diagram and Activity Diagram using MS-Visio.\n -Created Physical Inventory process (like creating barcode labels, create purchase orders, create a sales order and pick/issue along with cycle count) for e-commerce consisted of data integration and inventory processes with the third-party vendor.\n -Planned and documented procedures for data processing and prepared data flow diagrams for the application.\n -Designed workflows and allocated permissions within SharePoint.\n -Assisted in Unit Testing and performed User Acceptance testing and documented detailed results.\nENVIRONMENT: Waterfall-SDLC, MS-SharePoint 2007, Microsoft commerce server 2009, .Net framework 3.5, MS Office, SQL Server, MS Project, MS Visio, Mock-up screens, iRise, MS Access.\n\nCLIENT: KOTAK MAHINDRA BANK, MUMBAI-INDIA                                                        Nov2010-May2011\nROLE: Business Analyst \nDescription: Scope of the project was migrating the bank’s core legacy system (Core Banking System i.e. CBS) onto a consolidated Finacle Platform for retail banking. Legacy system was increasingly expensive to maintain and had several performance issues. Also, it lacked various vital functionalities such as NEFT/RTGS payments, FLEXI deposits, SWEEPs etc. New System brought 24x7 banking to back office, enhanced straight-through processing, reduced manual intervention which eventually reduced process time and error.\nRESPONSIBILITIES: \n-Assisted Senior Business Analyst in Client Meetings and scribed JAD sessions to allow users/stakeholders from multiple teams to communicate and understand how many systems Finacle had to interface with and to avoid Scope creep.\n-Acted as the liaison between the Business Users and the Technical teams towards providing feedback on the implication of requests and escalating/resolving issues and conflicts. Worked with different commercial card team in knowing what exactly bank's client wants.\n-Created project artifacts like Business Requirements Document(BRD), Business Rules Spreadsheet BRS, Use Case Document, Functional Requirements Specification(FRS), Data Mapping Document.\n-Employed UML methodology and thus facilitated the creation of Use Case, Activity, Sequence and Communication Diagrams as to identify the actors (primary stakeholders) and to do behavioral modeling using MS Visio.\n-Assisted the Project Managers in the development of standard project documentation like project scope statement etc\n-Created documents like the Business Glossary, Actors Catalog and Data Dictionary to facilitate the other teams in understanding client business.\n-Involved in the overall requirements management and to build the Requirements Traceability Matrix (RTM) in order to trace the origins of requirement with respect to written test-cases using HP Application Lifecycle Management.\n-Facilitated Requirements Review Sessions with the Development and Testing teams.\n-The Facilitated decision on proposed requirements changes after baseline as part of the Change Management process, thus managing Volatility and Integrity of the requirements. Also helped teams in baselining changes w.r.t business users.\n-Created UAT test case scenarios by covering all business process lifecycle functionalities of bank’s offerings together with business stakeholders. Helped QA teams in setting up UAT environment by providing data definitions for test data.\n-Reviewed Test cases, Participated in Defect-Review meetings with software developers, QA engineers, managers, suggested enhancements to the existing application from business perspectives, provided solutions to existing bugs.\n-Was part of Data Migration strategy from legacy system to Finacle, assisted Sr. business analyst and participated in Deployment Planning meeting.\nENVIRONMENT: Waterfall SDLC, MS-Visio, MS-Office, MS-Project, HP-ALM, Linux, Finacle, iCEDQ, SOA test, MS-SQL Server.\n\nCLIENT: OLX, MUMBAI- INDIA                                                                Aug2009-Oct2010                             \nROLE: Jr. Business Analyst    \nDescription: Olx is India’s one of the largest companies in e-commerce. The scope of the project was to develop Payment Verification and Processing System which leads to secured payments for existing and new customers using Credit or Debit cards.\nRESPONSIBILITIES:\n-Interacted with the customers and internal stakeholders to elicit user requirement to make the existing system safer for a transaction by making it PCI DSS compliant as increase control over cardholder data and reduce credit card frauds.\n-Documented requirements using Functional Requirement Document, Business Requirement Document templates.\n-Formed a bridge between the Project Manager, Stakeholders and IT teams with effective presentations.\n-Planned and organized team engagement activities to encourage self-organization among the team.\n-Assessed business priorities and advised business units by performing Risk Analysis along with Sr. Business Analyst.\n-Created UML Diagrams like Activity diagram, Sequence diagram, Use case using MS-Visio.\n-Tracked and reported timely performance against plans and performed GAP analysis as to recommend corrective measures to improve productivity. Did Impact Analysis for change management along with project manager, stakeholders.\n-Identified the logical relationship between entities and primary keys to making every payment per transaction unique in the database. Helped data architect in database designing and other technical teams by participating in E-R modeling.\n-Participated in the development and testing of Service Oriented Architecture, REST, SOAP APIs.\n-Helped in preparation of the Test Plan with the testing team as well as ensuring testability, reliability, usability, maintainability, the performance of the application through User Acceptance Testing(UAT).\n-Involved in incident reporting and change management procedures using Use Case.\n-Maintained and shared documents using MS SharePoint. \n-Managed test cases and logged defects using HPQC tool.\nEnvironment: Waterfall SDLC, HP QC, Payment Processing, Payment gateways, MS Project, MS Visio, MySQL Server, SharePoint, MS Office (MS Excel, MS Word, MS PowerPoint)10, HPQC, SOAtest, Linux, MS-SQL server.\n",
    "extracted_skills": [
        "agile",
        "aws",
        "communication",
        "confluence",
        "dynamodb",
        "java",
        "jenkins",
        "jira",
        "leadership",
        "mentoring",
        "mysql",
        "oracle",
        "project management",
        "r",
        "scrum",
        "sql",
        "tableau"
    ]
}