{
    "id": "resume_5e1ad12f-77f0-43c5-a1c1-ebbce5d619cb",
    "metadata": {
        "filename": "Randy Adams.docx",
        "processed_date": "2025-09-24T08:45:49.010253+00:00"
    },
    "raw_text": "RANDY ADAMS\nSr. Java Developer – PG & E - San Francisco, CA\n1750 Montgomery Street, San Francisco, California, 94111\nEmail-  randyadams526@yahoo.com\nVisa Status- US Citizen\n                                                                                                                                                                                                             \n        \nPROFESSIONAL SUMMARY\n8+ Years of experience as a Java/J2EE developer in the areas of Analysis, Design, Development, Coding, Implementation and Testing of web based and client server multi-tier applications. \nExperience in design and developing applications using J2EE technologies including Servlets, JSP, EJB, JMS, JSF, Web Services, XML, JNDI, JDBC. \nExtensive Experience of Object Relational Mapping frameworks like Hibernate and JPA \nExperience with configuring connection pools using JNDI and JDBC. Expertise on configuring external LDAP server authenticator in WebLogic. \nExperience in analyzing the performance issues at database level and the overall system. \nWorked on wide variety of platforms like Unix and Windows operating systems \nGood Knowledge in all the phases of software development life cycle (SDLC) with Analysis, Design, Development, Integration, Debugging and Testing for Software Applications in Client Server environment, Object Oriented Technology and Web based applications \nExtensive experience in design and development of J2EE applications using Core Java, Java Collections, Data Structures, Multithreading, Transaction Management, JDBC, Servlets, JSP, XML, Web Services and other open source frameworks and APIs. \nExpertise in open source frame works like Spring, Hibernate and Struts. \nExperience in using different modules of the Spring Framework like Inversion of Control, Data Access, Transaction Management, Model-View-Controller modules. \nExperience in implementing MVC framework using Spring and Struts. \nStrong working knowledge in using XML (SAX and DOM), XSL, XSTL, HTML, DHTML, JavaScript. \nGood working knowledge on Ant, Maven, Log4j and JUnit. \nExperience in Web Services Technologies like SOAP, WSDL and UDDI. \nExperience in implementing persistence layer using JDBC, Spring Dao and Hibernate. \nExtensive in developing rich internet applications using JSP, JavaScript, JQuery, JSON, AJAX, HTML and CSS. Used various version control tools like SVN, Clear Case, PVCS, and CVS. \nStrong experience with XML, XSL, XSLT, and XPATH. \nGood working experience and sound knowledge in various open source frame works like STRUTS, SPRING, HIBERNATE. \nHands on working experience with Enterprise Java Beans (EJBs) that include Session Beans, Message Driven Beans and Java Persistence API. \nExpertise in using Modeling tools like Rational Rose for developing UML Activity diagrams, Sequence diagrams and Class diagrams. \nStrong working knowledge and experience in the design and implementation of Web Services using SOAP, WSDL, UDDI. \nExcellent knowledge of using XML related technologies like XSL, DTDs, XML Schemas, Namespaces as well as XML parsing APIs like DOM, SAX, JAXB, JAXP etc. \nProficient in database development Oracle, Java stored procedures, MS SQL Server, SQL query optimization, PL/SQL and JDBC.\nAdded Security for the service layer methods using spring security. \nWorked with Object Relational Mapping (ORM) tools like Hibernate. \nExperience with profiling applications for memory/CPU utilization using JConsole and JProbe. \n\nCertification and Education Background:\nSCJP (Sun Certified Java Programmer).\nMaster of Science and Engineering, from BRANDEIS UNIVERSITY\n\nProfessional experience\n\nSr. Java Developer\nPG & E - San Francisco, CA\nApril 2015 to Present\n\nResponsibilities:  \nInvolved in Knowledge Acquisition and Knowledge Transition of the application to the newly inducted Team members. \nResponsible for overseeing the Quality procedures related to the project. \nKey role in developing the database scripts \nWriting the test cases using the Junit \nAnalyzing the data and providing fixes for the defects raised.\n Involved in providing the documents needed for the production deploy. \nDeveloped presentation layer using JSP, HTML, JavaScript, HTML, JQuery and CSS3. \nBuilt and accessed the database using Hibernate with MS SQL server.\nUsed Front End Developing UI Interface using JSP/Tiles, JSTL, HTML, CSS, JavaScript, Ajax, and JQuery. \nDesign, development and unit testing of the persistence layer using ORM tools such as Hibernate and JPA. \nInvolved in producing REST web services using Jersey to retrieve the information Policy and Claim transactions. Developed an application to capture three new fields using Html and java script. (Provider Update Project) \nWorked independently to develop applications using advanced frameworks like Ibatis and struts. \nWorked on Heat Tickets to fix the code. \nWorked on Web Services and Developed Single Sign On Web Service Using SOAP.\nWrite Selenium Test Scripts. \nParticipate in data analysis, mapping, and configuration meetings. \nUnderstand the business requirement and come up high and low level design documents. \nOnce the design document is approved, develop the code and unit testing. \nBuild the code and deploy the test servers and coordinate with QA and UAT team. \nPPM is used for if any work requests raised and follow up. \nDo the analysis and fix for work request in DEV environment. \nCreate release notes, before and after screen prints, data files \nSend it to BA, Manager to get approval \nOnce BA/UAT tester completes tests in staging then precede move to production. Developed the UI panels using JSF, XHTML, CSS, DOJO and JQuery.\nUsed JQuery to make the frontend components interact with the\nWritten JUNIT test cases for testing UI Framework classes and wrote many Java Scripts to do client side validations.\nTechnology leadership for the direction of the Cloud based application using Node.JS, PDFJS, Sencha, MongoDB and MS SQL Server integrating to a proprietary framework\nImplemented RESTful web services to invoke downstream services \nUsed SOAP UI to interact with OSM web services. \nUsed ANT scripts to build the application and deployed on Oracle Weblogic Server \nUnderstand and implemented WebLogic cluster and Node manage\nUsed Apache's Jakarta Struts as MVC framework for designing the complete Web tier.\nWorked on web services SOAP and REST technologies\nCreated webservices using WTP tool plugin to the eclipse IDE which is deployed as a separate application using Maven scripts.\nMaintained the business standards and the requirements in EJB and deployed them on to WebLogic Application Server. \nInvolved in coding for JUnit Test cases\nProvides technical assistance in identifying, evaluating and developing Agile methodologies and procedures that are efficient, effective and meet good business practice.\nParticipated in converting the business requirements to software specifications using Rational UML\nDeveloped the different components of application such as JSPs, Servlets, EJB’s using Web sphere Studio Application Developer and used CVS for version control.\nDeveloped web pages using JSPs and JSTL to help end user make online submission of rebates. Also used XMLBeans for data mapping of XML into Java Objects.\nWorked with J2EE and J2SE technologies including JSP's, Servlets, Java Web Start, EJB's and Web logic.\nExperience in creating build files using Maven.\nImplemented a prototype to integrate PDF documents into a web application using iText PDF library\nConfigured glassfish server; Design shipping rate template upload UI using Adobe Flex and Developed Jasper report.\nDecomposed Functional Rules and ILOG / Fair Isaacs Blaze Rules for various categories\n\nEnvironment: \nJava/J2EE,Spring, Hibernate, Strut, JQuery, AJAX, ExtJS, JavaScript, Oracle, CRUDE, PL/SQL JDBC, Apache CXF, REST, Eclipse, WebLogic, ClearCase, JUnit, Agile UML, JSPs, JSTL, Servlets, Maven, IText, Google Web Toolkit(GWT), Jasper report, ILOG, Web2.0, SOA.\n\n\nSr. Java Consultant-Remote\nIBM - Atlanta, GA\nOct 2013 to March 2015\n\nResponsibilities\nPerformed analysis for the client requirements based on the developed detailed design documents. \nDeveloped Use Cases, Class Diagrams, Sequence Diagrams and Data Models using Microsoft Visio. \nDeveloped Struts forms and actions for validation of user request data and application functionality. \nDeveloped JSP's with Struts custom tags and implemented JavaScript validation of data. \nDeveloped programs for accessing the database using JDBC thin driver to execute queries, prepared statements, Stored Procedures and to manipulate the data in the database. \nUsed JavaScript for the web page validation and Struts Validator for server side validation. \nInvolved in developing business tier using stateless session bean. Created SQL queries, PL/SQL \nStored Procedures, Functions for the Database layer by studying the required business objects and validating them with Stored Procedures using DB2. Also used JPA with Hibernate provider.\nInvolved in designing the user interfaces using Struts Tiles Framework, HTML, JSP.\nDesigned and developed the web-tier using Html, JSP’s, Servlets, Struts and Tiles framework\nImplemented View layer of MVC architecture using JSF components.\nInvolved in Development of the application Using J2EE Technologies \nDeveloped server-side services using JSF, Apache Trinidad components, Java, Hibernate, Spring, Web Services\nUtilize Dojo framework for performing front end validations\nIntroduced the use of live mock-ups GUI prototyping (using ExtJS) which makes UI part of specification much more understandable for developers\nDeveloped Server Pages Using JSP and validated Client Pages Using Java Script.\nGenerated reports in PDF / HTML formats using Actuate BIRT reports, integrated with Struts.\nDeveloped GUI screens for XTT & LD application using JSP, HTML and CSS.\nDeveloped PL/SQL procedures for login module and written complex sql queries.\nDesigned and implemented the web application in Ruby on Rails, Node.js, HTML5 and JQuery from initial concept development to beta launch.\nExcellent in building Single Page Application (SPA) using MVC angular.js framework \n Hands on experience in scripting languages like Bootstrap.js, JQuery and JavaScript.\nBuilt main application in Python, Django leveraging technologies such as Tastypie,\nBackbone.js, and Celery\nDeveloped basic music player features as well as adding artists, players, albums, tracks, other users, playlists, favorites to their account and CRUD functions.\nWriting SQL queries to insert, update database. Used JDBC to invoke Stored Procedures.\nOracle Coherence used to implement an in-memory data grid used to store data for the FX\nMigration from azure tables to MongoDB with goal of implementing a multithreaded fault \ntolerant backend \nDeveloped complex Web Services and tailored Apache Axis API to suit the requirement.\nGood exposure to RESTful and SOAP based web services.\nUsed Amazon Web Services EC2 to deploy our team's projects on to the public cloud\nUsed My Eclipse as an IDE for developing the application. \nImplemented improvements to the WebSphere Commerce Organization Console and the Administration Console to display, and allow for update, new member information.\nDesigned and implemented a number of WebSphere Commerce integrations, for a Japanese B2C store, with warehouse management systems, offline inventory management, triggered email messages, and SAP (sales and payment information).  \nImplemented software development system for Android project using Git, gerrit and repo. \nTools: Eclipse IDE, Tortoise SVN, Git Hub and Dyna trace Client \nPerformed unit testing using JUNIT framework and used Struts Test Cases for testing Action Classes.\nFollowed Agile and SCRUM in development process.\nOptimized UML design using patterns like DAO, Factory, Service Locator and Business Delegate\nResponsible for developing GUI / user interfaces using  JSP, CSS & DHTML \nDeveloped the front end using JSP JSTL, AJAX and Display Tag libraries.\nAs a Senior Programmer involved in developing the Scheduled jobs, Servlets, JSP and involved in the integration and release phase of the product.\nUsed the Eclipse as IDE, configured and deployed the application onto WebLogic application server using Maven build scripts to automate the build and deployment process.\nWas responsible for Developing XML Parsing logic using SAX/DOM Parsers\niText conversion for certification of an insurance upon approval from the unit\nTracked software issues and project progress enterprise-wide using Bugzilla, Jira, VersionOne, ClearQuest and XPlanner.\nOracle Database access was implemented through Hibernate framework. Also used Jasper reports and Jfree charts to generate various statistical reports.\nPerformed performance tuning to enable high performance of ILOG JRules using Sequential/Rete algorithm within Data Stage environments.\nDesigned various design Workflow Modules using BPM (Business Process Modeler) to implement Business Logic and Business rules using Ilog, Jrules.\nWeb site development Flash MX. \nWorked on Twitter Bootstrap plugins to build Rich Internet Application (RIA) \nFaster responsive web pages were created by minimizing page load through adjustments, content analysis, other UI performance improvements and using best practices. \nUI screens were developed using MVC features of AngularJS and JavaScript. \nDefined new validations through AngularJS for the form fields. \nData- Binding concepts with developed controllers, filters, directives integrated with back-end services were extensively implemented using AngularJS. \nStrong understanding of supporting XML and JSON based REST web-services, integrating with the front-end. \n\nEnvironment:\nJava,J2EE,Spring, Hibernate, struts, JSF, EXTJS, AJAX, JavaScript, CSS, HTML, DB, CRUD, PL/SQL, JDBC, Apache CXF, Web Services, Eclipse, Web Sphere Portal, Subversion (SVN), Junit, Scrum, UML, JSP, Java Server Pages Standard Tag Library (JSTL),SERVELT, MAVEN, Xml, ITEXT, Oracle Enterprise Content Management, GWT (Google Web Toolkit),JIRA, Jasper report, ILOG, JRules, Web2.0, SOA, JMS, Apachi Tomcat, Linux, PHP\n\nJava Developer-Telecommute\nCharter Communications -Raleigh, North Carolin\nOct 2012 to Sept 2013\n\nResponsibilities:\nUsed the light weight container of the Spring Frame work to provide architectural flexibility for inversion of controller (IOC).\nInvolved in multi-tiered J2EE design utilizing MVC architecture (Struts Framework), Hibernate and EJB deployed on WebSphere Application Server connecting to an Oracle 8i database. The Application is designed using J2EE technologies based on Spring MVC architecture.\nI worked on the MySQL migration project .To make the system completely independent of the database being used. Used Spring IBatis to implement this.\nWith the IBatis implementation, all the queries were separated away from the code and moved to the XML files. Used Spring IBatis XML configuration files to call the queries.\nDeveloped JSP pages for presentation layer (UI) using Struts 1.2 with client side validations using Struts Validator framework/ JavaScript.\nDeveloped the application front end with HTML, JSP, Ajax, Struts Tag-libraries. Wrote custom JSP tags for role-based sorting and filtering.\nDeveloped web-based customer management software using Facelets, Icefaces and JSF\nDeveloped Add, Edit and profile view web pages for the monitor module using JSP, JSF HTML, JSF CORE tags library.\nDevelopment of java interfaces for different function calls which convert the webservice calls into EJB calls to the legacy system\nUsed Action classes to service requests from ActionServlet and Business Data on server-side and invoke respective EJB (Entity Beans) to process Database transactions.\nExtensively used JSF (Java Server Faces) with PrimeFaces for presentation tier development.\nInvolved in design and implementation of the JSR portlets and JSF presentation tier.\nConverted the existing EJB session beans which call the host (Mainframe system) into POJO’s.\nDevelopment of java interfaces for different function calls which convert the webservice calls into EJB calls to the legacy system\nUsed Javascript and jQuery for validating the input given to the user interface.\nInvolved in implementing JQuery for providing interactive user interfaces\nHave worked on DB2 data base for storing and retrieving the application data\nUsed TOAD to verify all the database turn-around, connectivity speed and query round trip behavior\nUsed JDBC for database connectivity with MySQL Server. \nUsed Apache FOP to create pdf invoices, with data harvested from xml feeds, to be sent to customers.\nUsed JavaScript , XML Spy for validating the WSDL and XSD's.\nExtensively used Java Collections API to store intermediate data objects using Eclipse editor.\nResponsible for generating build script using ANT that compiles the code, builds a war file and deploys the application on JBOSS server.\nUsed Adele, SVN, Mercurial, and Maven as version control systems. \nProject Acquired skills Oracle, Unix, RDBMS, SQL, PL/SQL, Java, Clearcase Administration \nJava Based Quality Center plugin which can be used in any tools such as Selenium, RFT etc.\nInvolved in full life cycle of project implementations (SDLC) like Water fall model, Agile (Scrum) model etc. for Design, Development, Maintenance & Support.\nDesigned Use Case Diagrams, Class Diagrams and Sequence Diagrams and Object Diagrams to model the detail design of the application using UML.\nJSP interfaces were developed. Custom tags were used.\nHas involved in development of back-end business layers using Servlets \nShell Script, Sonarqube, WebSphere, TFS, Jenkins OSS, Continuous Integration, Continuous Development, Tomcat, JBoss, CVS, MAVEN, ANT, TRAC, Windows Batch Script, PuTTY, WinSCP, CYGWIN, Perl, PowerShell, IIS, Linux, Windows Server, Hyper-V\nHas developed XML Parsing logic using DOM Parsers.\nInvolved in design and develop Paisley own Content Management System, which is alternative to IBM FileNet and EMC Documentum enterprise content Management systems.\nExtensive skills in development of web based applications using Java, JDBC and advanced technologies such as J2EE(Servlets, JSP), Struts, GWT , Hibernate and EJB Framework. \nContributed to organization of testing and quality improvement process (JIRA, Confluence).\nConverted VB application to Swing\nExtensively used the BAL constructs to handle collections in ILOG. Worked with large data sets in ILOG.\nBusiness view and published the packages using Framework Manager onto Cognos Connection.\nIntegrated and implemented SOA solutions with Oracle SOA suite: Oracle ADF, BPM, BPEL, Oracle Service Bus OSB.\nMigrated code from ALBPM to Oracle BPM and highlighted the Oracle BPM related errors/issues to Oracle team.\n7 months experience as a WEB based Programmer/Graphic Designer \nHands-on experience as a Functional SOA Testing Lead \nInvolved in installation of TOMCAT application server in Multicluster environment.\nDeveloped Oracle Stored Procedures to update records on a daily basis and it will invoke using cron job in LINUX; Responsible for the Migration of the application from Web Sphere to JBoss\nCreated directory structure flow using UNIX to receive and send data to internal and external systems\nProcess Automation: coded scripts to automate various manual processes (Screen Scraping) using VB Script and Ruby\nConfigured WordPress publishing software for non-profit firm. Created weblog layout in HTML, CSS and PHP based on an original design according to client's branding needs.\nUsed web services (REST) to bridge the gap between our MS and Drupal/Wordpress technology.\nDesigned and built it based on previous Classic ASP version. Upgraded its original database from Access to SQL 2008.\nOracle, SAS integration for business intelligence and functionality\nReduced customer report generation time by 80% by developing automation tool with VB & SQL within two weeks.\n\n\nSoftware Developer-Telecommute\nCiticorp - Dallas, TX\nApril 2011 to Sept 2012\n\nResponsibilities:\nResponsible for design and development of user interface using Flex Layout and Navigation, Data grid menus, and skinning components.\nUsed Cisco Cues charts for creating Bar charts, Line charts   and Pie Charts to show the project specific performance metrics  \nIntegrated Flex with BlazeDS to communicate Server side Objects which was build using Spring Framework and Hibernate. \nExtensively used Remote Objects to retrieve data from the remote server and perform required business functionalities from the front end. \nUsed spring framework modules like Core container module, Application context module, Spring AOP module, Spring ORM and Spring MVC module. \nConfigured Spring Application-Context.xml used by spring container to inject dependencies to java classes to optimize memory resources.\nImplemented Spring IoC (Dependency Injection) and Spring Aspect Oriented Programming  (AOP) for the Business as well as Lookup Service Layer development.\nDeveloped / modified the model components to incorporate new business level validations. \nExtensively used XML Web Services for transferring/retrieving data between consumers and providers. \nUsed JAXB API to bind XML Schema to java classes. \nTested web services using SOAP-UI in bulk loop qualification section.\nDeveloped various validation XML files for client side validation Involved in developing JUnit test classes. \nBuild project using Apache Maven build scripts. Configured Log4j tool to log the entire application to run concurrently with Web Logic Application Server. \nRational Clear Case was used for Version Controlling.\n\nEnvironment:\nJava,J2EE,Java, J2EE, Spring, Hibernate, Flex, Action Script, MXML, XML, XSD, Java script, Blaze DS,Cairngorm MVC Framework, IBM RAD, ClearCase, Oracle, Log4j, Weblogic, Sql, DbVisualizer, Webservices, Agile, Clear Quest, Maven, UML (Rational Rose),  HTML, CSS and Windows \n\n\nJava Developer-Telecommute\nCardinal Health Inc - Dublin, OH \nApril 2009 to March 2011\n\nResponsibilities:\nInvolved in modifying, updating and testing of the component.\nInvolved in group meeting with teammates and made substantial changes to the architecture to improve performance of the Application.\nModified JSPs, used struts tag libraries and Java Server Pages Standard Tag Library (JSTL).\nMaintained Struts architecture throughout the application.\nDeveloped the bean classes for better data exchange between the MVC layers\nSuccessfully differentiated presentation from code. \nUsed multi threading and socket programming.\nDeveloped Java Server Pages for presentation layer with Struts Taglibs \nDeveloped struts beans and form validations using Struts Framework \nDeveloped Business logic using Struts Framework, developed Action Classes for Process Layer. \nDone the Unit Testing\nImplemented J2EE design patterns viz. Façade pattern, Singleton Pattern.\nCreated struts-config.xml and tiles-def.xml files.\nDeveloped Ant script to create war/ear file and deploy the application to application server\nExtensively involved in database activities like designing tables, SQL queries in the application and\nmaintained complex reusable methods which implements stored procedures to fetch data from the database.\n\nEnvironment: \nJava, J2EE, Sybase, BEA WebLogic Server , JSTL, SQL Server, Struts Frame work, Servlets, JSP, EJB, WinCVS, JavaBeans, Eclipse, UML, Windows XP/Linux. \n\nJava Developer-Telecommute\nHard Hat Bid Inc -Riverside, CA\nOct 2007 to March 2009\n\nResponsibilities:\nDeveloped JSP for UI and Java classes for business logic.\nUsed XSLT for UI to display XML Data.\nUtilized JavaScript for client side validation.\nUtilized Oracle PL/SQL for database operations using JDBC API.\nImplemented DAO forOracle 8i for DML Operations like Insert, Update, Delete the records.\nVSS is used for Software Configuration Management.\nInvolved in the design, development and deployment of the Application using Java/J2EE Technologies.\nUsed IDE tool WSAD for development of the application.\nDeveloped Application in Jakarta Struts Framework using MVC architecture.\nCustomizing all the JSP pages with same look and feel using Tiles, CSS (Cascading Style Sheets).\nInvolved in coding for the presentation layer using Apache Struts, XML and JavaScript.\nCreated Action Forms and Action classes for the modules.\nDeveloped JSP's to validate the information automatically using Ajax.\n\nEnvironment: \nJava, J2EE, Sybase, BEA WebLogic Server , JSTL, SQL Server, Struts Frame work, Servlets, JSP, EJB, WinCVS, JavaBeans, Eclipse, UML, Windows XP/Linux. \nTECHNICAL SKILLS:\n\n\n\n\n\n",
    "extracted_skills": [
        "agile",
        "angular",
        "azure",
        "confluence",
        "css",
        "data analysis",
        "django",
        "ec2",
        "git",
        "html",
        "java",
        "javascript",
        "jenkins",
        "jira",
        "leadership",
        "mongodb",
        "mysql",
        "node.js",
        "oracle",
        "php",
        "powershell",
        "python",
        "ruby",
        "ruby on rails",
        "scrum",
        "sql"
    ]
}