{
    "id": "resume_62b73a2f-3270-40f6-8ca7-257e814daace",
    "metadata": {
        "filename": "Ranjan_Project Manager-Scrum Master.docx",
        "processed_date": "2025-09-24T08:45:49.122776+00:00"
    },
    "raw_text": "\n\n\nRanjan Kumar Verma (PMP, CSM)\nProject Manager/Scrum Master\nPlace: Houston, TX\nEXECUTIVE SUMMMARY\t\nVersatile and highly competent IT Project Manager / Scrum Master professional possessing more than 14 years of experience in managing technology projects, focused on quality delivery within specified timeline and budget.  Demonstrated abilities to increase effectiveness, developing strategies for managing the product line and launching project. Hands-on experience in business requirement gathering, business process flow, business process modeling, high level designing combined with deep understanding of the intersection between technology solutions, business and operational needs. Possess solid management skills and the ability to analyze issues, devise continuous process improvements and incorporate initiatives to increase efficiency, streamline operations and decrease overall expenses and risk with minimal resources.  \n\n\nEDUCATION & CERTIFICATIONS\nBachelor of Engineering (B.E.) in Electronics & Communication, from MIT Manipal, INDIA\nProject Management Professional (PMP) – PMP® Certification # License Number:  1820042\nCertified Scrum Master (CSM) – License # 000466935\n\n\nCORE COMPETENCIES\n\n\n\n\n\n\n\nKNOWLEDGE AREAS\nLeadership: Influence and motivate, Collaboration, Team Building, Commitment\nProject/Program/Portfolio Management: PMBOK, WATERFALL, AGILE, SCRUM, ITERATIVE, INCREMENTAL\nApplication Development / Support: Incident Management, Release Management, Change Management, Production Support practices.\n\n\nTECHNICAL SKILLS\nManagement Tools: MS Project, Navigator, Mercury, Mingle, MS Visio, JIRA, Confluence, Team Foundation Server (TFS), MS Office, Adobe Acrobat, Power Point, Eclipse, Toad.\nDesigning Tools: Rational Rose, Star UML, ERWin, Mindjet Manager, Freemind\nDomain: Oil & gas, Banking and Finance\nDevelopment Platform: \nSoftware & Languages Java, JSP, Servlet, EJB, JMS, HTML, DHTML, Vignette, Eclipse, Workbench, Clear Case, Clear Quest, XML Spy, Endeca, WebLogic, WebSphere, Tomcat\nDatabase: Microsoft SQL Server, Oracle, MS-Access\nContent Management: OpenText, SharePoint, Tridion\nQuality Assurance: Release management technique, Change management, Build management\nOperating System: Windows 10 / 7/ NT/ XP/ 9X\n\n\n\n\nPROFESSIONAL EXPERIENCE\n\nChevron Corporation Houston, TX\t                                                               Mar 2012 – Present\nProject Manager / Business Analyst\n\nResponsibilities:\nManage Software applications of the esteemed Client in PRC (Project Resource Company) space and responsible for the overall projects delivery.\nCurrently managing multiple projects concurrently scheduled for implementation at different timelines\nDetermine resource requirements and procure resources; managed contract project resources.\nCreate project schedule, maintains budget plan, communication plan, tracking & reporting variables\nDefine and direct project goals, objectives, critical success factors, milestones, and risk\nConduct what-if analysis and come up with smart decisions to manage the projects effectively\nPrepare project plan and coordination with teams at onsite and offshore, as well as customer research to coordinate future releases\nManage a team to deliver multiple projects with critical timelines, dependencies and complex compliance requirements.\nPlan, track and mitigate risks so that projects are completed on time and within budget and maintained the scope\nInterface with developers to identify and resolve technical issues and bugs in the software to validate end-user requirements.\nBalance resource capacity and track progress. \nProvide regular project progress status to all stakeholders\nNegotiate service contracts and application agreements for project support. \nProvide management with reporting on renewals, cost saving opportunities, and acquisition alternatives\nCommunicate to all stakeholders on a timely basis (include Senior or Executive Level Management).\nParticipate and contribute to CAB meetings\n\nFitch Ratings Chicago, IL\t                                                               Jul 2011 – Feb 2012\nScrum Master / Project Manager\n\nResponsibilities:\nInteracted with the Product Owners to understand the business flow and gather their business requirements. \nWorked on Agile Methodology to collaborate with SCRUM team members to work on Sprint deliverables. \nExperienced in using Agile methodologies in Software Development Projects, strong facilitator and Scrum Master for software releases. Facilitator of daily Scrum meetings for Planning, Scheduling, Execution, QA and UAT Testing, training and Software release.\nWrote functional and technical stories using Mingle and get business approval\nCreated the high level Use Case Diagram, Sequence Diagram and Class Diagram using Star UML\nAllocated task to the Onsite and Offshore team at India and track them on daily standup call\nPerformed Integration testing and prepared release document\nPerformed Onsite / Offshore coordination\nManaged forecasting, negotiating scheduling, staffing, coordination, budgeting and provide estimate to business team\nManaged stakeholder communication\nParticipated and contributed to release management\n\nLarsen & Toubro Infotech Ltd (South Africa and India)\t         [Sep 2007 – Jun 2011] / [Apr 2006 – Feb 2007]\nProject Leader / Senior Software Engineer\n\nResponsibilities:\nAnalyzed business requirements, and define the Object-Oriented solution using UML diagrams like Sequence diagram, class diagram.\n Reviewed Software Requirement Specification to identify and mitigate gaps between business requirement and technical capabilities \nDeveloped IT application, user test plan instructions, and participated in UAT testing\nCreated High and Low-Level Design for various modules.\nDeveloped and implement a world class application system with rich content and value-added services for customers to integrate with other external tools\nWrote Junit test cases and performed Unit & Integration testing\nEnsured all requirements are met and the system performed as expected\nProvided strong emphasis on Vendor Communication and resolving complicated issues\nPost production support\nSupported management in data gathering for regulatory and third-party reviews\nPrepared regular Status Reports using Excel spread sheets/ charts and communicate those to upper management.\n\nAtos Origin\tFeb 2007 – Sep 2007\nSystems Analyst\n\nResponsibilities:\nFacilitated and gathered requirements and created Use Cases by extensive requirement gathering sessions\nUtilized Software Development Life Cycle (SDLC) tools, business methodologies, operational research techniques to develop customize applications and database program\nEstablished work priorities & procedures to ensure that daily work flow requirements and project deadlines are met.\nDeveloped detail work plans, schedules, project estimates, resource plans, and status reports for all business resources and end users\nDeveloped IT application, user test plan instructions and participate in UAT testing\nEstimated schedule and developed successful implementation of projects\nKey project lead for assigned projects worked closely with the Senior Project Manager and department contact lead.\nHandled the project from original concept to final implementation using SDLC\nMitigated risk factors through careful analysis of project milestones and financial data\nPrepared regular Status Reports using Excel spread sheets/ charts and communicated those to upper management.\nConducted technical interview and part of onboarding interview panel\n\n\n\nCovansys India Pvt. Ltd\tJun 2005 – Apr 2006\nSenior Software Engineer\n\nResponsibilities:\nGathered business requirements from the customers and created design document by extensive requirement gathering sessions\nWorked extensively with the QA team for designing Test Plan and Test Cases for the User Acceptance testing (UAT).\nCreated Use Case specifications, data modeling using UML techniques, business flow diagrams, class and sequence diagram using Rational Rose, so that developers and other stakeholders can understand business process according to their perspective with possible alternate scenarios.\nConducted impact analysis on changes received from the customer, re-estimating the impact in effort & schedule & related issues redressal.\nDeveloped IT applications and wrote Junit test cases\nPerformed Unit, Integration and Smoke testing\nAnticipated and managed change effectively in rapidly evolving business environment\nSuccessfully implemented project by effective project planning, SDLC management, UAT and system rollout management\n\nCrimsonLogic India Pvt. Ltd\tMay 2004 – Jun 2005\nSystem Analyst\n\nResponsibilities:\nDeveloped customized IED Reuse Engine tool for EDCS Panama and CMR Australia business units\nDeployed applications on to the production environment through FTP process\nActed as Software Configuration Lead (SCL) to ensure the team follows all the processes and documentation needed for a CMM level 5 companies \n\nAnipra Communication Pvt. Ltd\t     [ Jun 2002 – Dec 2003] / [Jun 2001 – Mar 2002]\nSenior Software Engineer\n\nResponsibilities:\nDeveloped IT projects within the scope, time and cost\nPerformed Unit & Integration testing\nHandled release and change management process for the application.\n",
    "extracted_skills": [
        "agile",
        "collaboration",
        "communication",
        "confluence",
        "html",
        "java",
        "jira",
        "leadership",
        "microsoft sql server",
        "oracle",
        "project management",
        "scrum",
        "sql"
    ]
}