{
    "id": "resume_a16b4ee4-2432-4a2e-a126-e611b189926c",
    "metadata": {
        "filename": "RaviRaju_Resume.docx",
        "processed_date": "2025-09-24T08:45:50.130119+00:00"
    },
    "raw_text": "Ravikumar Tirumalaraju\ngopal@infoservicesllc.com\nMobile No : 734-259-2421 Ext 103\nLinkedIn: www.linkedin.com/in/raviraju7\n                                   BI Architect/Business Analyst/Technical Project Manager\nPROFESSIONAL SUMMARY:\nHighly motivated IT professional with 12+ years of IT experience ‌in Tableau, Business Intelligence Development / Administration, Project Management,EnterpriseArchitecture & Design, Network Architecture, IT Infrastructure Planning, Business Analysis, Data Analysis, IT Operations in various GE business like GE Energy, Aviation, ESE, Corporate, GGO, Digital and Gartner.\nOutstanding record on delivering high quality BI solution on medium to large, complex cross-functional projects and programs end-to-end.\nVast experience in Project Management Process (PMP), Agile, Scrum and Waterfall SDLC models and played various roles asProject Manager, Scrum Master, Team Lead for multiple full life cycle projects\nHighly Proficient in designing and developing end-to-end BI solutions per standard OLAP methodologies using analytical tools like Tableau, OBIEE, OBIA, Power BI, Cognosand Spotfire on Windows and Linux Environments\nExtensiveexperience in Design, Development, Administration, Testing, Implementation and Maintenance of Applications using Tableau, OBIEE, OBIA, Power BI, and Spotfireand Informatica ETL\nExpert in designing RPD, creating dashboards, reports and BI Publisher reports in OBIEE andimplementing Oracle BI Apps (OBIA 11g) in all phases like implementing Out of order Box (Vanilla mappings) prebuilt mappings, Designing ETL, metadata management using DAC, Creating Oracle provided data warehouse\nAdministered and managed Reports/Dashboards development on Tableau. Performed Patching/Fixing, Reports migration, Optimization, Enhancements and Upgrades.\nExpert in creating automated server maintenance and application maintenance scripts using Shell Scripting\nExpertise in loading data from various data sources in data warehouses and data marts using ETL tool Informatica. Experienced in doing testing and data validation from various source to target systems. \nExcellent in documentation of Business Requirements gathered using Client interactions, Brainstorming Sessions ; Evaluating Data Sources, Translating Requirements into Business Use Cases. \nHighly proficient in the use of variousRBDMSOracle, MS SQL Serverfor querying and reporting purposes\nExperience in Oracle Data Integrator ODI 10g/11g and Informatica Power Center 9.x/8. x.\nExcellent knowledge in AWS cloud migration.\nFacilitated Change Management and Conflict Resolution at various stages of the project life cycle by streamlining communication among the project stakeholders and end users.\nTested numerous reports generated in Tableau, OBIEEsystems by comparing results with back end DB.\nSolid SQL skills, can write complex SQL queries; functions, triggers and stored procedures for Backend testing, Database Testing and End-to-End testing. \nIn-charge for knowledge management/transfer to Ensure technical and Production Support from offshore\nExpertise in Functional Testing to ensure a Data Quality after Migration and experience in conducting User Acceptance Testing (UAT) to ensure business requirements have been fulfilled.\nStrong ability to thoroughly documentUser Manuals after subsequent releases and conducting User Training Workshops to familiarize Business users to the changes in Reports and Dashboards\nGood knowledge in working with FTP and development tools like SQL developer, TOAD and Eclipse\nExperienced in full project lifecycle: defining scope, gathering requirements, analyzing, estimating, planning, designing, modeling, writing business and technical specifications, developing prototypes, development, testing, deployment, implementation, documentation and support\nExcellent communication, management and organizational skills with the ability to interact with all levels of management. Strong customer facing skills, presentation and collaboration skills\nExcellent interpersonal skills, proven team player with an analytical bent to problem solving and delivering under high stress environment\nGood analytical thinking, Critical thinking, Problem solving ability to translate technical requirement to test plans. Ability to work seamlessly with Onshore/Offshore teams\nStrong communication and team skills, ability to work independently with minimal supervision. \nEducation:\nAndhra University, Visakhapatnam, AP, India\nMaster of Technology in Computer Science and Technology (M.Tech) 2002-2004\nMaster of Science in Computer Science (M.Sc) 1998-2000\nBachelor of Science in Computer Science (B.Sc) 1995-98\n\nCertifications, AWARDS and Achievements:\n[1Z0-591] OBIEE 11g Administration\n[1Z0-133] Oracle WebLogic Server 12c: Administration \n[EX200] Red Hat Certified System Administrator (RHCSA)\n[ITLF] ITIL V3 \nSix Sigma Green Belt \n[SCJP]Sun Certified Java Professional\n[MCP] Microsoft Certified Professional \nAWS Certified Solutions Architect\nSatyam Certified PMP.\nTechMahindra Certified Agile certification.\nReceived “Delivery Excellence Award” for “Best Innovation of Q1 FY12” while working in TSG Enabling Tools project.\nReceived POB awards for best performance in the project CCL Reporting\nReceived “Associate Of the Month (AOM)” award for developing Knowledge Retention & Inventory Management System (KRIMS) tool.\nReceived “Best Project Manager” award for delivering multiple critical projects successfully\n\nTECHNICAL SKILLS:\n\nPROFESSIONAL EXPERIENCE:\nSr BI Architect|\t\t\t\t\t\tNov 2017 – Till Date\nLocation – Stamford, Connecticut, United States\nProject#1– CEB Integration (Gartner acquired CEB Global business in 2017. Gartner is in the process of integrating CEB data into Gartner Systems.  As part of integration, a project is underway to integrate CEB Global content into Gartner Publishing and Content Delivery systems.  This project also includes enhancing BAW (Business Analytics Warehouse) and reports and dashboard to include CEB Global data.)\nAnalyzing CEB data and adding it to Gartner system. \nGathered business user requirements, analyzed data, and designed software solutions in Tableau Desktop based on the requirements.\nDesign and develop scalable BI solutions on Tableau or Power BI\nBuilding, publishing customer interactive reports and dashboards using live data, Extract data on Tableau Server\nCreated dashboards and reports in Tableau 10.x and maintaining server activities, user activity, and customized views on server analysis.\nDeveloped visualizations using sets, Parameters, Calculated Fields, Dynamic sorting, Filtering, Parameter driven analysis, trends and drill downs along with user level security. \nDocumentation for knowledge management. Ensuring technical and production Support from offshore.\nSkills Utilized – Tableau 10.x, Power BI, SQL,Oracle, Informatica, Shell Scripting, Java Script, HTML\nBI Architect|\t\t\tSep 2013 – Nov 2017\nLocation – Cincinnati, Ohio, United States\nProject #2 – Finance Navigator ( Finance Navigator is a project to support all GE domains Finance departments reporting needs using data lake as data source and BI tools TableauandOBIEE)\nSingle interface for development and maintenance for reporting needs across all GE domains finance and accounting departments.\nManaging 3 offshore teams encompassingTableau,OBIEE as well legacy reporting needs.\nFamiliar with Installation, configuration, patching and upgrading of Tableau tool across the environments.\nHandled Tableau admin activities granting access, managing extracts and Installations.\nDeveloped Tableau visualizations and dashboards using Tableau Desktop\nPublished Workbooks by creating user filters so that only appropriate teams can view it.\nAnalyzed the data source and handled efficiently by modifying the data types.\nBuilding, publishing customized interactive reports and dashboards, report scheduling using Tableau server.\nGenerated context filters and used performance actions while handling huge volume of data.  \nCreated and Published Tableau Dashboards into Tableau Server.\nDeveloped visualizations using sets, Parameters, Calculated Fields, Dynamic sorting, Filtering, Parameter driven analysis.\nCreated various views in Tableau-like Tree-maps, Heat Maps, Scatter plots, Radical chart Geographic maps, Line chart, Pie charts etc.\nResponsible for requirement specification, analysis and detailed level designing for the enhancements.\nTraining & Supporting end-user reporting needs using Tableau and OBIEE.\nResponsible for reviewing the deliverable to ensure quality. Documentation for knowledge management. Ensuring technical and production Support from offshore.\nConfigured External Database Authentication Security and LDAP Security to Store User and User Groups Credentials.\nPrototyped data visualizations using Charts, drill-down, parameterized controls using Tableau to highlight the value of analytics in Executive decision support control.\nUpgraded Tableau Server from 9.3.8 to 10.1.6\nSkills Utilized – Tableau Desktop 8.x/9.x/10.1.6,Tableau Server 8.x/9.x/10.1.6,OBIEE 12c/11g, OBIA, DataLake,PostgreSQL , SQL Server2008/2012, Oracle 9i/11g\nBI Architect|\t\t\t\t\tMar 2008 – Sep 2013\nLocation – Shelton/Fairfield, Connecticut, United States\nProject #3 – Financial Intelligence (Financial Intelligence (FI) is a multi-generational “project” which will standardize and enhance GE global operations reporting processes and systems on to one common platform. FI reporting deals with consolidation of financial planning analysis and reporting systems by creating common capability across Corp Ops, GBS and Financial Services businesses, enhancing controllership, creating flexibility to meet the ever-increasing needs of business.) \nPlayed role of OBIEE Admin/Developer and Business Analyst.\nMigrated reporst from Cognos to OBIEE\nAnalyzed business problem and designed the application screens and technical architecture.\nLed the offshore development team and designed OBIEE/OBIA RPD, logical & physical Data warehouse/Data-mart data model to support business requirements.\nDeveloped dashboards/canned reports with reporting Standards as per the Business requirement rules and documents. \nConfigured BI Scheduler and Oracle BI Delivers- iBots to deliver alerts and publish updated content to subscribed users as per the schedules and requirements.\nCreated and configured Physical layer, Business Model Layer and Presentation Layer of the repository with business logics including hierarchies and security privileges for both fact-dimension and fact less fact schemas in RPD .\nDeveloped  BI Publisher reports for Account reconciliation Management(ARM) reports\nCreated Repository, Session variables, Presentation variables and initialization blocks for various reporting needs. \nInvolved in business model development with dimensions, hierarchies, measures, partitioning, Aggregation Rules, Time Series and Cache Management.\nCreated standard Balances and Journal dashboards and reports by using data lake functionality on Greenplum database.\nImplemented security model for Financial Intelligence application including data level, object level, managing security privileges for each subject area and dashboards.\nBuilt ODI mappings and performed transformations to meet the reporting needs\nExtensively used ODI (Oracle Data Integrator) ELT tool to load data from various source systems to a target Data warehouse. \nUsed ODI commands like ODIFile_Move, odiFileAppend, odiFilecopy and so on. \nImproved overall performance of the system by eliminating various performance bottlenecks like:\no\tConfigured and tuned the session parameters appropriately.\no\tImproved ETL Load process by benchmarking different approaches that reduced 50% of load transferring time between ODS to DW for a period by implementing partition exchange technique. \no\tAutomated client Balance to send attachment through email when adhoc request comes for old period\nInstalled and configured OBIEE 12.2.1.2.0/12.2.1.1.0/12.2.1.0.0/11g versions in windows and Linux environments. Applied patches, interim patches for bug fixes.\nUpgraded OBIEE environments from 10.1.3.4 to 11.1.1.5 (BP4 patch), 11.1.6.12 ,11.1.1.7.0 for Dev, Stage and Production environments in various stages.\nDeveloped shell scripts to automate regular tasks to simplify the server administration.\nImproved the performance of overall BI domain (Console, EM and OPMN) using performance tuning techniques. \nWorked with DB team to fine tune the OBIEE queries to reduce run times of dashboards/reports.\nSkills Utilized – OBIEE 11g/12c, Weblogic,Apache, DNS, Big IP Loadbalancer, Unix/Linux, Windows, SSO,SSL , HTTP, Shell Scripting\n\nOBIEE Architect | \t\t\t\tJul 2013 – Sep 2016\nLocation – Shelton/Fairfield, Connecticut, United StatesProject #4  – ARM(Account Reconciliation Management)\nDeveloped BI Publisher Reports for ARM team in GE Corporate\nConfigured BI Publisher in OBIEE 11g\nMaintained and Developed various BIP reports using SQL queries \nUsing RTF templates generated Excel and PDF file formats. \nSkills Utilized – OBIEE 11g, BI Publisher, Weblogic, Apache, Linux\n\n\nSystem Analyst|\t\t\t\t\t\tJul 2006 – Mar 2008\nLocation – Hyderabad, India\nProject #5 – Equipment Service - ESE Web Infrastructure support\nInstalled WebLogic, Jboss Apache, Site minder software in Dev, QA, DR and Production environment.\nWorked with different process teams (Application, Network, Security, Hardware, Database and Vendor support) to solve critical issues\nPerformed administrative tasks related to application code deployments including stopping and starting services, making configuration changes, and troubleshooting issues to meet the needs of acquired business IT operations support.\nSkills Utilized – Jboss, Linux, Apache, Siteminder\n\nSystem Analyst|\t\t\t\t\tMay 2005 – Jul 2006\nLocation – Hyderabad , India\nProject#6– Collaboration Workspace Ops Support\nResponsible for the overall support operations. The team has a combination of the onsite and offshore associates. This combination provides a 24-hour support. Provides support to the entire GE Infrastructure users (approx. around 70,000 users).\nInstalled and configured of IIS 6.0 and IIS 7.5. Done audit trails for all the servers .Developed automation of schedule scripts to ease of server administration\nMonitored & Managed web Servers includes IIS and Jrun web server implementation and administration.\nInterface error reporting and mailing.\nCreated profiles in Urchin tool to get reports for hits of website and regenerating the reports in Urchin Tool\nSupported URCHIN metrics and Teamsite content management tool.\nSkills Utilized– IIS,Teamsite,Urchin, Siteminder, Windows, Linux\n",
    "extracted_skills": [
        "agile",
        "aws",
        "collaboration",
        "communication",
        "critical thinking",
        "data analysis",
        "html",
        "java",
        "oracle",
        "postgresql",
        "power bi",
        "problem solving",
        "project management",
        "scrum",
        "sql",
        "tableau"
    ]
}