{
    "id": "resume_5638f107-7e4d-489f-85bd-5039e0f57eaf",
    "metadata": {
        "filename": "Sai Srinivas_Sr_Java_Developer.docx",
        "processed_date": "2025-09-24T08:45:51.937421+00:00"
    },
    "raw_text": "Sai Srinivas \nSr. Java/J2EE Developer\n              \n           Cell: (708) 669-6793                                       Email: sai.srinivas.2101@gmail.com \nSummary:\n9+ years of experience in development and implementation of Web-based Client-Server applications using Java and J2EE technologies.\nWorking knowledge in multi-tiered distributed environment, OOAD concepts, good understanding of Software Development Lifecycle (SDLC) and familiarity of Service Oriented Architecture (SOA).\nExpert in HTML5/CSS3 development and have experience in Backbone.js, Require.js, node.js, angular.js, Grunt js, Responsive design.\nExpertise in application development using JSP, Servlets, JDBC, JNDI, spring, Hibernate, JSF, EJB2.0/3.0, XML, Web Services- SOAP, WSDL.\nExpert in HTML5/CSS3 development and have experience in Angular.js, Node.js, Backbone.js, Knockout.js, Responsive design. \nExperienced as a Java/J2EE programmer, developing applications using Servlets, JSP, Struts, RMI, JDBC, Hibernate and MVC. \nExperience in working with java for writing custom UDFs to extend Hive and Pig core functionality.\nExpertise in XML and related technologies like XSL, XSLT and parsers like JAXP (SAX, DOM) and JAXB Experience in Database Design, Creation and management of Schemas, writing Stored Procedures, functions, Triggers, DDL, DML SQL queries. Experience in writing SQL and PL/SQL programming.\nInvolved in building and deploying Apache ANT/ MAVEN scripts for deployment and customizing WAR/ JAR file management for web applications.\nExtensive experience in developing GUI using HTML, CSS, JQuery, JavaScript, JSF/Prime Faces, Angular JS, Bootstrap JS and AJAX.\n Responsible for setting up Angular JS framework for UI development. Developed html views with HTML5, CSS3, JSON and Angular.JS.\nArchitecting and implementing Portfolio Recommendation Analytics Engine using Hadoop MR, Oozie, Spark SQL, Spark Mlib and Cassandra.\nExpertise in using configuration management tool like CVS and GIT for version controlling.\nExpert in Various Agile methodologies like SCRUM, Test Driven Development, Incremental and Iteration methodology and Pair Programming as well as implementing Waterfall model.\nKnowledge of Multithreading/synchronization, NoSQL Database: MongoDB.\nExperience in using PL/SQL to write Stored Procedures, Functions and Triggers.\nExcellent technical and analytical skills with clear understanding of design goals of ER modeling for OLTP and dimension modeling for OLAP.\nStrong expertise on Amazon AWS EC2, S3, Kinesis and other services.\nStrong experience in migrating data warehouses and databases into Hadoop/NoSQL platforms.\nExperience includes Requirements Gathering, Design, Development, Integration, Documentation, Testing and Build.\nExperience in working with Map Reduce programs, Pig scripts and Hive commands to deliver the best results.\nExperienced in Collected logs data from various sources and integrated in to HDFS using Flume and experience in developing custom UDFs for Hive.\nExperienced in testing data in HDFS and Hive for each transaction of data.\nExperienced in importing and exporting data using Sqoop from HDFS to Relational Database Systems and vice-versa.\nExperienced with Akka building high performance and reliable distributed applications in Java and Scala.\nKnowledge and experience in job work-flow scheduling and monitoring tools like Oozie and Zookeeper.\nHands on experience in Core Java, Servlets, JSP, JDBC, C#, JavaScript. \nKnowledge of Eclipse tool for the development of Java projects. \nHands on experience Struts and Spring.\nGood experience in Shell programming.\nKnowledge in configuration and managing - Cloudera’s Hadoop platform along with CDH3&4 clusters.\nExperienced in developing web based GUIs using JavaScript, JSP, HTML, JQuery , XML and CSS.\n\nTechnical Skills:\n\nJava/J2EE Technologies: JDBC, Java Script, JSP, Servlets, JQuery   \nLanguages: Java, J2EE, PL/SQL, Pig Latin, HQL, R, Python, XPath, Spark\nFrameworks: MVC, Struts, Spring, Hibernate.\nDatabases: Oracle 12c/11g/10g/9i, Microsoft Access, MS SQL\nNo SQL Databases: Cassandra, mongo DB\nWeb Technologies: HTML, DHTML, XML, XHTML, JavaScript, CSS, XSLT, EME AWS.\nWeb/Application servers: Apache Tomcat6.0/7.0/8.0, JBoss\nOperating Systems: UNIX, Ubuntu Linux and Windows, Centos, Sun Solaris.\nNetwork protocols: TCP/IP fundamentals, LAN and WAN.\nHadoop/Big Data: MapReduce, HDFS, Hive, Pig, HBase, Zookeeper, Sqoop, Oozie,                                                                                                                                                                                                                                                                                                                                                                                                                                    Flume, Scala, Akka, Kafka, Storm, MONGODB.\n\n\nProfessional Experience:\n\n\nBNFS, Fort Worth, TX\nSr. Java/J2EE Developer\nSep. 16 - Present\nResponsibilities:\n\nDesigned use cases for the Application as per the business requirements.\nParticipated in requirement gathering and framework implementation sessions through Agile TDD methodology.\nExperienced developing against SOLR Search Platform APIs\nDeveloped and deployed solution using several new technologies, including Linux - Ubuntu, Drupal and Apache SOLR.\nDeveloped and delivered SOAP based Web Servicesfor our new clients used Apache-CXF and SOAP UI to test the services.\nExperience in creating Models, Controllers, Templates, Custom Directives, Components, Filters and Services in Angular.JS.\nExtensively used Core Java such as Exceptions, and Collections\nUsed JSTL and developed required tiles and tile definitions for templating and defined configuration in the struts configuration.xml.\nCreated reusable Angular.js html templates using custom templates.\nResolve Micros xStore  issues, restore databases, re-image and replace devices\nProcessing data ingestion and entity resolution using Hadoop and Pig.\nApplied Hadoop MapReduce to reduce processing time from two weeks per year of data to one day.\nExperience with Core Java with Multithreading, Concurrency, Exception Handling, File handling, IO, Generics, Data structures and Collections, Garbage Collection.\nTackle highly imbalanced Fraud dataset using undersampling with ensemble methods, oversampling and cost sensitive algorithms.\nDeveloped business layer using EJB stateless session beans and deployed on the Application server (Web logic). \nBuilt restful web services using MongoDB/Node.JS and implemented the front-end using jQuery and Angular.JS controllers, directives, and service.\nCreated Composite Applications, Home Security components and Adapters by using Oracle SOA technology. \nDeveloped major websites and services by including Mongo DB as backend software.\nImplemented various screens for the front end using React.js and used various predefined components from NPM (Node Package Manager) and redux library.\nConfigured servlets, java classes, Spring Framework, Hibernate, database drivers, data sources related to project.\nStrong expertise on Amazon AWS EC2, S3, Kinesis and other services.\nWorked on Integration of Spring and Hibernate Frameworks using Spring ORM Module.  \nManage day to day operations of the PPM application and their associated SLA's.\nProvide ongoing support of vertical PMO groups relative to PPM and D&B's SDLC policy.\nConfigured CA Clarity PPM application to support ongoing business initiatives and processes.\nExperience in AWS, implementing solutions using services like (EC2, S3, RDS, Redshift, VPC).\nDeveloped the front end user interfaces using JSP, JSTL, JQuery  , Java Script, AJAX, JSON, HTML, Angular JS and CSS.\nUse Java, J2EE technologies to develop UI and server side components. Use Struts and Spring framework to implement MVC design patter.\nDeveloping the components using advanced Java 8 concepts like Stream API and Parallel Streams.\nDeveloped software components for the Microkernel team using JAVA8 /J2EE.\nIntegrated subsystems using SOAP based Web services and Apache Axis2.\nInvolved in architecture, design, development of projects in AJAX based Java Script with Dojo toolkit and JSON API with JSP.\nImplemented Service oriented architecture (SOA) using RESTful web services.\nDeveloped Web Services to create reports module and send it to different agencies and premium calculation for manual classes using SOAP and RESTful web services and rich faces components.\nDesigned and developed a RESTful hub application which resolved the Single-Sign-On authentication of the target secured REST services.\nInvolved in a project Development using Spring Web Flow and Hybris and developed front-end UI with JSF Richfaces, Backbone.js, JQuery, CSS3 Dojo and AJAX.\nInvolved using Backbone.Js for providing a structure to web applications.\nMaintain and developed Mantis bug management system for internal usage, using MySQL/PHP, Bootstrap, Backbone.js.\nExperience in performance tuning of Cassandra and implementation of agile-scrum methodology and service desk implementing.\nExperienced in job workflow scheduling and monitoring tools like Oozie and Zookeeper.\nWorked on Spark, Scala, Python, Storm Impala.\nExtensive experience in Spark Streaming (version 1.5.2) through core Spark API running Scala, Java to transform raw data from several data sources into forming baseline data.\nCreated Hive External tables and loaded the data into tables and query data using HQL.\nExperience in different Hadoop distributions like Cloudera (CDH3 & CDH4) and Horton Works Distributions (HDP) and MapR.\nWorked with AWS to implement the client-side encryption as Dynamo DB does not support at REST encryption at this time.  \n\nEnvironment: Java, J2EE, JAXB, RESTful, CSS3, JSON, Node.js, React.js, Big Data, Spark, HIVE, Pig, Scala, Python, Hadoop, AWS, Dynamo DB, Kibana, JDBC, Redshift, NOSQL, Data structures, Sqoop, MYSQL.\n\n\n\n\n\nUST Global, Thousand Oaks, CA\nSr. Java/J2EE Developer\nMar. 15 to Aug. 16\nResponsibilities:\n\nSubject matter expert in enterprise search engine analysis, design, development and systems integration. Search engines include Autonomy IDOL Server, MOSS 2007, Endeca, Lucene/Solr and Microsoft FAST 2010 for SharePoint 2010, SharePoint 2013.\nResponsible for writing J2EE compliant Java code for application development effort which involved working with JSP, Servlets, JDBC, XML, EJB, etc.\nResponsible to maintain HTML5, CSS3 in JQuery as well as keeping the pages dynamic using AJAX, JSON and XML.\nInvolved in developing the UI panels using JSF, XHTML, CSS, DOJO and JQuery\nExperience in using design patterns and UI frameworks such as MVC, Struts, Hibernate, NodeJS, Spring.\nEnhanced user experience by designing new web features using MVC Framework like Backbone.js, Require.js and Node.js.\nExperience in developing scalable front-end user interfaces using HTML, CSS, and JavaScript, JQuery, Angular.JS and Mongo DB.\nWorked with NO SQL and Big data technologies such as Mongo db, Cassandra, Hadoop and Docker.\nUsed Spring Data Mongo DB as the persistence framework in retrieving the user and medical benefits details from Mongo DB.\nStrong understanding of Hadoop eco system such as HDFS, MapReduce, HBase, Zookeeper, Pig, Hadoop streaming, Sqoop, Oozie and Hive.\nUsed React JS and Node JS to develop faster, scalable application.\nExtensively used React JS, Node JS, Backbone JS, Angular JS, JavaScript, Typescript and jQuery to provide UI functionality.\nResponsible for developing a front-end application using React JS and Flux architecture for internal teams productivity use.\nUsed Web services and Dozer mapping for backend mapping and UI, Business services mapping.\nBuilt data visualizations to monitor file server load, web server speeds, data processing and more using D3, Backbone.js.\nCreated web application prototype using jQuery and Backbone.Js.\nMigrated CareFirst's My Account Java stack pages into React.js stack.\nUsed React JS for templating for faster compilation and developing reusable components.\nOptimize algorithm with stochastic gradient descent algorithm Fine-tuned the algorithm parameter with manual tuning and automated tuning such as Bayesian Optimization.\nWorked closely with the Business/Users team in translating technical requirements into application code\nDeveloped web layer using Struts framework to manage the project in MVC pattern. \nImplemented integration of Struts Action classes in Presentation Tier.\nUtilized Node.js to create a fast and efficient chat server.\nUsed Struts Tiles Framework for designing the layout of the application.\nDesigned dynamic and multi-browser compatible pages using HTML5, CSS3, JQuery and JavaScript\nUsed Hibernate as persistence framework for DAO layer to access the Oracle10g database.\nWorked on Eclipse for development and deployment of application in Web Logic Application Server. \nCreating Angular Services using factory services to implement the business logic.\nResponsible for coding, testing and documenting various packages, procedures, and functions for libraries. \nProficient in using SVN for Version Control. \nActively involved in code reviews and also in bug fixing.\nImplemented Installation and configuration of multi-node cluster on Cloud using Amazon Web Services(AWS) on EC2.\nAWS Cloud and On-Premise environments with Infrastructure Provisioning / Configuration.\n\nEnvironment: Java, JSP, JavaScript, Ajax, JQuery, Ant, Elastic, Struts, POS, DOJO, Drools, Hbase, Solr, Marklogic, Spring , MICROS, Hibernate, RSA, WebSphere Application Server, AWS,  DB2, Agile, XML, LDAP.\n\n\nComerica, Dallas, Texas\nSr. Java/J2EE Developer\nJune 14 to Feb.16 \nResponsibilities:\n\nImplementing Spring MVC and IOC methodologies.\nDevelopment, enhancement and testing of the Web Methods flow services and Java services. \nUsed web services for interaction between various components and created SOAP envelopes. \nPaypal had their own application stack for REST based Java application, understood their architecture before design and development.\nUsed Spring MVC, IOC and Eclipse IDE, GitHub, JSF, D3.js, OOAD, AWS, RCP, SPA, Python, Hibernate, Multithreading, NetBeans to develop intranet web application.\nProficient coder in multiple languages and environments including Python, Django, C, C++ and SQL.\nHands on experience in Html, CSS Java Script, BootStrap, Ajax, php.\t\nCreated frontend screens using GWT framework.\nExperience in working with the NoSQL, Mongo DB, and Apache Cassandra.\t\nResolving scalability and performance issues both in Applications as well as in Web sphere/Web Logic Application Servers.\nExperience in developing Web based GUI’s using JSP, HTML, DHTML, CSS, JavaScript (and its frameworks like JSON), Action Script, DOJO, Node JS, Angular JS, JQuery, EXT JS and Ajax.\nExperience in web applications creation with HTML5, Ajax, JQuery, Backbone.js, and CSS3.\nPerformed UNIX Shell scripting for the application. \nExperience in development of JavaScript for client side validations. \nDesigned/developed UI with AJAX, HTML, DHTML and JavaScript for interactive web pages. \nDesign the J2EE components of the Restful Web Services and scheduled Java batch jobs based application in UML. \t\t\nCreated Web Services (SOAP) between different components and also exposed few web services to client apps get metadata for the specific entities and documents. \nDeveloped common reusable component libraries (CRUD Scaffolding) to be reused in different projects throughout the company's IT team using GWT, Sencha, Spring data, JPA. \nImplemented application specific exception handling and logging frame work using Log4j \nInvolved in developing the component which provides the required information to Reporting system to generate the trend analysis reports for user attempts, success, user failures and system failures. \nInvolved in complete development of 'Agile Development Methodology/SCRUM' and tested the application in each iteration.\nInvolved in with xml, MVC, Backbone, svn Synfony2.\nImprove the performance of the application by using the Performance Tuning and Time lines for each module of the Application. Based on Time lines decrease the page loads and increase the total performance of the application. \nImplemented Core Java Methodologies like Interfaces, Collections, Customized Exceptions and Multi-Threading. \nDesigned and developed the process of synchronizing and Multi-Threading for each module of the application.\nExperiences in Web Programming and User Interface Development having hand on experience on python, MySQL.\nProgramming experience in node.js, mongo db, java and MySQL.\nSolved Production Support defects by using tool HP Tracing. Based on priority of the defect solve the all production support defects. \nUsed Subversion for activities tracking Version Controlling and Change Management that is tracking structure of folders, maintaining global revision number for the whole repository and Clear Case operations.\n\nEnvironment: Java, J2EE, Servlets, JSP, HTML, DHTML, JavaScript, CSS, AJAX, JQuery, XML, XSLT, Eclipse, Spring Web MVC, Hibernate, WebLogic, SOAP, JAXP, JAXB, Oracle, SQL , JUNIT.                                                                                                                  \n\n\n\n\n\nSignature Bank, New York, NY\nSr. Java Developer\nMar.12 to May 14\nResponsibilities:\n\n\nWorked on Java and JSON, to interact and get the data from csv files as we are prototyping the user Experience. \nExperienced in developing Web Services with Python programming language.\t\nExperience in build management with Ant Script\nDeveloped the application using Struts Framework that leverages classical Model View Controller (MVC) architecture.\nFront end design using HTML CSS Bootstrap. \nImplemented Business processes such as user authentication, Account Transfer using Session EJBs.\nExtensively developed stored procedures, triggers, functions and packages in oracle SQL, PL/SQL.\nDeveloped the front end using HTML, JavaScript, AJAX, JSP, CSS, JQuery, and XML. \nDeveloped POJO's, Data Access Object (DAO) which handles all database operations using Hibernate. \t\nDeveloped and configured Oracle Database 10g tables including Sequences, Functions, Procedures and Table constraints.\nExperience in using design patterns and UI frameworks such as MVC, Struts, Hibernate, NodeJS, and spring.\nStrong knowledge in developing and designing web 2.0 application according to Information architecture and Usability standards using Ajax, JQuery, Backbone.js, XML, Symfony 2, CSS3 and MVC frameworks.\nImplementation of the Business logic layer for Mongo DB Services.\t\t\nImplemented the Animation and styling using CSS3 and JQuery. \nDeveloped logging module-using Log4J to create log files to debug as well as trace application.\t\nDeveloping data access layer using IBATIS -ORM and JDBC. \t\nInvolved in JUnit Testing, debugging, and bug fixing. \nUsed Log4j to capture the log that includes runtime exceptions and developed WAR framework to alert the client and production support in case of application failures. \n\t\nEnvironment: Java, J2EE, Servlets, JSP, HTML, DHTML, JavaScript, CSS, AJAX, JQuery, XML, XSLT, Eclipse, Spring Web MVC, Hibernate 4.0, WebLogic 10.3, WSDL, SOAP, JAXP, JAXB, Oracle 11g, SQL, HP Quality Center, JUNIT, Ant.\n\n\n\nPRIMIER SOFTWARE, Bangalore\nJava Developer\nSep.08 to Feb.12\nResponsibilities:\n\nInvolved in various phases of Software Development Life Cycle (SDLC) of the application like Requirement gathering, Design, Analysis and Code development. \nDeveloped a prototype of the application and demonstrated to business users to verify the application functionality.\nDeveloping front end of application using HTML, CSS, backbone.js, javascript, jQuery. \nDesign, develop and implement MVC Pattern based Keyword Driven automation testing framework utilizing Java, JUnit and Selenium WebDriver.  \nUsed automated scripts and performed functionality testing during the various phases of the application development using Selenium.\nUsed Angular js framework where data from backend is stored in model and populated it to UI.\nPrepared user documentation with screenshots for UAT (User Acceptance testing). \nEnvironment: Java, Javascript, HTML, CSS, Xpath, Selenium Webdriver, Eclipse, JUnit, Jmeter, Jira, Windows, Mac OSX, Oracle 10g, Agile Methodology.\nDeveloped and implemented the MVC Architectural Pattern using Struts Framework including JSP, Servlets, EJB, Form Bean and Action classes.\nHands on experience with MVC Javascript frameworks such as Backbone.js, Angular.js and Node.js. \nImplemented server side tasks using Servlets and XML. \nHelped developed page templates using Struts Tiles framework. \nImplemented Struts Validation Framework for Server side validation. \nDeveloped JSP's with Custom Tag Libraries for control of the business processes in the middle-tier and was involved in their integration. \nImplemented Struts Action classes using Struts controller component. \nDeveloped Web services (SOAP) through WSDL in Apache Axis to interact with other components. \nImplemented EJBs Session beans for business logic. \nUsed parsers like SAX and DOM for parsing xml documents and used XML transformations using XSLT. \nWrote stored procedures, triggers, and cursors using Oracle PL/SQL. \nCreated and deployed web pages using HTML, JSP, Javascript and CSS. \nWrote JUnit Test cases for performing unit testing. \nUsed Rational Clear Case as Version control. \nImplemented Java/J2EE Design patterns like Business Delegate and Data Transfer Object (DTO), Data Access Object and Service Locator. \nInteract with clients to understand their needs and propose design to the team to implement the requirement.\nBuilt Angular js framework including MVC architectures, different modules, specific controllers’ templates, custom directives and custom filters.\n\nEnvironment: Java, JSP, JDBC, Spring Core , Struts , Hibernate , Design Patterns, XML, Oracle, PL/SQL Developer, Web services, SOAP, XSLT, Jira.\n",
    "extracted_skills": [
        "agile",
        "angular",
        "aws",
        "cassandra",
        "css",
        "django",
        "docker",
        "ec2",
        "git",
        "hadoop",
        "html",
        "java",
        "javascript",
        "jira",
        "mongodb",
        "mysql",
        "node.js",
        "oracle",
        "php",
        "python",
        "r",
        "rds",
        "react",
        "redux",
        "s3",
        "scala",
        "scrum",
        "spark",
        "sql",
        "typescript"
    ]
}