{
    "id": "resume_c2937400-83f6-4ace-85e8-fb6e2a5a4c59",
    "metadata": {
        "filename": "Samir Naik-NJ - Feb 2018-V6.0.docx",
        "processed_date": "2025-09-24T08:45:52.477671+00:00"
    },
    "raw_text": "\nSamir R. Naik\n\nA multi-certified Project Manager, Remediation Specialist/ Business Analyst having track-record of success in leading all phases of diverse techno-functional projects; with certification & affiliations that include PRINCE2 Practitioner, Project Management, Scrum Master, CloudU, ISO, ITIL, MMP,  E-MBA, Strategic Management and Six Sigma Black Belt, managing stakeholder expectations and willing to take full accountability for delivering of project objectives\n\nCore Expertise:\nExperience of managing  series of projects(PPM) within or across IT platforms & ensuring exceptional IT performance standards BY maintaining high standards of support, enterprise wide IT Management, ensuring user satisfaction & comprehending user needs; and adapting to support operations\nExecuting IT systems/processes, IT services & operational excellence initiatives; while enhancing performance, improving quality, reducing costs and generating sustainable revenue gains vs. EV analysis\nBusiness process reengineering, Active involvement in design & implementation with an average impacting 30% costs reduction; and high productivity improvement through newer & more efficient processes\nBusiness strategist; plan & manage multimillion-dollar projects aligning business goals with technology solutions to drive process improvements, competitive advantage and bottom-line gains\nExcellent communication while leveraging technical, business, programs acumen to communicate effectively with client executives and their respective teams; core interaction with Portfolio Managers, Analysts, Compliance and Risk Managers\nOperational leadership capabilities, showing direct capital creation efforts, identifying business opportunities and spearheading strategic global expansion & growth plans\nResult-focus & effectual leadership while demonstrating skills and expertise in software management & support for global applications based on PMLC, PDLC, SDLC Service & Business Process Management across, Banking  & Financial, P&C/ Life/ Healthcare Insurance, O&G & Web-Retail domains\nApplauded for leading onshore & offshore engagements across career with appropriate change management approach wherever necessary, regarding cost optimization & benchmark with ROI\nWaterfall, managed services, service management, Agile scrum methodologies; ability to manage large project teams and high-quality deliverables that meet or exceed timeline and budgetary targets\nKey tools used across the project lifecycle v.i.z., MS Project, Jira, Git, Visio, Planview, Project Connect, Teamwork, Clarity, Confluence, Tabular, Teamcity, SVN, Visual Studio, HP ALM & Geneos, Deploy, AppDynamics & OEM.\nPossessing willingness to continually embrace personal and professional development\n\n\nPlan, Monitor, Execute & Control Quality, Process & Lean Management\nChange & Strategic Management\nSystem Migrations/ Integration\nEnterprise-wide Implementations\t\n  \n   BA Planning and Monitoring\n   IT Infrastructure Operations\n   Budgeting & Forecasting\n   Project Support Services\n   Testing/QA/Rollout/Support\t\n\nApplication Remediation\nRisk Management\nClient Relations & Management\nBusiness & IT Planning\nData Analysis & Management\n\nCareer Progression\nManaging projects involving both technical and non-technical components, managing large programs to develop governance framework, strategic roadmaps, execution plans across global functional teams; well-versed in managing business cases, ADM, IT Infrastructure and the resources necessary to execute with cost optimization approach\nDriving high-quality completion of project management, process engineering; project/ software development life cycle and enterprise-wide implementation projects for F500 clients using onshore & offshore model with the best fit approach including managed services, IT services management, waterfall or mix using plain agile keeping baseline regards with quality, efforts, schedule & cost effective approach with core objective for deliverables\n\nPROFESSIONAL EXPERIENCE\n\nDEUTSHE BANK, NJ\t\t\t\t\t\t\t                                        August 2015 to Present\nProject Manager\n\nTest Environment Regulatory Remediation: \nDefining project tasks and resource scope & exhibiting techno functional project management role for BA/ RAD functions, collection, monitoring & reporting of data management & business requirements, gap & impact analysis, functional specification, planning, remediation and providing solutions required for supporting architecture, defining test strategy under Test Environment & IT infra. UAT support.\nCollaborating amongst projects across multiple work streams, multiple regions & application teams, Product, Compliance, QA, Production Support and project ITAO/ stakeholders using Kanban, SAFe, and Waterfall approach.\nLead to collaborate with analytics consulting group to understand the needs and expectations of the remediation programs.\n\nLeading initiatives for improving new business & IT processes, tools & services for enterprise-wide requirements\nPerform Gap Analysis, Identify area of improvement and propose solution for remediation & preventions.\nPerform Application Level Environment using data modelling & Analysis/ Tableau – collect existing environmental landscapes and evaluate them against audit, regulatory, standard/policy or programme guidelines\nProactively suggest the most adapted solutions & ensure the solutions proposed are compatible with the technical set-up.\nPerform, Remediation Planning – remediation of identified gaps including but not limited to tech stacks, recovery procedures, access control in line with security policies & audit standards and business continuity planning (BCP)\nOn-board Monitoring – develop comprehensive dashboards via DB approved software additional to Visio & PPT  which aid in the discovery of Environmental disconnects and evaluate the overall environment health\nPerform Environment Optimization - capacity planning, housekeeping and hardware performance analysis & remediation\nOrganized/ Planned/ managed NAGL CAB controls, including GENEOS Analytics, dbDAM, SCCM compliance, dbWITH,  including multiple DB application & Data Forensic tools & services on key application for data collection methods and tools, data assurance, data exchange transfer (Nuix/ Access data) under Windows UAT DR, Pre-Prod. & environment\n\nAIG, NY\t\t\t\t\t\t\t\t\t\t            May 2013 to July 2015\nProject Manager\n\nSystem Integrations/ Digitalization Strategy:\nProject-managed for large-scale initiatives involved for new dynamic platforms and the merger of disparate systems for an active need-analysis for a life insurer liability coverage.\nAchieved seamless migrations and integrations with real time change, configuration & release management that were transparent to client customers, accomplished with no unscheduled downtime and delivered by as much as under budget.\nIdentified and developed change strategies, established cultural changes and monitored efficacy of changes, with an org. change management approaches with detailed analysis of client facing insurance and financial systems\nLed digital content strategy and dramatic product re-release initially with more than 1M hits with E-commerce, including few other decision support site for various service providers; increased renewals by 70% through a powerful redesign and by using re-release of primary framework in a rapid 15-20 day iterative cycle.\nAssist stakeholders in defining their reporting requirements to cover their needs\nDefine appropriate solutions to meet stakeholder requirements\n\nUNITED HEALTH GROUP, NJ\t\t\t\t\t\t\t               October 2011 to March 2013\nProject Manager\n\nWeb Engineering:\nLed the design and the multinational implementation using mix approach of Agile & Waterfall for rollout of robust, scalable secure electronic data interchange, Lean management & E-sale strategy implementation. \nCompleted projects up to two months ahead of schedule, as much as $.2M under budget.\nSpearheaded, executed and managed cultural change for customers while ensuing 100% Delivery\nManaged Technical & Business Intelligence towers effectively utilizing onsite-offshore model\nEvaluating project risk assessment, ongoing release management and reporting across all development efforts\nTracking action on outstanding project issues & back logs, timely manner\n\nCHEVRON, CA\nProject Manager \t\t\t\t\t\t        \t\t\t   August 2006 to August 2011\nProcess Management\nServed as Process Lead & performing Program Management activities for largest engagement (Implementation & Roll-out) for one of our marquee Customers in Oil & Gas Sector, Chevron Corporation; partially led a team of over 230 people across 4 international regions: US, South Africa, Philippines & India.\nManaged & directed global rollouts of software standardization and systems for upstream process & downstream \nEnsured defect-free releases through careful planning, testing and QA efforts using end-to-end Audits.\nManaged & approved policies and procedures for running large scale enterprise software & IT infrastructure & data center support services, effective vendor management & wide network functions.\nSingle Point of Contact for clients handling all requirements/queries of the customer \nCourage of 100% work product audit achieved including the regular\nCoordinated with stakeholders to review to identify gaps & escalations and get aligned with overall expectation.\nSupporting recruitment planning, strategy and execution across team\nAccountable for process audits with high process maturity matrix\nAccountable for defect prevention through regular monitoring of defect trends & causal analysis\n\nReduced hand-off times through two levels of peer review for defect prevention \nProcess driven centralized availability of data & quality metrics for largest, most-complex & global project\nCreated global templates which were reused – CRPR log, Issue log, Tracking sheets\nResponsible for reusable components knowledge Repository developed which can help give cost-benefits for future projects\nContributed for Best Practices process contributions which can be institutionalized at BU & Organization level\nSetting up the uniform process across all the teams which are dispersed across various regions/ locations\nDelivered 3 subsequent releases using formal development methodology, processes that reduced personnel acquisition from 2 weeks to 5 days, and yielded a 25% improvement on project quality (CPDEP) for Project Olympic.\nManaged Multi-cultural, multi- regional team calls with the ability to manage work-life balance, priorities and sensitivities of different cultures\n\nTRAVELERS, MN & CT\t\t\t\t\t\t\t         \t           July 2005 to July 2006\nProject Manager\n\nCustom Software Developments:\nManaged all phases of the software development lifecycle for dozens of custom solutions \nDelivered industry-leading software that saved clients millions of dollars, shortened processes from weeks to minutes, captured #1 market share and generated up to $2.1M in annual revenues within year one of launch.\nCreating a strategic road map and setting goals & milestones\nCoordinate with the department to set standards in reporting for application synchronization.\nFormulated and deployed long-term strategic plans for acquiring and enabling efficient and cost-effective information processing and communication technologies.\nMaintain monthly and ad hoc reports and dashboards\n\nCIGNA, CT\t\t\t\t\t\t\t\t\t                   January 2005 to May 2005\nProject Manager\n\nDatabase Developments, Oracle 10g- SSO:\nManaged teams in the development of relational database management systems (RDBMS)\nImproved the consistency, recoverability and accessibility of data aligned with  IES/ Medicaid process\nProvided overall management and guidance to the projects running within the program. In particular, the correct sequencing of the various projects, allocation of resources for purposes of coordinating the arrival of deliverables\nLeverage internal data to identify operational efficiencies and work with department members to implement\nTo analyse projects proposed by business units and recommends the overall project portfolio.\n\nHITACHI, Japan\t\t\t\t\t\t\t\t\t  May 1998 to December 2004\nSr. Developer: Porting and Migration Projects using C, C++, Hitachi Library, UNIX, WIN X,  IBM Compatible, SUN SPARC, IBM RS6000, DecAlpha\n\nR.B. ENTERPRISE \t\t\t\t\t\t\t\t    October 1997 to April 1998\nProgram Analyst: Designed and architected, programmed using VB 3.0, VC++, C++ & system programming, Clarion 4.0, PowerBuilder 5.0, Sybase SQL Anywhere\n\nEDUCATION\nBachelor of Engineering (Computers), WIT, Shivaji University\nExecutive MBA (IT Operations), IIBMS\nStrategic Management Program, IIM Calcutta\nIT Project Management, IIT Bombay\n\n\n\n\n\n\n\n\n\n\n\n\n\nCERTIFICATION\nCertified PRINCE2 Practitioner (APMG), ID: P2R/IN076432\nCertified Managing Multiple Projects (AACPS Global), ID: 24719150705\nCertified ITIL®v3F (APMG), ID: GR750007778SN\nCertified Scrum Master (ISI), ID: 3153924335353b0\nCertified Cloud Computing, CloudU (Rackspace), ID: 72264b96-e61f-4a02-87f8-e656654cd364\nCertified Six Sigma Black Belt (AACPS Global), ID: 24719150704\nCertified ISO 9001:2008 Quality Management System, Lead Auditor (IRCA), ID: CC-12424QM\nCertified ISO 20000-1:2011 Service Management System, Lead Auditor (RABQSA), ID: CC-12428IT\nCertified 27001:2005 Information Security Management System, Lead Auditor (IRCA), ID: CC-12511IS\nCertified Fractional Reserve Banking (Alison), ID: AC-550-5018813\n\nAFFILIATION\nProject Management Institute (PMI, Member ID: 2041351)\t\nNew Jersey Chapter (Member ID: 2041351)\nAssociation of Software Testing (AST, Member ID: 1384)\t\nInternational Institute of Business Analysis (IIBA Member ID: 166002)\nITMPI Community, IT Metrics and Productivity Institute (Member ID: 30778)\nTechnology Evaluation Center (TEC)\n\nAWARDS FOR EXEMPLARY PERFORMANCE\n\nCEO’s Award for the “Best Managed Project”, Project Olympic, Chevron(offshore)\nCertificate, Appreciation for Active Involvement in “Designing & Implementation CMMI V1.2 Practices”\nStar Award for “Significant Process Improvement” in QA for projects\nRecord of Achievement for program “Information Security”, Travelers\n\nSEMINAR & PROGRAM’S\n\n\n",
    "extracted_skills": [
        "agile",
        "communication",
        "confluence",
        "data analysis",
        "git",
        "jira",
        "leadership",
        "oracle",
        "project management",
        "r",
        "scrum",
        "sql",
        "tableau",
        "teamwork"
    ]
}