{
    "id": "resume_09df4d10-fb1b-46cc-a5a1-2c3db16850d4",
    "metadata": {
        "filename": "Satish Reddy.docx",
        "processed_date": "2025-09-24T08:45:53.121627+00:00"
    },
    "raw_text": "\nPROFESSIONAL SUMMARY: \n\n9+ years of experience in development and implementation of Web-based Client-Server applications using Java and J2EE technologies.\nWorking knowledge in multi-tiered distributed environment, OOAD concepts, good understanding of Software Development Lifecycle (SDLC) and familiarity of Service Oriented Architecture (SOA).\nExpert in HTML5/CSS3 development and have experience in Backbone.js, Require.js, node.js, angular.js, Grunt js, Responsive design.\nExpertise in application development using JSP, Servlets, JDBC, JNDI, spring, Hibernate, JSF, EJB2.0/3.0, XML, Web Services- SOAP, WSDL.\nExpertise in XML and related technologies like XSL, XSLT, XPATH and parsers like JAXP (SAX, DOM) and JAXB.\nGood knowledge on Big data technologies like Spark, Scala, Hadoop, Map-Reduce, HDFS, Hive, HBase, Zookeeper, Kafka.\nExcellent Java development skills with core Java8, JDBC, Hibernate  and solid experience in MVC architecture, using Spring 3, Spring MVC, Struts 2.\nExpertise in designing and developing enterprise applications using J2EE technologies like EJB2.1/3.0, Struts 1.2/2.0,Spring 3.0 and 4.0, JDBC, JNDI, JMS, JAXB, SAX/DOM, Web services.\nExpertise in XML and related technologies like XSL, XSLT and parsers like JAXP (SAX, DOM) and JAXB Experience in Database Design, Creation and management of Schemas, writing Stored Procedures, functions, Triggers, DDL, DML SQL queries. Experience in writing SQL and PL/SQL programming.\nExperience in developing REST services in NodeJS using Express JS, in which JSON is used.\nExperienced in MEAN stack advancement (MongoDB, Express.JS, AngularJS &NodeJS).\nInvolved in building and deploying Apache ANT/ MAVEN scripts for deployment and customizing WAR/ JAR file management for web applications. \nWell experienced in using JUnit for performing unit-testing framework.\nExtensive experience in testing on multiple operating systems including UNIX, Sun Solaris, and Windows. Experience in developing crystal reports.\nExpertise in using configuration management tool like CVS and GIT for version controlling.\nExpert in Various Agile methodologies like SCRUM, Test Driven Development, Incremental and Iteration methodology and Pair Programming as well as implementing Waterfall model.\nExperience programming in the JBOSS Enterprise SOA environment including JBOSS Workflow and Drools Business Rules engine.\nExperienced Implementing MicroServices. We had worked in an Enterprise Application where we had to implement microservices in order to separate the tasks and not to have dependency on other Parallel on-going tasks of same Application.\nParticipated in understanding of ExtJS technologies and development tasks\nExperience in using various Web and Application Servers like Apache Tomcat, IBM -Web Sphere process server. \nExperience in Bootstrap (responsive design), Backbone, and AngularJS frameworks\nGood Knowledge of using IDE Tools like Eclipse, NetBeans, JBuilder, Jasper, Rational Application Developer(RAD), Angular JS for Java/J2EE application development\nKnowledge and familiarity with programming of Java, SQL, XML, JavaScript, JavaScript, Camel, Flex, Spring and/or Hibernate.\nDeep knowledge in Angular 2. \nSound skill in Swing MVC architecture, design patterns, Collections Frameworks, Exceptions handling and multi-threading.\nA very good understanding of Groovy and Grails.\n\nCertification:\n\n\n                                                                                      \n\n\nTECHNICAL SKILLS\n\nJ2SE Technology\t\t: Multithreading, Reflections, Collections, Serialization, Networking, Beans\nMiddleware Technology\t: JMS, MQ Messaging, Tibco, Solace, Active MQ\nJ2EE Technology\t\t: Servlets, JSP, Tag Libraries, JDBC, JNDI\nArchitecture & Framework\t: MVC, Struts, Spring, Hibernate, OSGI\nDatabase\t\t\t: Oracle 10g, 11g, 12c, SQL server 2005/2008, MySQL\nIDE\t\t\t\t: Eclipse, My Eclipse, NetBeans\nOperating Systems\t\t: Windows, Linux, UNIX\t\nWeb/App Servers\t\t: WebLogic, Web Sphere, Tomcat, JBoss, Apache\nGUI\t\t\t\t: HTML5, XML, XSD, AJAX, JavaScript, Node.js, Angular JS, JQuery, CSS3\nQuery Languages\t\t: SQL, PL/SQL\t\nProgramming Language \t: C, C++, Java, J2EE\nDesign patterns      \t: MVC3, Business Delegate, Business Object, Value Object, Front Controller,\n                                                  Database Access Object, Factory, Singleton, Session Facade.                   \nTools\t\t: Maven, ANT, Log4J, JUnit, TOAD, SOAPUI 4.0.5, JUnit, Rational Rose,\n                                                  Visio                                                                                                                                                                                                                                                \n\nPROFESSIONAL EXPERIENCE:\n\n                                                                                                                                           \n\nResponsibilities:\nResponsible for writing J2EE compliant Java code for application development effort which involved working with JSP, Servlets, JDBC, XML, EJB, etc.\nResponsible to maintain HTML5, CSS3 in JQuery as well as keeping the pages dynamic using AJAX, JSON and XML.\nInvolved in developing the UI panels using JSF, XHTML, CSS, DOJO and JQuery\nExperience in using design patterns and UI frameworks such as MVC, Struts, Hibernate, NodeJS, Spring.\nDeveloping Angular2 web app, front end representation for internal products. \nExpertise in AngularJS controllers, directives, factories, services, routing, DOM manipulation using JavaScript, jQuery and AngularJS. \nExperience in MEAN (MongoDB, Express, Angular 2 and NodeJS) Stack application development \nUsed Apache Kafka (Message Queues) for reliable and asynchronous exchange of important information between multiple business applications. \nInvolved in developing an automation tool, in Java and Scala on Akka Framework\nEnhanced user experience by designing new web features using MVC Framework like Backbone.js, Require.js and Node.js.\nInvolved in developing an automation tool, in Java and Scala on Akka Framework\nWorked with the JavaScript frameworks like HTML 5, CSS 3, JQuery and Angular JS.\nConfiguring and Installing all the Endeca related stuffs.\nWorked with web designers to develop user interfaces and prototypes for a web-based internal system. Developed the application as Single Page Application (SPA) using Angular2/4 MVC framework. Worked on front-end pages using HTML5, CSS3, JavaScript, and Bootstrap. \nUsed Angular2 UI Router to establish routing between nested html views.\n Experienced Angular2 pass data between components, created pipes to transforming data, nested containers, and set Angular Services\nExcellent Java development skills with core Java8, JDBC, Hibernate  and solid experience in MVC architecture, using Spring 3, Spring MVC, Struts 2. \nDeveloped and deployed solution using several new technologies, including Linux - Ubuntu, Drupal and Apache SOLR.\nUsed Hibernate ORM tools which automate the mapping between SQL databases and objects in Java. Integrated the Spring and Hibernate framework. \nWorked on Solr, Elastic Search, Kafka, Flume, MangoDB and Cassendra\nExtract the data from Oracle and push to Apache Kafka Queue using Golden Gate.\nUtilized most of the AWS services like S3 as a data store for storing the files in Dynamo DB.\nManaged MICROS Xstore and Xbri Point of Sale and Asset Protection project\nHR project successes with integration of KRONOS and PayChex systems into corporate systems and MICROS Xstore point of sale solution\nExperienced in using Scala, Java and Python frameworks for Bigdata/Spark engine requirements. \nDevelopment of Apache Struts web applications from concept to rollout \nUsed Scala for coding the components in Play and Akka.\nCustomized Micros XStore POS Java software to suit Talbots’ requirements\nCreated Data Transfer Objects(DTO) and implemented business logic using Java8 in Spring framework. \nMEAN stack implementation, AngularJS Full-Stack generator (generator-angular-full stack), and actually run, edit, and deploy an application. \nExcellent in deploying the applications in AWS as EC2 instances and create snapshots for the data that have to be stored in AWS S3\nUsed microservice architecture, with Spring Boot-based services interacting through a combination of REST and Apache Kafka message broker\nResolve Micros xStore  issues, restore databases, re-image and replace devices\nImplementation of Struts - Configuration Files, Validation Files, Interceptors, Filters, Listeners for Modules. \nMaintenance and schema design for PostgreSQL and MS SQL Server.\nUsed scala scripts for spark machine learning libraries API execution for decision trees, ALS, logistic and linear regressions algorithms\nStrong skill sets on Object Oriented Programming and development knowledge on C++ and HTML.\nGood experience with JDK 1.8.\nExperienced developing against SOLR Search Platform APIs\nOptimized Ext.JS themes and prepared performance applications\nExpert in implementing unified data platform to gather data from different sources using Kafka and Java Producers and consumers.\nExperienced in developing SOAP-based Web Services and Web Service Clients (JAX-WS, SOAP, WSDL and JAXB).\nDesign and Development of Objects using Object Oriented Design in Java. \nUsed Elastic search for Real time analytics and a Full text search functionality.\nPreparing the migration document for migrating application from Struts to Spring and Responsive web designing the application.\nUtilized AWS cloudwatch to monitor the performance environment instances for operational and performance metrics during load testing.  \nMEAN stack implementation, AngularJS Full-Stack generator (generator-angular-full stack), and actually run, edit, and deploy an application.  \nInvolved in using HTML, DHTML, Java Script, AJAX, ExtJs, JQUERY, JSP and Tag Libraries to develop view pages.\nLoaded data in elastic search from Datalake and Optimized the full search function using Elastic Search.\nSupporting and implementing web application built on MEAN stack \nSystems Integration & packaging using Hybris along with Endeca Search, Content.\nDeployed GUI code to WebLogic application environment and standalone components to JBoss Server.\nWrote JUNIT Test cases for Spring Controllers and Web Service Clients in Service Layer using Mockito\nInvolved in converting Hive/SQL queries into Spark transformations using Spark RDD, Scala.\nExperience in Java8 features like Parallel Streams, Lambdas, functional interfaces and filters.\nDeveloping Hibernate Configuration files for MySQL 5.1, Oracle 10g &11g and MongoDB.\nNode.js is used to develop server side applications\nUsed Angular.JS as the development framework to build a single-page application.\nDeveloped Framework components for Struts Presentation tier, Business tier and Resource tier\nDeveloped SPA (Single Page Web Applications) using RESTFUL web services plus Ajax and Angular JS actions.\nImplemented monitoring and established best practices around usage of Elastic Search\nInvolved in writing Angular.JS controllers, views, and services for Lockbox and wellness incentive programs.\nUsed Java 8 Lambda expressions and functional interfaces, wherever possible. Also, used Java8 features like Streams, Producer, Consumer, Bi Consumer etc.\nInvolved in SPA (Single Page Web Applications) using RESTFUL web services plus Ajax and Angular.JS\nSolid proficiency with IA/UX and web usability best practices.\nParticipated in development of a well responsive single page application using AngularJS framework, JavaScript, and jQuery in conjunction with HTML5, CSS3 standards, with front-end UI team.\nUsed Angular.JS framework to bind HTML (views) to JavaScript objects (models)\n\nEnvironment: Java 8 , JSP, Angular2, JQuery, JSON, HBase ,Elastic, Spring IOC, Spring MVC, Spring AOP, MICROS,  Spring ORM, JAXB, XML, JAX-WS, SOAP Web Services, Mean Stack, RESTful web services, SOLR\n\n\nResponsibilities:\nDesigned use cases for the Application as per the business requirements.\nParticipated in requirement gathering and framework implementation sessions through Agile TDD methodology.\nExperienced developing against SOLR Search Platform APIs\nDeveloped and delivered SOAP based Web Servicesfor our new clients used Apache-CXF and SOAP UI to test the services.\nUtilized most of the AWS services like S3 as a data store for storing the files in Dynamo DB.\nExpertise in AngularJS controllers, directives, factories, services, routing, DOM manipulation using JavaScript, jQuery and AngularJS. Experience in MEAN (MongoDB, Express, Angular and NodeJS) Stack application development \nLoaded data in elastic search from Datalake and Optimized the full search function using Elastic Search.\nDevelopment of Apache Struts web applications from concept to rollout \nCreated AWS Launch configurations based on customized AMI and use this launch configuration to configure auto scaling groups and Implemented AWS solutions using EC2, S3, RDS, DynamoDb, Route53, EBS, Elastic Load Balancer, Auto scaling groups.\nExperience in creating Models, Controllers, Templates, Custom Directives, Components, Filters and Services in AngularJS.\nInvolved in converting Hive/SQL queries into Spark transformations using Spark RDD, Scala.\nInvolved in developing an automation tool, in Java and Scala on Akka Framework\nUsed Elastic search for Real time analytics and a Full text search functionality.\nExpert in implementing unified data platform to gather data from different sources using Kafka and Java Producers and consumers.\nDeveloped Framework components for Struts Presentation tier, Business tier and Resource tier\nWorked on Solr, Elastic Search, Kafka, Flume, MangoDB and Cassendra\nExtensively used Core Java such as Exceptions, and Collections\nUsed scala scripts for spark machine learning libraries API execution for decision trees, ALS, logistic and linear regressions algorithms \nImplementation of Struts - Configuration Files, Validation Files, Interceptors, Filters, Listeners for Modules. \nUsed JSTL and developed required tiles and tile definitions for templating and defined configuration in the struts configuration.xml.\nExcellent in deploying the applications in AWS as EC2 instances and create snapshots for the data that have to be stored in AWS S3\nUsed Apache Kafka (Message Queues) for reliable and asynchronous exchange of important information between multiple business applications. Involved in developing an automation tool, in Java and Scala on Akka Framework\nCreated reusable Angularjs html templates using custom templates.\nSupporting and implementing web application built on MEAN stack \nResolve Micros xStore  issues, restore databases, re-image and replace devices\nProcessing data ingestion and entity resolution using Hadoop and Pig.\nImplemented Apache Kafka to provide a unified, high-throughput, low-latency platform for handling real-time data feeds \nApplied Hadoop MapReduce to reduce processing time from two weeks per year of data to one day.\nDeveloped business layer using EJB stateless session beans and deployed on the Application server (Web logic). \nExperienced in using Scala, Java and Python frameworks for Bigdata/Spark engine requirements. \nUsed Scala for coding the components in Play and Akka.\nMEAN stack implementation, AngularJS Full-Stack generator (generator-angular-full stack), and actually run, edit, and deploy an application.  \nBuilt restful web services using MongoDB/NodeJS and implemented the front-end using jQuery and AngularJS controllers, directives, and service.\nCreated Composite Applications, Home Security components and Adapters by using Oracle SOA technology. \nUsed microservice architecture, with Spring Boot-based services interacting through a combination of REST and Apache Kafka message broker\nDeveloped major websites and services by including Mongo DB as backend software.\nSubject matter expert in enterprise search engine analysis, design, development and systems integration. Search engines include Autonomy IDOL Server, MOSS 2007, Endeca, Lucene/Solr and Microsoft FAST 2010 for SharePoint 2010, SharePoint 2013.\nUI Layer implemented with Struts, Struts validation, Struts Tiles, JSP, XML, CSS, XHTML, JavaScript, DOJO, AJAX.\nSubject matter expert in enterprise search engine analysis, design, development and systems integration. Search engines include Autonomy IDOL Server, MOSS 2007, Endeca, Lucene/Solr and Microsoft FAST 2010 for SharePoint 2010, SharePoint 2013.\nUsed XML web services using SOAP to transfer the amount to transfer application that is \nUsed SWING for GUI based coding.\nWorked closely with the Business/Users team in translating technical requirements into application code\nDeveloped web layer using Struts framework to manage the project in MVC pattern. \nImplemented integration of Struts Action classes in Presentation Tier.\nUtilized Node.js to create a fast and efficient chat server.\nUsed Struts Tiles Framework for designing the layout of the application. \nMEAN stack implementation, AngularJS Full-Stack generator (generator-angular-full stack), and actually run, edit, and deploy an application. \nDesigned dynamic and multi-browser compatible pages using HTML5, CSS3, JQuery and JavaScript\nUsed Hibernate as persistence framework for DAO layer to access the Oracle10g database.\nWorked on Eclipse for development and deployment of application in Web Logic Application Server. \nCreating Angular Services using factory services to implement the business logic.\nResponsible for coding, testing and documenting various packages, procedures, and functions for libraries. \nExperienced developing against SOLR Search Platform APIs \nProficient in using SVN for Version Control. \nActively involved in code reviews and also in bug fixing.\n\nEnvironment: Java, JSP, JavaScript, Ajax, JQuery, Ant,Elastic, Struts, POS, DOJO, Drools, Hbase, Solr, Marklogic, Spring, MICROS, Hibernate, RSA, WebSphere Application Server, DB2, Agile, XML, LDAP.  \n                                                                                                                                      \n\nResponsibilities:\nActively participated in meetings with Business Analysts and Architects to identify the scope, requirements and architecture of the project. \nEnsured Service design fits into overall SOA driven program.\nFollowed MVC model and used spring frameworks for developing the Web layer of the application.\nBuilt JavaScript application with Backbone.JS, as well as using Node.JS for server side rendering.\nUsed Bootstrap and Angular, React.js and Node.js in effective web design.  \n Extensively used JavaScript to provide dynamic User Interface and for the client side validations. \nSolid experience on JavaScript Frameworks like MVC/MVVM JavaScript framework and Exposure to Node.js.\nDesigned and developed REST-ful style Web Service layer and WSLD. \nMade heavy use of Amazon Web Services (EC2, S3, & RDS in particular).\nMEAN stack implementation, AngularJS Full-Stack generator (generator-angular-full stack), and actually run, edit, and deploy an application. \n Used AJAX framework for asynchronous data transfer between the browser and the server. \n Extensively used Java Multi-Threading concept for downloading files from a URL. \n Used J2EE design patterns like Front Controller, MVC, Business Delegate and Session Facade. \n Write front end code for developing new pages using HTML, CSS, JavaScript, and JQuery. \n Involved in preparing Ant builds scripts (XML based), deployments, and integration and configuration management of the entire application modules. \n Used spring, Hibernate module as an Object Relational mapping tool for back end operations over SQL database.\nWorked with NoSQL databases such as Cassandra, MongoDB..\nDeveloped code to fetch data from back-end and populate on UI using AJAX, Angular-JS, and JSON.\nSupporting and implementing web application built on MEAN stack \nIndividually developed interactive web pages using Angular JS to perform operations in a database.  \nWorked on research team that developed Scala, a programming language with full Java interoperability and a strong type system.\nExperience with Internet Application Development such as HTML5, FLEX CSS3\nSPRING, IBATIS/HIBERNATE AND FLEX REQUIRED \nDeveloped REST-based node.js micro services using domain modeling.\nGenerating scala and Java classes from the respective APIs so that they can be incorporated in the overall application.\nUsed XML web services using SOAP to transfer the amount to transfer application that is \nUsed SWING for GUI based coding.\nDebug the application using Firebug to traverse the documents and manipulated the Nodes using DOM and DOM Functions using Firefox and IE Developer Toolbar for IE.\n Involved in Database design for new modules and developed the persistence layer based on Hibernate.\n \nEnvironment: Java, J2EE, spring, Hibernate, JSP, Eclipse 3.3, WebLogic, Maven, JUnit, CVS, CSS, HTML, XML, XSD, JavaScript, Oracle10g and Windows.\n                                                                                                                                    \n\nResponsibilities:\nDeveloped the web layer using Spring MVC framework.\nImplemented JDBC for mapping an object-oriented domain model to a traditional relational database.\nCreated Stored Procedures to manipulate the database and to apply the business logic according to the user's specifications.\nFront end development with jQuery, Knockout.js, React, Node.js.\nInvolved in analyzing, designing, implementing and testing of the project.\nDeveloped UML diagrams like Use cases and Sequence diagrams as per requirement.\nDeveloped the Generic Classes, which includes the frequently used functionality, for reusability.\nExperience on scripting (e.g. Bash, Powershell, Perl, Ruby, Python)\nExpertise in web front-end technologies such as , Javascript, Ajax, JSF, CSS, HTML and/or Flex and developing browser compatible applications\nInvolved in Database design and developing SQL Queries, stored procedures on MySQL.\nDesigned and implemented the application's configuration system, including Swing based GUI.\nInvolved in creation of GUI using Java  Swing.\nFunctional and Non-functional testing of web based applications, Database and Hbase based Processing tools, Solr Search Engine, Cloud based web based applications.\nPeer code reviews using JIRA\nDeveloped code to fetch data from back-end and populate on UI using AJAX,  and JSON.\nWorked on fixing bugs and used JIRA to update them.\nDeveloped user interface using JSP, HTML, XHTML, XSLT and Java Script to simplify the complexities of the application. \nHighly skilled in using Version Control Management tools like SVN, CVS, and GIT\n\nEnvironment: JAVA, Java Script, HTML, JDBC Drivers, SOAP Web Services, UNIX, Shell scripting, SQL Server\n",
    "extracted_skills": [
        "agile",
        "angular",
        "aws",
        "bash",
        "cassandra",
        "css",
        "dynamodb",
        "ec2",
        "git",
        "hadoop",
        "html",
        "java",
        "javascript",
        "jira",
        "lambda",
        "machine learning",
        "mongodb",
        "mysql",
        "node.js",
        "oracle",
        "postgresql",
        "powershell",
        "python",
        "rds",
        "react",
        "ruby",
        "s3",
        "scala",
        "scrum",
        "spark",
        "sql"
    ]
}