{
    "id": "resume_e1db3307-52ab-4586-9711-e7be7490e753",
    "metadata": {
        "filename": "Sougandh_Java Fullstack Developer.docx",
        "processed_date": "2025-09-24T08:45:54.628505+00:00"
    },
    "raw_text": "\n\n\tSOUGANDH A\t\t\tsougandh.work@gmail.com\t\t515 635 4931\nPROFESSIONAL SUMMARY:\nOver 8+ years of professional experience in designing, developing and testing internet/intranet Web-based applications, Enterprise applications using J2EE Architecture, Core Java concepts.\nExperience working with Software Development Life Cycle (SDLC) methodologies-Agile,Waterfall Model.\nExpertise in using Object Oriented Programming(OOPS) Principles and Design patterns like  Singleton, Factory Pattern, Prototype, Business Delegate, Session Facade, Service locator, Observer, Decorator, Front Controller and DAO pattern. .\nExtensive experience in Core Java concepts like Exception handling, Multi-threading, Synchronization, Serialization, IO, Collections framework, EnterpriseJava Beans.\nExpertise in development of web and enterprise-level applications using Spring, Hibernate, Struts framework, EJB, Servlets.\nExperienced in Middleware persistence framework like Hibernate/JPA for mapping Java classes with database using HQL.\nImplemented based on corresponding view components with view components HTML5, CSS3, XSD, XSTL.\nExperienced in Front End frameworks such as jQuery, Ajax, JavaScript, Node.js, ReactJS, AngularJS, Angular2,ExtJs.\nProficient in Client Side Validations, Client-server data Interaction with Ajax in Node.js, Back bone.JS.\n Hands on experience in developing and solid understanding of Micro-Services Architecture, Service Oriented Architecture(SOA) and Test-Driven Development.\nExtensively used different Tag Libraries likeStruts Tags, JSTL, Spring Tags, Display Tag, XML/XSD.\nExperienced in frameworks: Spring MVC, Jakarta Struts framework, JSF, Spring and Hibernate.\nExperience with Spring MVC, IOC, AOP, Spring JDBC, Spring JTA, Spring IO, Spring Security, Spring Boot, Spring Microservices, Spring Ribbon, Spring Netflix, Spring Zuul, Spring Eureka withThymeleaf,Pivotal Cloud Foundry.\nExperience in Spring Security for User Access Management and LDAP configuration for authentication, authorization.\nDeveloped applications using latest technologies like EJB3.0, Spring2.x/3.x/4.x, Hibernate3.2/4.x, and REST based Web services (axis2.0, JAX WS2.0), Rules Engines (Drools4.1, ILOG), XML API and tools. \nExperienced in Distributed Transaction Management system with Spring JTA based on Atomikos.\nExperience in configuring and deploying the applications on Tomcat, WebSphere, WebLogic, and JBoss Servers.\nExperienced in developing UNIXshell scripts for batch processing.\nGood Knowledge on Apache Storm which is used for real-time Stream processing and end-to-end delivery response.\nDeveloped SQL queries, procedures, Triggers and Stored Procedures in databases such as Oracle, DB2 and MySQL. \nExperienced in working on modern MEAN Stack- MongoDB, Express.JS, AngularJSand NodeJS.\nExperienced in working with multiple databases like Oracle 10/11g, SQL Server, MySQL, DB2, NOSQL DB (mongo Cassandra and Cache database), involved in converting Cassandra/SQL queries to Spark transformations using Spark RDDs.\nDeveloped multiple POCs using Scalaand deployed on the Yarn cluster, performance of Spark, with Cassandra and SQL.\nHands on experience with Play Framework MVC model, Object relational mapping tools like slick.\nGood experience in using Amazon Web Services (AWS) and AWS SNS/SQS for delivering messages.\nExperienced in AWS, (EC2 Container Services/Docker, VPC with Security Groups, S3, IAM, SNS, Lambda, Route53, CloudWatchetc Services).\nExperience in on AWS Cloud/DevOps, Continuous Integration and Continuous Delivery (CI/CD pipeline), Build and Release management, Linux/Windows administration and support.  \nDeveloped microservices using Spring MVC, Spring Boot, Spring Cloud, Spring AOP, Dependency Injection and JPA\nExperience in upgrading and migrating various versions of Mongo DB on different platforms. \nExperienced in performing unit testing using JUnit, integration and deployment of applications using tools such as ANT and Maven& debugging through log4j. \nExperience in JUnit frame work with Mockito and Easy mock, SpringJunitRunner. \nExperienced in Development, testing and deployment of enterprise applications on Windows&UNIX platforms using IDE's such as Eclipse, Rational Application Developer (RAD), Netbeans, intellij 14.x/15.x \nExperience in using different version controlling/tracking systems SVN, CVS, GIT, and Rational Clear Case.\nGood Knowledge in Apache Active MQ Series with Camel most widely used as service bus.\nExperience with Streaming platforms like Apache Kafka. \nGood Understandingon Azure which is mostly used as Service bus and used Azure tobuild, deploy and manage the application through the global network through the datacenters.\nExperienced in Full stack front end technologies using Grunt js, Glup Server, Yoman generator for Angular, Vue JS.\nExpertise in Selenium automation using Selenium WebDriver, Selenium Grid, JAVA, JUnit&PowerMonk.\nPerformed Integration and deployment of applications done using tools such as ANT, Maven and Gradle.\nMaintained the Selenium & JAVA automation code and resources in source controls like CVS, SVN over the time for improvements and new features.\nTECHNICAL SKILLS:\n\n\nPROFESSIONAL EXPERIENCE:\n\n\nResponsibilities:\nActively involved in mock screens development and project start-up phase.\nEfficiently managed the tasks and working and delivering features in a fast-paced scrum environment\nExperience working in Agile development following SCRUM process, Sprint and daily stand-up meetings.\nInvolved in developing the UI, layout and front-end programming for web application that matches requirements of the client.\nDeveloped UI Layer for the application using HTML5, CSS3, Angular 2 and Bootstrap.\nWritten code on Typescript and ES6 to implement Angular 2 Components and worked on different changed procedures of AngularJS to Angular 2.0.\nFollowed Java & J2EE design patterns and the coding guidelines to design and develop the application.\nWorked with advanced MVC framework such as Spring-IOC, AOP, MVC, Spring MVC, Spring DAO, Spring Boot, Spring Batch, Spring Heroku, Spring Security, Spring Integration, Spring Eureka, Spring Netflixand Batch which is used for implementing backend functionality.\nExtensively used various Spring Framework modules like MVC, Auto Wiring, Spring Security, and AOP.\nCreated and injected spring services, spring controllers and DAOs to achieve dependency injection and to wire objects of business classes.\nParticipated in coding Spring AOP components for the Logging, Exception handling and Transactional Model to handle many requests.\nUsed advanced java 8 features like Lambda expressions for array operations, collections and Enhanced concurrency methods etc. throughout the application for well-defined programming.\nWorked with Java 8 Lambda for adding functionality processing capability and Stream API to facilitate pipeline processing and used Filter method to eliminate elements based on the criteria.\nUsed Hibernate, object/relational-mapping (ORM) solution, technique of mapping data representation from MVC model to Oracle Relational data model with SQL-based schema.\nUsed Hibernate Transaction Management, Hibernate Batch Transactions, and Hibernate cache concepts.\nInvolved in development of new functionality of WebSphere commerce, Java, J2EE and WebSphere MQ.\nWrote SQL queries, stored procedures and enhanced performance by running explain plans.\nDesigned and developed Microservices using REST framework.\nDeveloped Microservices using Spring MVC, Spring Boot, Spring Cloud, Spring AOP, Dependency Injection.\nDeveloped Microservices to communicate using synchronous protocols HTTP and REST for implementingSOA.\nDeployed Spring Boot MicroservicesDocker container using Amazon EC2 container services and AWS admin console.\nUtilized AWS Lambda platform to upload data into AWS S3 bucket and to trigger other Lambda functions.\nUsed a Microservice architecture, with Spring Boot-based services interacting through a combination of REST and Apache Kafka message brokers.\nImplemented Authentication & Authorization with Site Minder and spring security.\nAnalysed current legacy infrastructure, established business case, and built consensus for virtualized IaaS / PaaS near term strategy with SaaSmobile cloud services end state.\nWorked on creation of custom Docker container images, pushing images, integration ofSpring boot.\nUpgraded the swagger to new version while maintaining the look and functionality of the UI. \nHands on experience with MongoDB Installation, Configuring, Monitoring and Designing Shared Environment.\nDeveloped Kafkaconsumers to consume data from Kafkatopics.\nProduced as well as consumed RESTfulweb services using Jersey API's.\nDeveloped Maven scripts and developed builds using Maven and continuous integration servers like Jenkins.\nFixed defects identified during QA, UAT and Production.\nWritten highly referenced blog posts on Error Handling in Scala and Problems Scala Fixes.\nDone with Web logic application server set up & deployed the application on it.\nInvolved in CI/CD process using GIT, Jenkins job creation, Maven build and publish, and Fabric implementation \nInvolved in deploying the application in UNIX and to connect to see logs for fixing UAT/Production defects.\nDeveloped, executed and maintained Selenium automation scripts for web application.\nHands on experience JBOSS DROOLS, Guvnor, writing Business rules, Decision Tables, Agenda Filter, Knowledge Base, and JBPM. \nDevelop custom app configurations (deployment-apps) within SPLUNK to Parse, Index multiple types of log format across all application environment.\nCreated continuous integration builds using AntJenkins and deployed on WebSphere app server.\nWorked on automation platforms like Ansible. Deployed Application instance on JBoss Server.\n\nEnvironment:Web Services, Spring 4.x, Hibernate 4.x, HTML5, JSP,JavaScript, JQuery, AJAX, GWT,CSS3, Angular 2,RESTful,XML, WSDL, Java1.8, J2EE,Scala, Kafka, Agile Methodology, JIRA processes,GIT,Design Patterns, PL/SQL, Junit, WebSphere MQ, Amazon Elastic Beanstalk, S3,Maven, Eclipse IDE,, Apache Kafka, MongoDB, Docker, CVS.\n\n\nResponsibilities:\nDesigned and developed code for Exchange project using the Java EE platform.\nActively involved in Analysis, Design, Development, System Testing and User Acceptance Testing. Successfully followed agile methodology in the Scrum Cycle model.\nUsed Java-J2EE patterns like Model View Controller (MVC), Business Delegate, Data Transfer Objects, Data Access Objects, factory patterns.\nDesigned and developed the End Points (Controllers), Business Layer, DAO Layer using Hibernate and Spring IOC (Dependency Injection).\nExtensively used MVC, Factory, Delegate and Singleton design patterns.\nImplemented SOA to develop REST Based Web services using Apache Axis.\nDeveloped REST Web Services clients to consume those Web Services as well other enterprise wide Web Services.\nDesigned and Developed Presentation Tier using Spring MVC and JSP integrating Custom Tags, JSTL, JSP Expression Language and AJAX.\nUsed Hibernate framework for back end development and Spring dependency injection for middle layer development\nUsed Spring MVC Transaction Management, Spring/Hibernate Batch Transactions and Hibernate cache concepts. \nModified the Spring Controllers and Services classes so as to support the introduction of spring framework.\nUsed Spring Framework AOP Module to implement logging in the application to know the application status.\nWorked on Spring Quartz, form based authentication with Cross-Site Request Forgery CSRF token and secured REST endpoints with HTTP Basic authentication\nWorked on Spring Quartz functionality for scheduling tasks such as generating monthly reports for customers and sending those mails about different policies.\nDeployed Spring Boot based micro services Docker container using Amazon EC2 container services and using AWS admin console.\nUsed DAO pattern to fetch data from database using Hibernate to carry out various database.\nDeveloped various generic JavaScript functions used for validations. \nDeveloped Application to asses JSON and XMl from Restful web service from consumer side using AngularJS.\nUsed Spring Inheritance to develop beans from already developed parent beans.\nDesigned and Implemented REST web services using JAX-RS, Spring REST. \nUsed Java Message Service (JMS) for reliable and asynchronous exchange of important information for status report. \nWrote AngularJS services to consume Restful web service to load data.\nIntegrated the Java code (API) in JSP pages and responsible for setting upAngularJS framework for UI development. \nWorked with Swing and RCP using Oracle ADF to develop a search application which is a migration project. \nWrote Scala classes to interact with the database. \nUsed Source Tree for Git (Subversion tool).\nUsed Hibernate Transaction Management, Hibernate Batch Transactions, and Hibernate cache concepts.\nDefined MultiAction, AbstractWizardForm and SimpleForm Controllers using Spring MVC framework providing very clean division between controllers, flexibility with the use of interfaces and providing thin web layer over business layer.\nDeveloped screens using JSP, JavaScript, AJAX and Ext JS.\nDeveloped entire user interface using various Ext JS components like Form panels, Tab panels, View port and Editable grids.\nUsed JENKINS to build and deploy the code in Dev and SIT environments. \nDeployed the application Code to various Remediation engines using JENKINS. \nUsed AJAX extensively to implement front end /user interface features in the application.\nImplemented SOA to develop Web services using Apache Axis. \nDeveloped Web Services clients to consume those Web Services as well other enterprise wide Web Services.\nExposed the Web Services to the client applications by sharing the WSDL’s.\nDeveloped unit test cases using Mockito framework for testing accuracy of code and logging is done using SLF4j + Log4j.\nManaged and maintained NoSQL (MongoDB) databases in production domain.\nFocused on Test Driven Development (TDD) thereby creating detailed JUnit tests for every single piece of functionality before actually writing the functionality.\nExtensively worked on TOAD for interacting with data base, developing the stored procedures and promoting SQL changes to QA and Production Environments. \nUsed Apache Maven for project management and building the application\nEnvironment: Java/J2EE, Spring 3.x, Hibernate 4.x, Angular JS, HTML, XML, AJAX, CSS, JavaScript,Restful, GIT, MAVEN, Mongo DB, Application Server 7.0, WID 6.1.2, Rational Application Developer 7.5, Web Services, Apache Axis, Scala, Agile Methodology, JAXB, JSP, RAD.\n\n\n\n\nResponsibilities:\nInvolved in various SDLC phases like Requirement gathering, Design, Analysis and Code development and the project\nwas developed using Agile based SCRUM Methodology. \nImplemented Struts Framework and Hibernate in the new version of the Application. \nInvolved in coding for the presentation layer using Struts and JavaScript. \nUsed JSP, Struts and Java script libraries like Backbone and Jquery to develop the User Interface.  \nDeveloped Action classes, Dyna Action Forms and used Validation framework. \nDeveloped XML application using XSLT transformations. \nInvolved in developing the User interfaces using HTML, CSS3, JSP and java script.\nCreated the view pages (UI) using JSP and JavaScript/ JQuery.\nImplemented Marionette which is a composite application library for Backbone.js in order to simplify the large scale\nJavaScriptapplications. \nExtensively used Java Scripts to enforce client side validations and also used JQuery for Ajax processing. \nInvolved in development/ maintenance of various web services using IBM Websphere to interact with other applications. \nImplemented the XSLT templates to apply the access to the tabs (modules) based on the logged in user role.\nDeveloped multiple tools including Site Scanning tool, Report Analyzer tool used for site scanning and report generating.\nWrote various select/update/insertSQL queries and stored procedures for Sql Server. \nSuccessfully executing offshore modeling by effective and on time knowledge sharing with offshore projectgroups through\nweekly team meetings and daily status update calls.\nUsed collections interface to provide a dynamic user interface.\nHandled Java multi threading part in back-end component, one thread will be running for each user, which servesthat user.\nGained hand-on development experience with Linux environment and Tomcat server\nBuilt single page application using Angular JS.\nWorked on EXT JS for Rich Web Application.\nInvolved in unit testing, troubleshooting and debugging. Modifying programs with enhancements.\nInvolved in fixing bugs the bugs or defects in the application. \nDeveloped the UNIX shell scripts to automate jobs.\nUsed JMS for asynchronous communication between different modules.\nInvolved in consuming, producing SOAP based web services using JAX-WS.\nImplemented SOAP over HTTP and SOAP over JMS communication.\nWorked as the part of a core team to monitor and enhance the performance of the application. \nProvide guidance and direction to team members in their day-to-day activities. \nEnvironment: Jakarta Struts Framework 2.0, Core Java, Hibernate 3.0, Web Services, CSS, eclipse Helios, CVS, Web Sphere Application Server 7.0, Unix/Linux, AWS, JUnit, HTML 4, CSS,  Angular JS, BackBone JS, JSON, UNIX, JavaScript, Servlets, Ext JS,JSP, SOAP, JDBC, JQuery, PL/SQL.\n\n\nResponsibilities:\nInvolved in Object analysis, design and documentation (OOAD) of the application model using UML.\nInvolved in development of the application using Spring Web MVC and other components of the Spring Framework, the controller being Spring Core. Also implemented Dependency Injection using the Spring IOC framework.\nDesigned and developed User Interface, application modules using Wicket pages, Spring, JavaBeans, HTML, CSS, JavaScript and AJAX.\nDesigned and developed interactive static HTML screens as screen level prototype, JavaScript for client side validation.\nDesigned Service Adapter using Adapter Service Interface (ASI) framework to interact with mobile devices.\nDeveloped Action controller, Action Forms, Tiles Structure, Validation Form Beans, AJAX code, JavaScript and worked on integration.\nUsed Cascading Style Sheet (CSS) for designing the web pages.\nImplementation and maintenance of a Java GUI application using JSF components.\nExtensive use of JSF Framework for Controller components and View components.\nInvolved in transforming service response to JSON Response for the use of mobile device Apps.\nUsed Spring Web component for support of web utilities.\nUsed JSON Lint to validate JSON request and response parameters.\nUsed XPath for selecting nodes from an XML document.\nDesigned and built new SOAP web service interface implemented in Java using Apache SOAP\nUsed AJAX to support dynamic page element rendering to enhance user experience.\nUsed SVN as Version Control to check-in and checkout Data.\nImplemented Design Patterns like MVC, Session Facade, Factory, and DAO.\nInvolved in component development and used design patterns such as Singleton, Factory and Data Access Object (DAO) in the implementation of the application. \nUsed Spring Context for EJB Support and Spring DAO for enhanced JDBC and DAO support.\nCreated Stored procedures using PL/SQL for data modification (Using DML insert, update, delete) in Oracle.\nUsed Spring ORM component for Hibernate support for manipulating data for Oracle 10g.\nEnvironment: Java 1.6, J2EE 5, EJB 3.0, Spring Framework, Apache Wicket, Adapter Service Interface(ASI) framework, HTML, JavaScript, JSF, XHTML, DHTML, JSON, JSON Lint, UML, IBM WebSphere 6.5 application server, Rational Rose, IBM Rational Software Architect, SVN, ANT and Oracle.\n\n\nResponsibilities:\nDesigned Use Case and Sequence Diagrams according to UML standard using Rational Rose. \nImplemented Model View Controller (MVC-2) architecture and developed Form classes, Action Classes for the \nentire application using Struts Framework. \nPerformed client side validations using JavaScript and server side validations using in built Struts Validation \nFramework. \nImplemented the data persistence functionality of the application by using Hibernate to persist java objects to \nthe relational database. \nUsed Hibernate Annotations to reduce time at the configuration level and accessed Annotated bean from \nHibernate DAO layer. \nUsed HQL statements and procedures to fetch the data from the database. \nTransformed, Navigated and Formatted XML documents using XSL, XSLT. \nUsed JMS for asynchronous exchange of message by applications on different platforms. \nDeveloped the view components using JSP, HTML, StrutsLogictags and Strutstaglibraries. \nInvolved in designing and implementation of Session Facade, Business Delegate, Service Locator patterns to \ndelegate request to appropriate resources. \nInvolved in developing SQL queries, stored procedures, and functions. \nCreation of database objects like tables, views using oracle tools like Toad, and SQL* plus.\nInvolved in writing Stored Procedure in using PL/SQL. \nWorked on Linux environment for jobs scheduling forInbound data on monthly basis.\nUsed JUnit Testing Framework for performing Unit testing. \nDeployed application in WebSphereApplication Server and developed using Rational Application Developer RAD. \nEnvironment: Struts 2.0, Hibernate 3.0, JSP, RAD, JMS, CVS, JavaScript,, XSL, XSLT, Servlets 2.5, Websphere Application Server 6.1, Oracle 10g.\n\n\n\n\n\n\n\n\n\nResponsibilities:  \nWeb based search console for all products\nAttractive common look & feel, components on IE, Firefox browsers\nSingle query initiates search across all products. Searching is done very fast (in milliseconds). \nCombines all results from all terminals and presented to user.\nDeveloped presentation screens by using JSP, HTML and JavaScript. \nDeveloped Session beans for functionality as per the requirement. \nPrepared Unit test cases for existing functionality as per the requirement and execute the same. \nCreated dynamic XSL to transform XML to target platform language, HTML.\nInvolved in the Integration testing support and involved in bug fixing. \nResponsible for writing detail design documents and class diagrams and sequence diagrams. \nUsed different Design patterns like MVC pattern, DAO pattern, and singleton to achieve clean separation of layers. \nInvolved in Core Java coding by using Java APIs such as Collections, Multithreading, Exception Handling, Generics, Enumeration, and Java I/O to fulfill the implementation of business logic.\nDeveloped Custom tag libraries to separate presentation and processing logic. \nDeployment of .ear files in Tomcat server.\nWorked on Hibernate persistence tier. This involves developing mapping files and Hibernate (POJOs/ DAOs) \nUsed Lo4j debugging tool to monitor the Error Logs. \nInvolved in developing SQL queries, stored procedures, and functions. \nInvolved in tracking and resolving Production issues. \nEnvironment:Servlets 2.5, JSP 2.1, Eclipse, JDBC, JavaScript, HTML, Oracle, PL/SQL, SVN, Hibernate 3.0 and Apache Tomcat\n\nEDUCATION:\nBachelor’s in Computer Science from KoneruLakshmaiahUniversity’09- India.\n",
    "extracted_skills": [
        "agile",
        "angular",
        "ansible",
        "aws",
        "azure",
        "cassandra",
        "ci/cd",
        "communication",
        "css",
        "docker",
        "ec2",
        "git",
        "heroku",
        "html",
        "java",
        "javascript",
        "jenkins",
        "jira",
        "lambda",
        "mongodb",
        "mysql",
        "node.js",
        "oracle",
        "project management",
        "s3",
        "scala",
        "scrum",
        "spark",
        "sql",
        "typescript"
    ]
}