{
    "id": "resume_028309a8-30c1-4a15-af75-3d5b6427b47e",
    "metadata": {
        "filename": "Sumanth Manne Java Developer.docx",
        "processed_date": "2025-09-24T08:45:56.081017+00:00"
    },
    "raw_text": "Sumanth Manne\nSr. Java/J2EE Developer\nmsumanth39@gmail.com, 908-484-4161\nProfessional Summary:\n8+years of IT experience in analysis, design, development, documentation, implementing and testing of software systems in Java, J2EE and Internet technologies.\nExpertise in Object Oriented Programming and development of n-tier component based enterprise web applications.\nStrong Knowledge on Application Development using Software Development Life Cycle SDLC using various methodologies like Waterfall, Agile/Scrum.\nExperience in development of critical business applications utilizing Java, J2EE, JSP, Servlets, Struts, EJB, JDBC, Spring, Hibernate, Web Services, Ajax, JSF, Design Patterns, JNDI, Apache Tomcat 5.5/6.0, IBM Websphere Application and Portal Server (WAS/WPS) 6.0/v6.1\nStrong hands on experience in developing the Enterprise and Web applications on n-tier Architecture using Java/J2EE, Spring, JSP, Hibernate, Servlets, EJBs, Struts, JNDI, Web services, XML, and JDBC.\nGood knowledge of spring’s IOC, AOP, Spring MVC and spring's integration with Hibernate and Struts technologies.\nExperience in frameworks like Spring MVC/IOC/ORM/JDBC/AOP/Context/Security and Struts MVC, architecture, interceptors, action mappings and resource bundles and JSF.\nUsed a microservices architecture, with Spring Boot-based services interacting through a combination of REST and RabbitMQ or Apache Kafka message brokers\nExperience writing angular.js code for developing Single page applications (SPA), used several in built language core directives, expressions and modules.\nExperienced in web technology which includes HTML, XHTML, DHTML, Java Script, CSS, AJAX, Groovy Scripting, JQuery, Tiles, Tag Libraries, and Custom Tags.\nExperience in dynamic web development using JQuery, AJAX, Java Script, XML and CSS.\nExpertise in developing front-end systems with JavaScript, Bootstrap, HTML5, CSS3, MVC frameworks such as Angular JS, Ext.JS, Express.JS, Backbone JS, Typescript  and Node.JS as a platform for Web applications.\nFamiliar with web content accessibility guidelines AngularJS 2.0, typescript.\nUsed Backbone.js and ReactJS to create Controllers to handle events triggered by clients and send request to server.\nImplemented Micro Services using Spring Boot and AngularJS.\nStrong Experience on AWS platform and its dimensions of scalability including VPC, EC2, ELB, S3, and EBS.\nGood knowledge on Amazon Web Services(AWS), Amazon Cloud Services like Elastic Compute Cloud(EC2), Simple Storage Service(S3), Amazon Simple DB, Amazon Cloud Watch, SNS, SQS, LAMBDA and experienced in building highly scalable java applications using various architectures.\nUsed Apache Kafka in cluster as messaging system between the APIs and Microservices.\nExperience in developing and consuming Web Services using WSDL, SOAP, HTTP, and UDDI. Has good knowledge in RESTful web services.\nExcellent Relational Database understanding and experience with Oracle, SQL Server and MySQL.\nGenerated DDL scripts, and wrote DML scripts for creation of database objects in Oracle database.\nComposed and executed MongoDB scripts to insert and update NoSQL database; automating data changes and reporting.\nDeveloped and deployed applications onto various SDLC based environments using the industry standard techniques of Continuous Integration and Continuous Deployment in Jenkins, which reduces the time for the deployment of microservices.\nHave been involved in building and deployment of the applications by using build tools like ANT, Maven etc.\nHands-on experience in using Eclipse, SLF4j, Log4j, JUnit, Mockito, TestNG for building, logging, testing JTest for Performance Testing and Clear Case, Microsoft Visual Source Safe, CVS and SVN for version control.\nExcellent Client interaction skills and proven experience in working independently as well as in a team. Strongly initiative, creative and able to learn new technologies. Ability to deal with people, ability to grasp things fast. Strong sense of team player.\n\nEducation: Bachelors in Computers\n\nTechnical Skills Set:\n\nProfessional Experience:\nClient: Thermo Fisher, Carlsbad, CA                                                                                              Jan'17 - Till Date  \nRole: Sr. Java/J2EE Developer\nProject Description: Thermo Fisher Scientific was known for Innovative analytical instruments, lab equipment and specialty diagnostics that provide rapid and accurate results for customers in research, clinical and applied markets. The application is a commercial portal with readily available products to buy or made to order products in the catalog. Application allows the End Users to customize the products and order. Application is developed to support multiple languages with country specific business rules implied on product&#39;s availability as per regulatory rules, payment options and convenient shipping methods. \nResponsibilities:\nInvolved in Full Software Development Life Cycle (SDLC) from Requirement gathering, design, development, testing and documentation. \nWorked in Agile, CMMI Development Environment. Participated in the daily SCRUM meeting and paired programming to produce quality delivery within time. \nDesign common framework for REST API consumption using Spring Rest Templates.\nDesign application using Spring MVC, JSP, JSTL and AJAX on the presentation layer, the business layer is built using spring and the persistent layer uses Hibernate.\nExtensively used Spring IOC, configured Application Context files and performed database object mapping using Hibernate annotations. \nUtilized Angular.JS framework to bind HTML5 template (views) to JavaScript object (models).\nWorked with Angular.JS applications for customer facing software using modern JavaScript development techniques and responsive design methodology.\nInvolved java Multithreading to cascade multiple changes on multiple records in only one transaction and developed a batch process framework.\nDesign and develop common utilities for JSON to Java object and vice versa using Jackson libraries.\nUsed Core Spring framework for Annotation based Dependency injection.\nUsed Spring AOP to handle transactions session aspects and to implement security.\nAchieved transaction using Spring AOP and stored procedures\nUsed Spring MVC Spring Security Spring ORM modules to integrate with MongoDB to implement the persistence layer with JPA/Hibernate.\nInvolved in Ecommerce project Development using Spring Web Flow and Hybris and developed front-end UI with Backbone.js, jQuery, CSS3, Dojo and AJAX.\nDevelopment back-end with Spring MVC framework on underlying Hybris platform.\nWrote spring configuration file to define beans define data source and hibernate properties.\nPerformed data loading based on multi-consumers using Spring, Hibernate framework\nBuild microservices for the delivery of software products across the enterprise.\nDeveloped spring boot application for writing web services.\nUsed Spring Boot which is radically faster in building cloud Microservices and develop spring based application with very less configuration.\nDeveloped RESTFUL Web Services which are consumed by several clients like Mobile, Tablet, as well Web.\nConfigured the web.xml file for REST server injection to enable the REST web services by using JAXB API.\nDeveloped a cross-device/cross-browser web application for real-time location sharing utilizing AngularJS, JavaScript API.\nLeveraged UnderscoreJS functional programming without extending any built-in objects.\nIntegrated the Java code (API) in JSP pages and responsible for setting up AngularJS framework for UI development. Developed html views with HTML5, CSS3, bootstrap and AngularJS.\nImplemented code according to coding standards and Created AngularJS Controller, which isolate scopes perform operations.\nDeveloped custom directives and Services in AngularJS.\nExtensively used Grunt and Gulp as an associate to NodeJS to establish the connectivity between database and client.\nUtilized React.JS & REDUX for rendering and deployment of end setting web pages.\nUsed ReactJS to create views to hook up models to the DOM and synchronize data with server as a Single Page Application (SPA).\nModularized front-end CSS and JS code with Sass. Built a real-time mouse/click user analytics web service with Node.JS.\nCreated sites to organize client contracts and to summarize monthly financial data using Ember.js, D3.js and MySQL.\nWorked on AWS, High Availability Practices and deploying backup/restore infrastructure.\nDeveloped API for using AWS Lambda to manage the servers and run the code in the AWS.\nImplemented the function to send and receive AMQP messages on Rabbit MQ synchronously and asynchronously, and send JMS message to Apache Active MQ on the edge device.\nComposed and executed MongoDB scripts to insert and update NoSQL database; automating data changes and reporting. \nDeveloping scripts for build, deployment, maintenance and related tasks using Jenkins, Docker and Maven. \nSetup Servers (JBoss, Apache and UNIX) and deployed application in Dev, ST and UAT Environment.\nSetup logging using Log4j for tracking the processes and errors. \nWorked in a test-driven development environment, used JUnit and Mockito for backend test cases, and Karma and Jasmine for the frontend test cases.\nCooperated with testing team in regression testing to fix the defects during the QA phase.\nWorked with the business analysts to gather requirements, create the JIRAS and plan the sprints.\nEnvironment: Java 8.0, Design Patterns, WebLogic10.2, Java, J2EE Servlet, jQuery, Struts, Spring 4.0.6, Spring Boot, Spring Security, Spring Core, Spring MVC, Microservices, Hibernate, RESTful API, Web Services, SOAP, WSDL, UDDI, JAX-RS, JSON, React.JS, HTML, AJAX, JavaScript, XML, Angular.JS, NodeJS, MongoDB, SQL, PL/SQL, Ember.JS, TOAD, Oracle 10g/11g, MQ, Maven, Jenkins, Log4J, JUnit, Mockito, Karma, Jasmine, JIRA.\n\nClient: Vanguard, Malvern, PA                                                                                                            July'15 - Dec'16\nRole: Sr. Java/J2EE Developer\nProject Description: (Investment Management System) The Vanguard Group is an American investment management company based in Malvern, Pennsylvania. It is the largest provider of mutual funds and now the second-largest provider of exchange-traded funds (ETFs) in the world, offering a full range of product solutions for individual investors, employers, institutions and intermediaries. The project is an intra-net web application, which allows enrollment, member status, correspondence, fulfillment etc., for the existing and new customers. This application supports, maintains all the investment policy/ benefits for existing customer. This application is used by the administrators; customer support specialists to helps the new/existing customers in selecting the policy which best suites their requirement.  \nResponsibilities: \nInvolved in Design, Development and Support phases of SDLC. Used methodology and participated in SCRUM meetings.\nDeveloped the application using Spring Framework which is based on the MVC design pattern.\nData Operations were performed using Spring ORM wiring with Hibernate.\nUsed Ajax and JavaScript to handle asynchronous request, CSS to handle look and feel of the application.\nUsed JSP, JavaScript, jQuery, AJAX, CSS3, and HTML5 as data and presentation layer technology.\nDesign and development of a proof-of-concept real-time notification system using Node.js.\nImplement modules into Node.JS to integrate with designs and requirements. \nUsed Angular.JS and jQuery library functions for the logical implementation part at client side for all the application.\nWorked on Angular.JS, used its two-way data binding to achieve the feedback functionality from the user.\nResponsible for designing the User Interface by coding in HTML5, CSS3, AngularJS, Bootstrap to build this SPA Single Page Application\nImplement REST-based web services with AngularJS.\nDeveloped a fully functional prototype application using JavaScript (jQuery and Backbone.js) and Bootstrap, connecting to a REST-full server on a different domain.\nReact.JS and Functional Driven JavaScript expert in SPAs, UI Components, Mobile web and Performance optimization. Created custom filter in React.JS in the application.\nCreated forms to collect and validate data from the user in HTML5 and ReactJS.\nDeveloped an application using Ember.js and Django which allows users to publish content to Social Media channels.\nDesigned and developed DAO layer with Hibernate standards, to access data from DB2.\nDeveloped PL/SQL procedure for login module and registration module.\nExtensively used JDBC APIs for database activities on MySQL database server.\nImplemented Coherence Cache which can be used with Spring Annotations. \nImplemented service layer using Spring IOC and annotations and Controllers using Spring MVC.\nImplemented the Project structure based on Spring MVC pattern using spring boot.\nUsed Spring Core Annotations for Dependency Injection Spring DI and Spring MVC for REST API s and Spring Boot for micro-services.\nWorked with RabbitMQ and AMQP Java APIs for Queues to build the application as SOA platform.\nRecommend and develop strategy for integrating internal security model into new projects with Spring Security and Spring Boot.\nCreate RFP microservices to provide RESTful API utilizing Spring Boot with Spring MVC.\nWrote services to store and retrieve user data from the MongoDB for the application on devices\nBottle micro-framework implemented with REST API and MongoDB (NoSQL) as back end database. \nCloud technologies like Pivotal Cloud Involved in implementing Micro services using spring boot, Pivotal Cloud Foundry.\nUsed GitHub repository for version control.\nApplications developed in Eclipse IDE with Java, Google Web Toolkit, Hibernate, CSS, JBoss, and HTML & Oracle DB. \nDeveloped JUnit test classes for testing the modules.\nUsed JSON for data exchange between application modules along with XML.\nWorked with the JIRA tool for Quality Center bug tracking.\nUsed JMS in the project for sending and receiving the messages on the queue.\nInstallation/Support Apache Tomcat for support of Jasper Reports Server.\nPerformed J2EE application deployment using JBoss application server on Windows and Linux.\nInstall and configure a Linux server to publish applications and the Database.\nEnvironment: Java 1.8, Spring MVC, Spring Core, Spring Boot 1.1.5, Spring IOC, Spring Security, Spring Rest, Microservices, Hibernate, MongoDB, JUnit, GitHub, JSON, Jira, XML, JMS, Linux, Drools, Oracle 10g, REST API, MYSQL, JSP, HTML5, CSS3, Ajax, jQuery, Ember.JS, Angular.JS, JavaScript, Bootstrap, React.JS, Windows7.\n\nClient: Bank of America, Alpharetta, GA                                                                                         Jan'14 - June'15\nRole: Java/J2EE Developer\nProject Description: (Banking center Application) This project involves development and maintenance of a web based banking center application used by the bank associates as well as contact center agents, to service its customers and prospects. This application is a Sales and Service Platform suite which offers varied services like Account Opening, Customer setup, Customer/account maintenance, Check orders, provide and service various banking products like CDs, IRAs, Loans and LOC, Credit Cards, Checking and Saving accounts etc. To promote deeper customer relationships and drives new sales. Provides Bank employees with a single site to request access for all the application. This application provides a way to monitor the requests as they pass through different people and teams that are involved in the workflow. This application has a database where the data related to all the requests, teams and team members is stored. This application offers various features like creating new accounts, managing existing accounts, processing credit card and personal loan applications. Personal Loan processing has various modules for customer Information, Loan Application verification, Loan Authorization, Loan Approval and Change history.\nResponsibilities:\nDeveloped the application using Spring Framework that leverages classical Model View Controller MVC architecture.\nDeveloped single page responsive Web UI using HTML5, AngularJS, Bootstrap, CSS3, JavaScript, jQuery.\nDeveloped views controller and model components implementing JavaScript MVC.\nDeveloped Java Beans and Custom Tag Libraries providing client-side validations in JavaScript and providing interactive front-end GUI using AJAX.\nUsed Joins Stored Procedures and Functions in Interaction with backend database using SQL\nInvolved in all the phases of Software Development Life Cycle SDLC including analysis designing coding testing and deployment of the application.\nDeveloped the AJAX asynchronous calls to the server to validate and populate the pages that are directed through view resolver.\nInvolved in development of the CSS classes for all error form elements and warnings.\nDesigned and developed Prototype module using Angular.js and Ext.js, implemented Pagination, and Data grid added additional functionality for Data grid.\nUsed Spring Core Annotations for Dependency Injection Spring DI and Spring MVC for REST API s.\nWrote database interaction code and used JDBC API to connect MySQL.\nUsed Core Java with knowledge of multithreading concurrency memory management.\nBuild the application using TDD Test Driven Development approach.\nUsed Oracle as database and involved in the development of PL/SQL backend implementation.\nCreated web application prototype using jQuery and Angular.JS.\nDeveloped front-end code with Ajax call in AngularJS and jQuery to retrieve data as JSON Object from controllers in back-end RESTful Server, then display the well-organized result in web pages by writing AngularJS controller, directives, services, and route providers. Also used Angular.js filter to make the data searchable and sortable.\nResponsible for Node.js RESTful API developing, as a middleware system to call SOAP web service.\nImplemented SOA to develop SOAP Based Web services using JAX-WS implementation and Apache CXF, Apache Axis 2 Framework.\nThe middleware interaction used JMS/IBM WebSphere MQ series for transferring messages between different components using the JMS/Mail API Framework.\nUsed issue tracking tool JIRA for bug fixing and life cycle traceability.\nDesigned SOAP based web service for handling asynchronous AJAX requests.\nParticipated in preparing technical documents which includes logical flow of the code and UML diagrams and user s manual for the application.\nPerformed J2EE application deployment using JBoss application server on Windows and Linux.\nUsed MAVEN for project management and build automation and Continuous Integration is done using Jenkins.\nUsed CVS for version control for implementing the application.\nEnvironment: Java 1.8 JSF 1.2 Spring 4, Spring DI, Spring MVC, Spring REST, Spring Core, Hibernate, JSP, JMS MDB, AJAX, JBoss, JPA 2.0, Java Beans, XML, Jenkins, HTML5 JavaScript jQuery, AJAX, Jira, CSS3 XSL, Oracle 11g, SQL PL/SQL MySQL Angular.JS, Node.js, CVS, UML, Maven, SOAP.\n\nClient: AIG, Berkeley Heights, NJ                                                                                                          Jan'13 - Dec'13\nRole: Java/J2EE Developer\nProject Description: (Premier) It  is  a  product  to  create  insurance  policies  for  Home  and  AUTO .  Product\nFactory  is  a  product  building  and  testing  tool  that  adds  built in  product development  and  management  functionality  to  Policy  Core,  which  is  an Insurance  Suite  core  system  for  policy  administration.  Products represent insurance products.  The  product  creation  process  in  Product  Factory  is  a process  of  creating  a  product  definition.\nResponsibilities:\nInvolved in analysis, specification, design, and implementation and testing phases of Software Development Life Cycle (SDLC) and used agile methodology (SCRUM) for developing application.\nDeveloped components for categorizing reports, creating reports, login authentication and authorization and report criteria generation for reporting using UML class diagram.\nDeveloped the application using Spring MVC Architecture.\nDeveloped the Presentation layer using JSP, HTML and used AJAX/ jQuery based rich client for improved customer experience.\nDeveloped the Business layer using spring (IOC, AOP), DTO, and JTA.\nDeveloped the Persistence layer DAO using Spring JDBC for all modules which has POJO classes with CRUD operations.\nDeveloped the application using industry standard design patterns like Singleton, Business Delegate Factory Pattern for better maintenance of code and re-usability.\nMaintained Cross Browser compatibility & implement Responsive Web Design using Twitter Bootstrap, custom media queries, etc.\nInvolved in writing stored procedures, triggers, cursors and views.\nDeveloped SQL, PL/SQL with Stored Procedures to interact with Persistent database using Oracle 10g.\nDeveloped Web services to allow communication through SOAP over HTTP using CXF. \nWorked with executed unit test cases by using JUNIT for accuracy of code and logging with log4j.\nWorked with defect tracking system JIRA.\nWorked with IDE as Eclipse Indigo and deployed into Oracle WebLogic Application Server & used Maven build tool to achieve more functionality for build process.\nUsed SVN for version control.\nEnvironment: Java 1.6, J2EE 1.6, HTML, CSS, AJAX, jQuery, JavaScript 1.7, JSP 2.1, Spring 3.0, Spring JDBC, Spring Web, Web Services/SOA, JAX-WS 2.0, XML 1.0, UML 2.0, JUNIT, Oracle WebLogic Application Server, Eclipse Indigo 3.7, Maven 2.0, SVN, SoapUI, Oracle 10g, JIRA, Bootstrap.\n\nClient: Login IT Technologies, Hyderabad, India                                                                             July'11 - Nov'12 \nRole: Java/J2EE Developer\nProject Description: This project was designed to build a Common Access Platform for customers and insurance agents using the Internet to interact with the system from any part and allow the customers to buy insurance online. Also, used by the HR department to manage the vast information generated due to massive business operations. The main objective is to help in tracking HR related issues, optimize and increase the productivity.  \nResponsibilities:\nFollowed agile methodology (SCRUM) for developing this project, with each SPRINT lasting for 2-3 weeks. Involved in analysis, specification, design, and implementation and testing phases of Software Development Life Cycle (SDLC)\nDesigned project related documents using Visual Paradigm (Unified Modeling Language tool) which includes Use case, Class and Sequence diagrams.\nWorked on Rally dev for defining user stories, tasks and defects.\nWrote spring rest controller calls for web application data interactions using jQuery.\nImplemented Struts framework based on the Model View Controller design paradigm.\nImplemented Spring-Struts integration.\nDeveloped JSPs and helper classes involved in the project\nConfigured and deployed the applications on Websphere App Server and Tomcat server\nImplemented various XML technologies like XML schemas, JAXB parsers and XMLBean\nUsed Struts MVC Framework to flow the process.\nStruts MVC Architecture is used for developing the project.\nImplemented service method and SQL queries, PL/SQL to interact with Oracle DBMS\nDeveloped unit test cases using Mockito framework for testing accuracy of code and logging is done using SLF4j + Log4j.\nUsed JUnit framework for unit testing of client inbound and outbound web services and Log4j 1.2 to capture the log that includes runtime exceptions.\nDeployed the application on a WebLogic server on a UNIX platform.\nUsed Maven 2.0 for create the project archetype and build the interface modules for create war and ear files.\nUsed SVN for version control and used eclipse as the IDE for developing the application.\nManaged the development team at offshore and provided necessary information and artifacts.\nEnvironment: Java 1.6, J2EE 1.6, HTML, CSS, AJAX, jQuery, JavaScript 1.7, JSP 2.1, Struts MVC, XML 1.0, UML 2.0, Mockito framework(JUNIT), Log4j, SLF4j, Apache Tomcat Server, Eclipse Indigo 3.7, Maven 2.0, SVN, UNIX, Oracle 10g, MySQL, MJIRA.\n\nClient: Sahastra Solutions Inc. Hyderabad India                                                                               May'10 - June'11\nRole: Java Developer\nProject Description: Sahastra has various clients for developing E-commerce websites as per their requirements. And serve their customers with vast inventory, experienced and qualified staff, and quality products at all. This is B2B and B2C website build using JS/Magneto and MySQL as backend.\nResponsibilities:\nInvolved in complete software development life cycle.\nInvolved in Design and Development of the System using Rational Rose and UML.\nInvolved in Business Analysis and developed Use Cases to capture the business functionality.\nImproving the coding standards, code reuse, and performance of the Extend application by making effective use of various design patterns (Business Delegate, View Helper, DAO, Value Object etc. and other Basic patterns).\nDesign of system using JSPs, Servlets.\nDesigned application using DAO, Data Object, Value Object, Factory, Delegation patterns.\nInvolved in the design and development of Presentation Tier using JSP, HTML and JavaScript.\nInvolved in integrating the concept of RFID in the software and developing the code for its API.\nCoordinating between teams as a Project Co-coordinator, organizing design and architectural meetings.\nDesign and developed Class diagram, Identifying Objects and its interaction to specify Sequence diagrams for the System using Rational Rose.\nEnvironment: JDK 1.3, J2EE, JSP, Servlets, HTML, XML, UML, RATIONAL ROSE, AWT, Web logic 5.1 and Oracle 8i, SQL, PL/SQL.\n\nClient: DLF, Hyderabad India                                                                                                           May'09 - April'10\nRole: Jr. Programmer Analyst/Java Developer\nProject Description: The application is developed in such a way that providing its services related to Real-estate business with the help of computer programming involves web site details, data integration, recapture of data and user interfaces etc. As to maintain a competitive edge for catering the needs of its customers.\nResponsibilities:\nExperience working on JQuery, Web Sphere Portal User management APIs.\nExtensively used Core Java such as Multi-Threading, Exceptions, and Collections.\nDeveloped web presentation layer using JQuery, HTML and CSS according to internal standards and guidelines.\nDeveloped the presentation layer and GUI framework that are written using HTML and Client-Side validations were done using JavaScript.\nUsed core Java coding using JDK in Eclipse Integrated Development Environment (IDE).\nInvolved in designing of high level details like Use Case diagram and low level design like Class and Sequence diagram.\nPerformed J2EE application deployment using J Boss application server on Windows and Linux.\nWorked on Eclipse for development and deployment of application in Web Logic Application Server.\nUsed SQL, PL/SQL and SQL for database interaction with Oracle 10g.\nInvolved in Object Oriented analysis and design for meeting the requirements of the system.\nInvolved in developing business logic modules using J2EE concepts and integration of various modules.\nUsed SOAP (Simple Object Access Protocol) for web service by exchanging XML data between the applications.\nExtensively used SQL, PL-SQL in constructing views, indexes, stored procedures, triggers, cursors, functions, Relational database models.\nDeployed the JAR files in the EJB Container and WAR files in the Web Container on to the Web logic 7.0 Server.\nEnvironments: J2EE/Java, JSP, JQUERY, CSS, Struts, Hibernate, IDE, SQL, PL-SQL,JAR, WAR, Web logic 7.0, Eclipse 3.0, MySQL, JDK, IDE, J-boss, ANT, JavaScript, HTML, XML, SOAP, WSDL, CVS, WAR FILES.\n",
    "extracted_skills": [
        "agile",
        "angular",
        "aws",
        "communication",
        "css",
        "django",
        "docker",
        "ec2",
        "html",
        "java",
        "javascript",
        "jenkins",
        "jira",
        "lambda",
        "mongodb",
        "mysql",
        "node.js",
        "oracle",
        "project management",
        "react",
        "redux",
        "rest api",
        "s3",
        "scrum",
        "sql",
        "typescript"
    ]
}