{
    "id": "resume_e505f2e1-ca5e-40d9-a872-06879327d0de",
    "metadata": {
        "filename": "SUNITHA Project Manager (1).docx",
        "processed_date": "2025-09-24T08:45:56.361611+00:00"
    },
    "raw_text": "\nSUNITHA\nSENIOR PROJECT MANAGER\nEMAIL: Sruthi@idolsoftconsulting.com               Contact: 614-375-4373\n\nPROFESSIONAL COMPETENCIES\nA skillful, accomplished, results-oriented Technology professional with over 15+ years of experience leading and contributing to large scale IT projects in matrix organization with cross-functional project teams, leading new or expanding initiatives in large, cross-functional, or multi-company efforts. Building strong, trusted relationships throughout organizations, from executive level to individual contributors.\nWide Techno-Functional and project management background, experienced at functioning strategically with business leaders to transform business needs into technology results.\nExtensive experience in all aspects of Project management (PMBOK) and system development life cycle (SDLC) using Clarity for both Agile Scrum, Waterfall and Hybrid methodologies in Matrix, Functional and Direct Line environments. \nProficiency in supporting client with requirements gathering, analysis and design, project planning, project execution, project documentation, change management and quality assurance\nExtensive Experience in Cross-Functional Project leadership, with all project stages including Project Conceptualization, Initiation, Project Planning, Project coordination, Project estimation, Risk Management, Requirements determination, Gap analysis, Business process reengineering, Issue resolution, Configuration, Testing, Training, Go-live assistance and Post implementation support.\nExperience working in the domains of Healthcare, Telecom, Pharmaceuticals, Oil and Gas, Health Care systems, and Utility. \nVast experience in PM documentation & Reports as per need, SRS, BRD, FS and other relevant artifacts.\nVast Experience in As-is To-be processes GAP Analysis. Expert in Feasibility studies, Risk Analysis. \nAssociated in the full STLC and has been experienced in all phases of testing\nManaged Cross-Functional, Multi-Cultural teams, Matrix based projects involving Architects, Business Analysts, Project Managers, Project Coordinators, Financial Controllers, Cross-Functional/Business SMEs, Developers, Testers/QA, DBA, Infrastructure, IT Security and Release Management Teams.\nSkilled at managing collaborations, managing programs/projects, creating new business opportunities and building innovative solutions by integrating technology and business processes, thus providing exceptional client services\nExperienced in Data Migration, Data Loads, SAP BI and BW, Data Conversions, building Conversion Logic, Validation Methods, Error Handling Methods\nInvolved in Testing Types FUT, ITC, Performance Testing, Load Test, Smoke Test\nCreated Test Scripts, Test Cases, Test Scenarios\nExtensive All Life Cycle Management (ALM), HPQC, JIRA, RTC, RQM \nInvolved in Data Modeling, Legacy Data migration, Data integration, with Oracle DB and MS SQL Servers and Data Mining and Data Analytics, Data Analysis \nInvolved in Data Modeling, Legacy Data migration, Data integration\nKnowledgeable in using Process Improvement Techniques which contributes to better organizational performance, building effective teams, solving problems, improving implementation time frames, and lowering overall cost through aligning technical resources with project objectives.\nAbility to multitask for various projects, organizes meetings, update project schedules and deadlines, and create work flow procedures. Build Relationship with business and other stakeholders for effective communications for risk and issues to monitor the progress of the project.\n\nEDUCATION:  MBA HR\nCERTIFICATIONS: Success Factors – Employee Central\n\nTECHNICAL SKILL SET:\n\nPROFESSIONAL EXPERIENCE\n\nCLIENT: British Petroleum\nLOCATION: Houston TX\nDURATION: May 17 to Till Date\nROLE: SR. PROJECT MANAGER\n\nPROJECT OBJECTIVES:\n\nHandle a multimillion project aimed to migrate the client Reporting data from On- Premise to Cloud Amazon Web services using Informatica ETL tool\nExtract, Transform and Load the reporting data using Informatica stored procedures, complex, logical mapping, varied granularity from source data base structures to source structures\nHandle complex report creation out of Enterprise Data Warehouse using SAP Business Objects \nIntroduce Data Visualization tools like Microsoft Power BI and Tableau to internal and external teams.\n\nRESPONSIBILITIES:\n\nUnderstand Client requirements, conduct day to day meetings, mobilizing the resources\nPrepare detailed project plan with the Work break structures, time lines, track the progress of the project.\nMonitor and regular follow-up on development tasks and activities, with the team\nLead the stake holder meetings with client counter -part and Business Analysts and Data Analysts\nCreate Daily, weekly, Monthly Reports, on the progress of the projects and walk the client managers, through the progress.\nCreating dashboards, graphs and charts with the project status and progress.\nExecuting the project plan as per Project Management guide lines, with in the specified time lines\nMonitor and track the progress on Functional Unit testing, Integration Testing ,User Acceptance Testing and System testing\nTrack POC (proof of concepts) and Pilot projects\nHandled multimillion projects cost estimates & Cost reduction strategy, Resource planning for multiple tracks\nInteract with BA/Das to understand the business requirements\nCost mitigation/reduction strategy\nUnderstand existing client technology, architecture and data sources\nWorked closely with Developers, Application managers, Architects\nWorked in cutting edge technology and agile environment, addressing fast paced business requirement\nBDD extensions review and RICEFW creation in TFS Team Foundation System\nEnvironment: Informatica ETL, Informatica PowerCenter 10.1.1, Amazon Web Services Cloud, SAP BO, Microsoft TFS, MS-Office, MS-Project 2010, SharePoint, SAP Web Intelligence, SQL, Sybase Database, Data Lake, Hive, Impala.\n\n\n\nCLIENT: MEDTRONIC HEALTHCARE\nLOCATION: NORTH HAVEN CT\nDURATION: MARCH 16 to APRIL 17\nROLE: SR. PROJECT MANAGER\n\nPROJECT OBJECTIVES:\nObjective was to migrate the Analytics data from the legacy system to BO HANA\nReplicate, Merge, compile reports and create in the SAP Webi environment\nStreamline analytics, Reports and recreate global reports in the new environment\n\nRESPONSIBILITIES:\nLead internal and external technical consultants on data conversion, system interfaces, data cleansing, data archiving, environment builds for global single instance \nLead the technical planning, designing, coding and testing of reporting tool. \nProvide leadership and technical guidance to all levels of personnel regarding programming/system related issues for the new ERP reporting environment. \n Provide guidance on change control and security set-up for a validated software system. \nLiaison closely application support groups to ensure a global plan is in place for post go-live support. \nCreation of weekly project status reports and attending the weekly status calls with the customer.\nReporting Weekly/Monthly Status of the projects, by creating the Weekly Status Reports, Monthly Financials, etc.\nResponsible for creating the project estimates, resource plans and managing scope, planning, tracking, change control, etc., aspects of the projects.\nResponsible for effective communication between the project team and the customer. Provide day to day direction to the project team and regular project status to the customer.\nInteract with external interface teams, clients and other business analysts.\nMaintain and Manage Project Issues, Risks and Change controls.\nConducting daily scrum, sprint retrospectives, constant update of project dashboards and communication of project and team status to stakeholders and help agile teams come up with high level stories and epics estimation.\nFacilitate Scrum ceremonies and help the team in removing day-to-day task impediments. \nWork with Product Owner managing and prioritizing the product backlog, coaching/mentoring team for sprint planning/backlog grooming; organize and facilitate sprint retrospective, sprint planning and release planning sessions, attending Product backlog meetings with the product owner.\nCoached scrum team members to break down user stories to daily tasks effectively and efficiently. \nConducting Scrum ceremonies in a geographically distributed environment. \nConsistently recognize by the management team for meeting goals, effective communication using excellent information radiators and improving customer satisfaction by Product backlog grooming, retrospective & sprint planning, writing epic and user stories\nMonitor the progress of release and its deliverable and work with engineering teams, keep leadership apprised of Sprint and Release progress.\nProject status by generating weekly status reports, and variety of reports and dashboards to the management team and the customer.\n\nENVIRONMENT: HPQC, MS-Office, MS-Project 2010, Visio, SharePoint, SAP HANA, SAP BO, SAP Web Intelligence, SAP Crystal Reports, SQL Database, Agile Scrum Methodology\n\nCLIENT: ACTELION PHARMACEUTICAL \nLOCATION: SAN FRANCISCO CA\nDURATION: JANUARY’20 15 TO FEBRUARY 2016\nROLE: SR. PROJECT MANAGER\nPROJECT OBJECTIVES:\nTo increase service revenue, make it easier the customers to do business with them and create a common look and feel for Clinical Education throughout the care cycle. \nConnect 50 Trading Partners for O2C Processes with IBM Sterling B2B Integrator, SFG, and Map Editor on EDI 810,811,850,855, 856,860,865.\nRESPONSIBILITIES:\nAssisted Project Owner for Vision Document.\nCreated Lean Product Charter and Project Plan involving scope, time, cost, quality, Resources, risk management Plan, procurement, communications and Stakeholder management.\nExtensively involved in communications with all stakeholders, managing the complete project end to end as an Agile Project Manager and Scrum Master.\nSupported Business Analyst for requirements gathering and developing user stories and prioritizing with Product owner.\nHeld Daily standup meeting with project team members inviting relevant stakeholders, project backlog planning meetings, story points allocation, sprint planning meeting, sprint review meetings, retrospective meetings and Monitored continuously and generated reports with release burn down charts, Earned Value of project and issues to be resolved by Business.\nContinuously worked on clearing impediments maintaining continuous engagement and communication with stakeholders and Scrum team.\nTrained team members with project knowledge and business processes\nRefined User Stories for O2C scenarios and obtained approvals from business. \nEDI facilitation O2C Processes with trading partners (Inquiry, Quotation, Sales Order, ATP, Delivery, Shipment,) and Vender Order triggers for facilitating EDI with designated trading partners. Involved in Reporting on customer and marketing data from various Data Warehouse and other some independent Data Marts (Oracle BD, MS SQL Servers) using IBM Cognos and Tableau. \nManaged Data Mapping and File transfers to trading partners with IBM Sterling B2B Integrator, SFG, and Map Editor on EDI 810,811,850,855,860,865 with external venders for electronic data interchange for integration with internal SAP systems with SD, MM, FICO.\nENVIRONMENT: ERP (SAP), UML, Oracle, PL/SQL, Visio2003, Visual Basic, MS Office Suite, SM-7, HP ALM, QTP, WindowsNT. IBM Sterling B2B Integrator, SharePoint 2013, Agile Project Manager and Scrum Master\n\nCLIENT: GM\nLocation: DETROIT MI\nDURATION: MAY ‘2013- DECEMBER’20 14\nROLE: SR. PROJECT MANAGER AND AGILE COACH\nPROJECT OBJECTIVES:\nImplementation of Sap Logistics and Warehouse Management and Integrating processes for EDI with trading partners.\nRESPONSIBILTIES\nModeled As-Is processes, defined To-Be and conducted Gap analysis for all processes in the organization. Defined short, medium and long-term business strategy and roadmap. \nFacilitated meetings and workshops to get agreement on scope, timing and resource allocation for the implementation of the various O2C and logistics scenarios and projects. \nCarved roadmaps to implement processes in Logistics Execution and Warehouse Management.\nProduct Charter and Project Plan involving scope, time, cost, quality, Resources, procurement, communications and Stakeholder management.\nSupported Business Analyst for requirements gathering and developing user stories and prioritizing with Product owner. \nPrepared and maintained a Risk Management Plan and register.\nHeld Daily standup meeting with project team members inviting relevant stakeholders, project backlog planning meetings, story points allocation, sprint planning meeting, sprint review meetings, retrospective meetings and Monitored continuously and generated reports with release burn down charts, Earned Value of project and issues to be resolved by Business.\nActively involved with other Business Analysts in making the Functional Requirements Document (FRD).\nCoordination and integration with SAP MM, FICO, PM, PS Closely worked with SAP teams for configuration\nENVIRONMENT: ERP(SAP), MySQL, Java/J2EE, Active Directory, Rational Rose, SDLC, UAT, UML, MS Office, MS projects, MS Visio. Agile, Waterfall Methodology \n\nCLIENT: PRIME HEALTH CARE\nLOCATION: ONTARIO, CA\nDURATION: SEPTEMBER’2011-FEBRUARY’2013 \nAGILE PROJECT MANAGER \nPROJECT OBJECTIVES:  Client is multispecialty hospital having chain of hospitals across multiple states in USA. The objective of this project is to build a single Clinical Registry solution across various practices like GYN ONC, Neurology and Orthopedics etc.\nRESPONSIBILITIES\nFacilitate all scrum ceremonies (grooming, sprint planning, retrospectives, daily stand-ups, etc.)\nCommunicate with other management professionals, engineers, product owners and support specialists on business process improvement\nEnact change and continuous improvement increasing the productivity of Scrum teams and the quality of deliverables \nInstructed and modeled core Agile principles of collaboration, prioritization, team accountability and visibility \nEnsured consistent application of scrum methodologies across the scrum teams\nTrack and communicate team velocity, burn down chart and sprint/release progress\nEmpowered teams to self-organize and improve their functional knowledge\nProtect teams from over-commitment, manage backlog, prioritize resolution of defects/bugs as evidenced by the on-time delivery of 23 major data elements for the registry\nEducated teams to create clear and concise epics/stories\nWork with business users to understand requirements for business system analysis, forecasting and planning.\nCreated and maintained communication plan and RACI matrix for smooth and effective execution of project\nManaged coordination between client and development team.\nENVIRONMENT: Windows, FHIR Data Model, Data Stage, HBASE, Java, Share Point 2010, Microsoft Project 2010, TFS, Power Designer. Agile and SCRUM Methodology \n\nCLIENT: CIGNA (Healthcare)\nLocation: Bloomfield, CT\t\nDURATION:  AUGUST’2009- AUGUST’2011 \nROLE: PROJECT MANAGER\nPROJECT OBJECTIVES: Developed in-house application, which is used to pull patient data from client databases and send it to HIE. The objective of this project was to implement Scout at 50+ client locations and integrate their data with HIE.\nRESPONSIBILITIES\nManaged onsite and offshore teams comprise of developers and testers in a highly virtual matrix environment.\nSuccessfully managed the HIE integration of 55 hospital sites.\nConducted kick-off meetings with hospitals to define project scope, objectives, resources and deliverables.\nPlaned and scheduled project timelines and milestones for simultaneous implementation at different hospital sites.\nFormulated risk management plan and maintained regular follow-up with clients and development teams for risk mitigation.\nConducted daily calls with team members for issue resolution.\nIdentified out of scope opportunities and address via out of scope process agreement.\nCoordinated with teams to ensure quality and PHI related processes are followed. \nSpear headed scoping and resource planning for multiple simultaneous implementations.\nCreated executive status report and presented to steering committee.\nConducted weekly status meeting, ensured project is on budget and schedule using variance analysis.\nHandled project staffing and coordinated project activities between various project teams. \nDeveloped and prioritized key deliverables like the Project Management Plan, Schedule Baseline, Scope Baseline, WBS and WBS dictionary.\nCoordinated with project stakeholders and globally distributed teams to meet the project specifications.\nWas actively involved in Team building activities, which motivated the team to complete the project within time and budget; also did issue resolution, negotiation and requirement analysis.\n        ENVIRONMENT: Windows, HL7 Messaging, SQL 2008, .Net, Share Point 2010, Microsoft Project 2010, TFS, Agile Methodology \n\nCLIENT: Hartford Steam Boiler/Ebix (Insurance)\t\nLocation: Wayne, PA\t\t\nDURATION: OCTOBER’2007- JUNE 2009\nROLE: SR IT PROJECT MANAGER/ PROGRAM MANAGER CONSULTANT\nPROJECT OBJECTIVE: Led Data & Analytics, Data Governance and Master Data program with budget of $20M under Transformation Program Office, utilizing MS Project 2010, PeopleSoft, Cognos reporting, Visio, excel and Power point.\nRESPONSIBILITIES:\nHeavily involved in PMO for process development, templates, processes, business strategies & objectives. Built and organized program SharePoint site.\nResponsible for effectively initiating, planning, scheduling, estimating, forecasting, coordinating, controlling, managing and delivering all activities for projects and related release initiatives.\nExecuted Strategy planning program to assess current state, build future state, gap analysis, program roadmap with multiple technical projects aligned to business goals & budget planning.\nEstablished SharePoint project repositories, project scope statement, roles & responsibilities, work breakdown structure, communications plan, risk management plan & project approvals.\nIndependently manage the full project life cycle, from initiation through implementation; including (but not limited to) requirements gathering and prioritization, defining scope and schedule, obtaining approvals.\nPlanned estimated $20M program, 8 core team resources with increasing resources as technical execution started, working globally (UK, Germany, Canada) with multiple LOB's.\nWorked with Business partners, Stakeholder status reporting, managing scope, schedule & budget\nENVIRONMENT:  Windows, HL7 Messaging, SQL 2008, .Net, Oracle, JavaScript, Share Point 2010, Microsoft Project 2010 SCRUM and Agile Methodology \n\nCLIENT: Travelers (Business Insurance)\t\nLocation: Radnor, PA\t\t\nDURATION: JUNE’2006- SEPTEMBER’2007\nROLE: SR. IT PROJECT MANAGER CONSULTANT\nPROJECT OBJECTIVE: Led & executed a very large Enterprise Strategic Initiatives (Operations Data Strategy) Data Warehouse & Business Intelligence program in highly matrix organization utilizing MS Project 2010, IBM TM1 budget tool, Visio, excel and Power point, utilizing Waterfall and Agile.\nRESPONSIBILITIES:  \nResponsible and accountable for effectively initiating, planning, scheduling, estimating, forecasting, coordinating, controlling, managing and delivering all activities for projects and related release initiatives.\nBuild credibility, establish rapport, and maintain communication with stakeholders at multiple levels, including those external to the organization. Work with cross-functional business teams.\nUtilized Waterfall and Agile Scrum Methodology to help manage and organize the project and team.\nBuilt project team, acquire resources, project plan, estimate cost & control, prioritizing, risks and issues management. Developed and refined project estimates through Solution Design and manage the Project Management Triangle (time, cost, scope) through Implementation with multiple releases & bug fixing.\nResponsible for program management activities within the Enterprise Portfolio governance.\nExecuted and maintained program management processes and disciplines in the areas of: program schedule and quality management; communications management; human resource management; cost management; procurement management; risk/ issue management; change management.\nCoach and Mentor staff in methodology and consulting excellence and encouraged best practice in project management and project planning. \nManaged $2.5M program, 20 resources (onshore and offshore), multiple LOB's.\nENVIRONMENT: PPM Tools (Clarity, MS Project server, MS Project, PeopleSoft), Visio, Power point, Excel, Word, SharePoint, OneNote SCRUM and Agile Methodology\n\nCLIENT: Mylan Pharma\nLocation: Canonsburg, PA\nDURTION: MARCH ‘2004 - MAY ‘2006\nROLE: BUSINESS ANALYST, SAMPLE MANAGEMENT\nPROJECT OBJECTIVE: The project involved various aspects for developing and updating Pharmaceutical samples management system. As a business analyst, I was responsible for gathering adequate requirements for the company to implement the system from various stakeholders. This helped the company to lower their cost on managing pharmaceutical samples.\nRESPONSIBILITIES:\nWorked closely with the Pharmaceutical sales team to gather requirements and understanding the process of allocation planning and management.\nDocumented BRD supporting documents containing the essential business elements, detailed definitions, and descriptions of the relationships between the actors to analyze and document business data requirements.\nActed as a scrum master and helped product owner prioritize the product backlog and helped team to deliver the product on time.\nOrganized daily defect SCRUM meeting in order to identify the defects encountered in the current release and worked with the development team for resolution.\nAnalyzed system requirements to Use Cases, Use Case Scenarios and Business rules.\nExtensively involved in coming up with test specifications for the application.\nGenerated weekly status reports and Adhoc reports to monitor the progress and identify critical points.\nAnalyzed and optimized the existing business processes using the conceptual modeling methods and documented the business process through DFD (Data Flow Diagram) narratives.\nWorked closely with ETL and BI teams during project implementation and actively suggest ways and means to share and optimize work.\nDesigned and developed Use Cases, Activity Diagrams, Sequence Diagrams, and OOD\nWorked with Quality Control Teams to develop Test Plan and Test Cases.\nInteraction with the developers to report and correct bugs.\nWorked with SQL queries for data manipulations.\nParticipated in the development and creation of the data warehouse.\nENVIRONMENT: Oracle, PL-SQL, IBM Cognos, Framework Manager, IBM Cognos, Business Intelligence Suite 10.2, Jira, Rally, IBM BPM, SQL Developer, MS Project, IBM Infosphere, Optim, Excel, Word, Outlook, Visio, XML, AS400, Windows 8/XP, Mainframe, IBM Data manger, ERWin. SCRUM and Agile Methodology\n\nZimmer Holdings Inc \t\t\t                                         \nSAP HCM Consultant\nWarsaw, USA\t\nDURTION: JANURARY ‘2003 - FEBRUARY ‘2004\t\t\t\t\t\t\t\t\t\nBlue Printing, Design, Configuration, Testing and training of the Time Management process of a full life cycle SAP HR implementation \nWorked on the union environment with complex rules and Special payments and FLSA rules\nWorked on the Interfaces from third party systems like Bann to SAP for getting information Service order numbers and interface to ADP from SAP  for Payroll\nConfigured various rule for Vacation quotas, Sick leave etc and also worked on the rules for prorating quota generation for the new hires \nWorked on CATS with various user exits for checking the number of worked hours from the cats for entering the absences, Worked with work orders and WBS elements \nWorked on enhancement with the cats for checking the Attendance and absence for minimum incremental check like 2 hours,4 hours and 8 hours and also restricting the employees not to use the couple of Absence and Attendance codes in the Cats time sheets\nWorked on the special process call ETO which is specific to the client for checking the employee clock in and Clock outs \nWorked on Enhancement for sending email notifications for couple absences if crosses the limit like funeral leave should not be taken more than 16 days a year.\n\nL3 Wescam \t\t\t\t\t\t\t\t\nSAP HCM Consultant\nHanover, NH\t\nDURTION: JULY ‘2001- DECEMBER ‘2002\t\t\t\t\t\t\t\t\t\t\nWorked as a integration lead with the various other teams in communicating and helping the client to design the system\nWorked on various enhancements like enabling the attachment functionality on the cats time sheets and adding the user defined fields etc\nWorked on the complex payroll interfaces to third party payroll like Ceridian, Bline etc\nWorked on the complex integration aspects of cats time sheets with the PS, cProjects and xRPM\nConducted the design workshops and the requirement gathering sessions with  various client personals\nEfficiently worked on the HR mini master concepts\nWorked on IDOCs and interfaces to bring the data from HRe system to the SAP FT system to bring the master data and the absence data\nWorked on the complex architecture environment an with the various integration issues\nWorked on the federated portal strategy to enable the user to enter the time on the time sheet\nWorked with Technical folks assisting them in writing the technical design specifications\n\nCameron \t\t\t\t\t\t\t                 \nFunctional Consultant\nHouston, TX\t\nDURTION: MARCH ‘2000 - MAY ‘2001\n\t\t\t\t\t\t\t\t\t\nWorked on  the Configuration of ESS/MSS from the Time management Perspective\nResponsible for understanding the functional specifications  and do the knowledge transfer session.\nResponsible for reviewing the developer Technical Design Document to ensure all requirements have been met\nWorked as a liaison between the client and the Technical team \nWorked on the Adhoc queries and custom reports to satisfy the client needs\nCreating the Approval View for MSS and configured the links on the portal\nGave leadership and design direction for time interfaces, time quota configuration, time reporting and project milestones to project management \nWorked on the data conversion from various legacy systems to SAP by using LSMW and by using the program HRBP/ZRDTT00\nWorked on Creation of Variants for various reports by using table TVARVC\n\n\n\n\n\n",
    "extracted_skills": [
        "agile",
        "collaboration",
        "communication",
        "data analysis",
        "go",
        "java",
        "javascript",
        "jira",
        "leadership",
        "mentoring",
        "mysql",
        "oracle",
        "power bi",
        "project management",
        "scrum",
        "sql",
        "tableau"
    ]
}