{
    "id": "resume_9f65e317-4416-4a6e-b63c-803be126b61b",
    "metadata": {
        "filename": "Tarun.docx",
        "processed_date": "2025-09-24T08:45:56.917998+00:00"
    },
    "raw_text": "\n\nTarun Nalluri\nSr. Java/Python Developer\nPhone: (802) 768-1105                                             E mail:  nalluri.t01@gmail.com\n\n\nProfessional Summary:\n\n10+ years of IT experience that include deployment of java/j2eeapplications, tune up, performance optimization, troubleshoot, make decisions, data process, code review and documentation.\nExperience in client/server and distributed (multi-tier)Oracle Web Commerce, ATG BCC, CSC, ATG Endeca, Jboss, Weblogic & WebSphere applications,  their development, maintenance and administration in different UNIX, Linux and Windows platforms\nHaving Domain Experience in  Finance, Accounting, Banking Telecom, Health Care, Airlines and E-Commerce.\nInvolve in designing, developing, Installing and Configuring, Administering and Tuning and Troubleshooting Java/J2EE applications such as JBoss, IBM WebSphere (Application, Portal, Process, MQ) Tivoli, ND clusters 7.x/6.1/5.X,Weblogic, Web servers (HTTP Servers, web services, Tomcat Apache) all on cluster (vertical & horizontal). With Functional expertise on Web Application & Desktop Application, CRM Applications.\nExperience on Oracle-Endeca Experience Manager, Operational and Search tuning, creating and maintaining Endeca page templates and cartridges. Also familiar with DevOps concepts.\nSound experience comprising of Software Configuration Management (SCM) & Development. Extensive experience includes SCM, Build/Release Management, Change/Incident Management, VMware and AWS Cloud computing\nWorked on creating page layouts using Commerce Composer. .\nCloud based deployment experience on Amazon EC2 and their other offerings like S3 and AWS\nExperienced in installing, configuring, and administrating Hadoop cluster of major Hadoop distributions, 2.5+ Fyears of experience with Hadoop, HDFS, Map Reduce and Hadoop Ecosystem (Pig & Hive).\nExperienced at Software Development Life Cycles and Agile Programming Methodologies.\nGood knowledge on Hudson and Jenkins for continuous integration and for End to End automation for all build and deployments.\nExtensively worked on setting up enterprise monitoring tools like Zabbix, AppDynamics,  Graphite\nExpert in deploying the code through web application servers like Web Sphere/Web Logic/ Apache Tomcat/JBOSS.\nHands on experience in installing, configuring and using ecosystem components like Hadoop MapReduce, HDFS, Sqoop, Pig, Hive and pig commands. Strong   understanding of Zoo Keeper, Cassandra & Flume to the existing Hadoop cluster on linux and HD Insight on windows\nExposure to OOA&D methodologies like waterfall model. Knowledgeable in creating various project artefacts like use-case documents, class diagrams, design document, architecture document, etc.\nExperienced in Object Oriented Analysis and Object Oriented Design using Unified Modelling Language (UML) and in Design Methodologies like MVC, DAO, OOP, and OOD\nGood skills in Java Multithreading,  Exception Handling, J2EE, JSP, Servlets, JDBC, EJB, PHP,Custom Tag Libraries, Java Script, AJAX, CSS, HTML5, Struts, Spring, Hibernate, Enterprise Java Beans, JDBC, RMI, ESB,JNDI, XML XSD, XSLT, (DOM, SAX), SOAP, WSDL, JSON, JQuery, Java Script, CSS and HTML, , LDAP,Web Services related technologies using AXIS.\nProficiency in back-end procedure development, for RDBMS, Database Applications using Oracle, DB2, SQL and PL/SQL, SQL Server.Hands on experience on writing Queries, Stored procedures, Functions and Triggers by using PL/SQL.\nStrong understanding and experience in automation and configuration management tools(Rundeck,chef, Puppet)andContinuous Integration/Delivery solutions (Jenkins,Hudson)\nExperience in version control system tools (Git, SVN, Clearcase).\nExtensively worked with Infrastructure as a Service (IaaS) environments using tool Chef.\nManaged environments DEV, QA, UAT and PROD for various releases and designed instance strategies. \nWell Adverse with the principles and best practices of Software Configuration Management (SCM) processes, which include compiling, packaging, deploying and Application configurations. \nHands-on Experience of the J2EE Framework and its components as related to Java build, test, deployment and release management initiatives..\nExposure to Module development, Requirement Analysis, Functional Specification Documentation and interaction - onsite coordination with client.\nMonitoring and maintaining multiple Applications in different Environments. Extensive Experience in installation/migration/deployment of Enterprise Applications using dynmo admin, Endeca-workbench, BCC, WAS Admin Console, on a  highly available, load balanced production environments.\nStrong analytical and problem solving skills, ability to quickly adapt to new environments, learn new technologies and meet deadlines.\n\nTechnical Skills:\n\n\n\n\n\nProfessional Experience\n\n\n\n\n\n\n\n\n",
    "extracted_skills": [
        "agile",
        "aws",
        "cassandra",
        "css",
        "ec2",
        "git",
        "hadoop",
        "html",
        "java",
        "jenkins",
        "oracle",
        "php",
        "problem solving",
        "python",
        "s3",
        "sql"
    ]
}