{
    "id": "resume_729b7426-8511-4bb9-900a-10990ee689be",
    "metadata": {
        "filename": "Utthan Silawal12.docx",
        "processed_date": "2025-09-24T08:45:57.578332+00:00"
    },
    "raw_text": "Utthan Silawal \nusilawal123@gmail.com\n(707) 653-6269\nUS Citizen\n       \t\t\t\nOver 9 years of extensive experience in Business Analysis, Software Validation and business process re-engineering, with proven ability to articulate business values. .\nFunctional experience with concentration on Use Case modeling using UML, Business Process Modeling, Data Modeling, Change Management, Technical Training, Software Development methodologies, QA testing, and Systems Testing of client server and web-based systems. \nStrong project management skills including planning, scheduling, monitoring and budgeting with experience in requirement gathering, gap analysis, risk analysis, effort estimation etc.\nStrong Business Analysis Skills including In depth knowledge of Software Development Life Cycle (SDLC), having thorough understanding of various phases like Requirements, Analysis/Design, Development and Testing and Practical knowledge of Rational Unified Process (RUP).\nExtensive Knowledge of Systems Management, Design and Data Modeling.\nHard-core experience involving Business Process Re-Engineering, Software Re-Engineering using RUP methodology and ERP Systems Implementation and Continuous Improvement techniques.\nProven expertise in creating test plans, UML diagrams, flowcharts, screen mockups and systems requirements specifications. \nExcellent business writing skills in writing Preliminary Investigation Report, System Requirements document, Systems Design Specification and System Requirement Change Request.\nExcellent Training skills, facilitation, power point presentations, maintaining performance metrics, devising training documentation & communicating to users.\nStrong understanding of information technology capabilities and dependencies, including platforms, content management, e-document strategies and process mapping.\nDemonstrated high capacity to learn new technologies rapidly with no formal training.\nProficient at creating and transforming business requirements into software requirement specification (SRS) using Rational RequisitePro and designing business models using UML diagrams such as use case model, Class Diagrams, Activity Diagrams, Sequence Diagrams and Collaboration Diagrams in Rational Rose and MS Visio. \nUnderstanding of BEA WebLogic Portal to simplify the production and management of custom-fit portals, allowing a shared services environment to roll out changes with minimal complexity and effort.\nExperience in conducting Joint Application Development (JAD) sessions with end-users, expert team, development and QA team for project meetings, walkthroughs and customer interviews.\nExpert in Root Cause Analysis, Feasibility studies and Risk Assessment studies.\n\nProfessional Experience:\n\nBarneys - New York, NY\t\t\t\t\t\t                                                         Feb ’16 – Present\nSr. Business Analyst\nThe project was to enhance robust e-commerce platform under ATG Ecommerce which involved the enhancements to content management, payment gateway and checkout process to the digital experience across websites, mobile and tablet. The project also involved testing of the core website functionalities on Mobile platforms like Windows, Android and IOS. And the goal of the project was also to implement Omni-channel support that aimed to provide an end-to-end e-commerce solution to support real time order generation, payment information and package tracking information to customers. I was involved and customer retention analysis. The project followed agile scrum methodology. \nResponsibilities: \nActively involved in various e-commerce initiatives, including custom application development and front end features on the e-commerce platform. The upgrades were done to the legacy platform and new features development for existing retail clients \nAnalyzed and discovered phases by identifying the key stakeholders and engaging with the internal and external Subject Matter Experts (SMEs) \nCollaborated with clients and internal team to validate business requirements and performed Requirement Plan sign offs \nConducted JAD sessions with Business, Operations and IT to identify, analyzed and validated business requirements in form of user stories to produce, amended and/or reviewed business and functional specifications for any new or existing technology applications. \nPrepared Business Requirements Document (BRD) and Functional Specification Document. \nConvert business requirements to functional design using IBM Rational RequisitePro, by leveraging Agile SDLC methodology. \nWrote Use Case requirements BRD for conversion of data from existing legacy systems to new client-centric system \nExperienced in SDLC Agile-Scrum, Kanban and Waterfall methodologies in both On/Off shore models. \nPerformed as Scrum Master facilitating time boxed Agile Scrum Ceremonies: Daily Scrum Call, Sprint Planning, Sprint Review, Sprint Retrospective and Scrum Events: Backlog Grooming, Story-Point Estimation. Managed Scrum Artifacts: Product Backlog, Sprint Backlog, Iterative Product Increment and Burn-down Chart. \nSupported comprehensive BRD and functional documentation for an Industry Change Initiative \nResponsible for Requirements gathering, Scope Analysis, designing and reviewing BRD Conducted sessions for understanding business expectations and gathering requirements from various SMEs. \nExcellent at managing and working with graphic designer in the creation of effective marketing collateral for visual appeal, grammar, and call to action.\nIdentified and communicated dependencies and potential risks to the completion of the sprints including resources, costs and systems. \nAggregated and analyzed reports, as well as data from multiple sources to support and enhancing Omni-channel initiatives. Prepared data information for projects, team meeting, Power-Point presentations and ad hoc requests. \nTracked and ensured visibility of historical team metrics and progress of the iteration and release. \nConstantly worked with the project leaders to ensure the team is producing solutions that meet established standards, procedures and practices, address issues, risks and mitigation plans. \nMonitored, analyzed and reported performance of website utilizing site analytic tools as Google Analytic and Omniture. \nMaintained the product catalogs, search and navigation, search engine optimization (SEO), Business Intelligence (BI) and personalization, etc. \nInvolved in documentation creation such as functional and non-functional requirement specifications, questionnaires, product launch kits, quick-start and training, and user manual. \nAuthored design documentations, Requirement Traceability Matrices (RTM), functional specs and complex process and work flow diagrams. \nEmployed UML in behavioral, structural and architectural modeling - in creating Use Case, Activity, Class and Sequence diagrams. \nIncorporated User Stories in different release plans for the sprints in Scrum process.\nPrepared test data from user stories, write and execute test cases in JIRA.\nGenerated transactional reports by using SQL server then further used those reports for process gap analysis which lead to the re-engineering of the existing transactions involved between Order routing and Payment Hub. \nWrote the SQL queries in SQL Developer and managed the database and assisted in making Data warehouse and doing Data profiling. \nTested GUI and functionality on Windows, Android and iOS platforms using VMWare and report numerous software defects in that area \nPerformed knowledge transfer to technical/development and QA team by developing use cases and user stories to explain business requirements to IT and identified, documented and provided relevant test scenarios, quality test cases and provided accurate test data \n\n\n\nGifferent and Brompton Ltd - Houston, TX\t\t\t\t                                                                 Jan 14 - Jan 16\nSr. Business Analyst\nGifferent and Brompton Ltd is an engineering firm which provides professional, scientific and Technical services for sourced oil and gas and engineering firms. Gifferent and Brompton Ltd designs and manufactures pumps and ancillary equipment for the global upstream and downstream oil and gas markets and provides aftermarket service and support activities.\nSenior Business Analyst \nConduct JAD (Joint Application Design) session with business users, Development team and other stakeholders to generate convincing business process recommendations. \nCreated Business and functional Requirement specification Documents. \nUse Scrum user stories and use case technique to document AS IS and TO BE process flows. \nFunction as a member of an Agile team on delivering business value \nResponsible for Loading Requirements and test cases into HP ALM and mapping of requirements to test cases with traceability. \nReview change requests, Participate in client discussions. Prioritize change requests and implementation impact analysis. \nParticipate in daily scrum meetings to provide real time parameter tracking for logistics and marketing departments, resulting in significant.\nAs Scrum Master involved with making appropriate commitments through story selection, sizing and tasking. \nLed scrum meetings as a scrum master to share opinions and track sprint tasks by analyzing Burn-Down charts\nPerformed review sessions and gathered BRD and SRS sign offs from Business, technology and other related work streams. \nCreated the BRD for risk charge calculation methodology for securitized products as defined in Revised Securitization Framework\nPreparing BRD (Business Requirement Document), Mapping specification document, Technical specification document \nCoordinated with the Graphic Designer to develop the User Interface screen-Coordination with the stake holder for getting sign offs on the user stories, wire frames and Mock ups-Brainstorming the requirement with the internal stake holders-Organizing and leading the knowledge sharing session with the development, testing teams to spread the requirement\nDevelop technical solutions to improve scalability, performance and value-add by automating end user computing area \nPerform Gap Analysis to check the compatibility of the existing system infrastructure with the new business requirements.  \nPlan and define system requirements to Wire Frames with Use Case, Use Case Scenario and Use Case Narrative using the UML (Unified Modeling Language) methodologies.  \nCreate Use Case Diagrams, Activity Diagrams, Sequence Diagrams and ER Diagrams in MS Visio.  \nAssist in the development, design and implementation of new relational or multi-dimensional databases, including the analysis of user needs.  \nCreate and manage project templates, Use Case project templates, requirement types and traceability relationships in Confluence.  \nInvolved in Performance Measurement to develop measurable indicators that can be systematically tracked to assess progress made in achieving predetermined goals.  \nCreate training manuals for the end users and co-ordinate the \"Train the Trainers\" program.  \nParticipate in a daily call with project manager and other testers on issues during testing. \nWork actively with TSO (Test support office) teams for monitoring the test phases and activities and report them to PMO and Exec leadership  \nInterface with developers to identify and resolve technical issues and bugs in the software to validate end-user requirements; Assist QA team with Manual testing \nWork with the testing team (TCOE) and create test cases for bill redesign. \nWork with the business and vendor to create test cases for Energy trading and risk management. \nRecognize team effort and reward the team to keep motivated and deliver high performance. \nWork on execution of test cases in FUT/SIT/UAT in ALM. \nCreated test plan/strategy/summary report documents.\n\nChanel USA - New York, NY\t\t\t\t\t                                                             Oct ’11 – Dec 13\nEcommerce Business Analyst\nThe goal of the project was to make enhancement to existing E-commerce platform under ATG-Ecommerce. The project involved implementing changes to existing online payment system such as PayPal payments, Authorize.net, shopping cart, catalogue management and search function. The project followed Agile Scrum. \nResponsibilities: \nWorked with client to agree and document detailed design and acceptance criteria for both functional and non-functional requirements and for project deliverables. \nInterviewed Subject Matter Experts and sampler users to record requirements that can be understood by management team and other stakeholders. \nWrote Business Requirement Specifications and integrate them into System Requirement Specification.\nCooperated with Design team in order to develop professional template and catalog for website. \nParticipating in implementing various online payment system gateways (PayPal, Authorize.net). \nIntegrated data from one database to another from different web applications. \nWorked with scrum team members to prioritized user stories from product backlog and assisted in generating sprint backlog by using Rally. \nConverted the business expectations (scope) into User Story document (BRD) covering all the requirements\nCreated Feature list based on the requirements document-Elicitation of the feature and the requirements with the stake holders-Writing User Stories-Creation of Wireframe\nDocumented business needs and created detailed Use Cases by using UML, and worked with production team to identify and map detailed existing processes.\nWorked with the Product Owner and SCRUM Master to implement the project in Agile SCRUM methodology.\nLead developer on project to integrate previous legacy software solutions to use .NET architecture (C#, MS-SQL, VB.NET, ASP.NET).\nFacilitated Scrum planning meetings to coordinate between Clients, Product Owner, Dev. and QA teams.  \nIdentified, assessed and solved complex business solutions for area responsibility, where analysis of situations or data requires an in depth evaluation of variable factors.\nResponsible for gathering high level objectives and business requirements into functional, non-functional and systems requirements and documenting business and functional requirements. \nActing as a liaison between the technical, business, testing groups to provide them with required specifications and to resolve any issues in between. \nCollaborated with data analyst team to design model and create data mapping documents and participated in data analysis and created reports with business objects.\nPrepared Use Cases, Business Flows, Process maps and Work Flows Diagrams for effective plans. \nConducted group discussions and meetings to implement concepts into the system. \nDeveloped project templates, traceability relationships, user stories, Sequence Diagrams, Activity Diagrams, and Class Diagrams. \nGenerated transactional reports by using SQL server then further used those reports for process gap analysis which lead to the re-engineering of the existing transactions involved between Order routing and Payment Hub. \nWrote the SQL queries in SQL Developer and managed the database and assisted in making Data warehouse and doing Data profiling.\nTracking project issues/stories in JIRA.\nInvolved in creating a detailed Test Plans, Test Cases and Test Scripts for different modules in the application according to the Business Requirement Documentation. \nConducted meetings with the Project Manager and Business stakeholders to review the products. \nManaged complete redesign and launch of the web portal for rebranding the company.\n\nMidfirst Bank, Oklahoma City, OK\t\t                             \t                                                                           Nov ‘09 – Sept ‘11\nBusiness Analyst. \nMIDFIRST is a financial service company offering a variety of banking products and financial solutions like personal banking, small business, retail banking, home financing and equity loans, asset management, wealth management, corporate and investment banking and credit card services to its customers. It is an online banking application that enables customers to access their checking and savings accounts, and credit card account using the Internet. The application produces e-statements and lets Customers go “paperless”.\nResponsibilities:\nConducted user interviews, gathered requirements, analyzed, and documented Business requirements based on the analysis of the workflow model.\nWork with trading desk daily in order to streamline pricing processes for all collateral \nConducted workflow, process diagram and gap analyses to derive requirements for existing systems enhancements.\nConducted interviews with end-users to collect requirement and business process information.\nDeveloped business process models in RUP to document existing and future business processes.\nDesigned and developed project document templates based on SDLC methodology.\nDeveloped business requirement specification documents as well as high-level project plan. \nData mapping, logical data modeling, created class diagrams and ER diagrams and used SQL queries to filter data within the db2 database.\nConverted various SQL statements into stored procedures thereby reducing the Number of database accesses.\nDesigned and developed Use Cases, Activity Diagrams, Sequence Diagrams, and OOD using UML.\nRelieved pressure off the PM by maintaining artifacts and portions of the project binder. \nAssisted the Project Manager to develop both high-level and detailed application architecture to meet user requests and business needs.\nWorked with the business users to define business requirements and analyze the possible technical solutions.\nMaintained configuration and change management using BMC Remedy Atrium\nAssisted with user testing of systems, developing and maintaining quality procedures, and ensuring that appropriate documentation is in place.\nFunctioned as the primary liaison between the business line, operations, and the technical areas throughout the project life cycle.  \nPerformed task decomposition, delegated tasks and monitored project milestones using MS Project.\n\n",
    "extracted_skills": [
        "agile",
        "asp.net",
        "collaboration",
        "confluence",
        "data analysis",
        "go",
        "jira",
        "leadership",
        "project management",
        "scrum",
        "sql"
    ]
}