{
    "id": "resume_c98a9e76-38c1-48d1-998f-f02340e41b05",
    "metadata": {
        "filename": "Vishnu J.docx",
        "processed_date": "2025-09-24T08:46:00.001724+00:00"
    },
    "raw_text": "VISHNU J\nEmail to jammigumpulavishnu452@gmail.com \nContact: +1 (475) 655-4689\nSenior Java Developer\n\nSummary:\n\nEight Years of professional IT experience as a Programmer Analyst and Software Engineer with full project lifecycle development in J2EE technologies. Played important roles in Requirements analysis, Design, Development, Testing and Deployment of software applications.\nProject implementation skills using both core and advanced Java technologies such as Vitria BW, Servlets, JSP, EJB, JNDI, JDBC, XML, JUnit, Web Services and Hibernate with various middleware technologies.\nWorked on projects for Insurance, Healthcare, Warehousing and Banking business lines.\nExtensive knowledge and implementation skills in frameworks (e.g.: Struts, spring, independent frameworks and Tiles.\nExtensive experience with server-side programming and technologies such as J2EE, Servlets, Java Beans, JDBC, JNDI and Enterprise Java Beans (EJB).\nExtensive experience in Design Patterns and their application in enterprise software design and application architecture.\nExcellent experience with Application servers and Web servers and a wide variety of development tools ( WebSphere Application Server 5.1x/4.0/3.5, WSAD 5.1x/4.0, Eclipse, RAD 7.0, RAD 6.1, Tomcat 5, 6).\nExpertise in using scripts like jQuery, JavaScript, AJAX, Dojo.\nSuperior analytical skills in Object Oriented Application Development using UML- Rational Rose.\nExpertise in developing database applications using Oracle, DB2.\nExperience with unit testing using JUnits and writing build scripts for ANT.\nHave hands on experience on Adobe Flex, and iBatis.\nHave good knowledge in developing Multi-Tier Web applications using VB.NET, ASP.NET, ASP, Visual Basic 6.0, VBScript, JavaScript, Internet Information service (IIS) (Developed non-commercial websites using ASP.net).\nHave good working knowledge of Adobe Lifecycle data services (LCDS)/ blaze DS.\nHave good working knowledge of JSF.\n\nEducation:\nBachelor’s in Engineering, JNTUK University, India\n\n\nTechnical Skills:\n\n\n\nProfessional Experience:\n\nEquifax, St.Louis, Missouri\t                                                                                   Apr 2016 - Present\nSenior Java Developer  \n\nGutenberg \nThis is the data modernization project, the objective of which is to simplify the file loading experience for employers by taking the different files and mapping them to the common data architecture format. Loading the common data architecture files into the non-purposed repository and using the services to deliver verifications.\n\nResponsibilities:\nInvolved in various phases of Software Development Life Cycle (SDLC) of the application like Requirement gathering, Design, Analysis and Code development.\nWorked on Agile and Pair programming with respect to the successful development of sprints by tracking stories in JIRA and updating JIRA on day to day basis.\nResponsible for designing dynamic and multi-browser compatible pages using HTML5, CSS3, JavaScript, jQuery, AngularJS, DOJO, JSON, AJAX to the requirement of the client. \nWorked on the MVC architecture of Angular JS in developing the Single Page Application (SPA), build the controllers and directives which are totally customized to meet the needs of the application.\nUsed Spring Web MVC framework for the applying MVC Implementation to the web application.\nImplemented the Dependency Injection concept using the Spring IOC container.\nImplemented large scale pub-sub message queues using Apache Kafka.\nWorked on NoSQL database schema to help migrating legacy application's datastore to Cassandra.\nUsed the JSP framework to design the presentation layer and to implement server side dynamic pages\nDesigned and developed Service Oriented Architecture (SOA) using RESTful (JAX-RS) service interface\nDesigned Splunk dash boards for metrics analysis.\nUsed Hibernate 4.0 with JPA framework and developed the DAOs to access/connect to the database layer.\nWorked with Oracle11g and used SQL Developer to query, monitor and update the Oracle database.\nExtensively used Intellij IDEA as Application Development Environment for developing the custom applications using the J2EE Frameworks such as Spring 3.0, Servlets, JSP, EJB, JDBC, and JNDI.\nUsed JUnit with Mockito testing Framework to test the Applications.\nExtensively used selenium and cucumber frameworks to automate and implement behavior model testing.\nUsed GIT for version control and code management.\nUsed Jenkins for continuous integration and Maven for build process.\nUsed Sonarqube to check the code quality continuously.\nUsed Apache Tomcat to deploy the applications.\nCoordinated with QA team on daily basis using JIRA for issue tracking and bug fixing and Project status tracking.\n\nEnvironment: JDK 1.8, J2EE, Spring 3.0, Hibernate 4.x, HTML 5, CSS, XHTML, JQuery, JavaScript, AJAX, DOJO, XML, Oracle, SQL, PL/SQL, JMS, Intellij IDEA, GIT, Service now, JUnit, Tomcat 6.x, Cassandra, Apache Kafka, Splunk, PL/SQL developer.\n\n\nHorizon, West Trendon, NJ                                                              \t\t    Feb 2015 - Apr 2016\nJ2EE/Vitria Developer\n\nE-HRO (Human Resources Organization system) \nCardinal Health is a leader in the health care market. Vitria receives the HR data from the PeopleSoft system, makes required transformations to the data and generates the files for different participating vendors based on a scheduling calendar. A separate web application is used to authenticate, publish and keep track of the files. \n\nResponsibilities:\nDesigned and developed a web based Spring MVC framework application to publish, display detailed track of the files and Clients.\nWrote controller classes for all the screens. Wrote JUnits for testing the classes.\nInstalled Weblogic Server and configured the JDBC Connection pool.\nWritten Ajax, JavaScript, JSON objects for the web pages. \nRedesigned and Implemented Tiles and Layouts for the legacy project.\nCreated XML and XSL documents. Parsed the XML documents using Apache Xerces parser\nWritten the Transformation code in Java based on the Java reflection technology.\nResponsible for code promotion and deployment during test cycles and production. \nReworked on Web services & SQL stored procedures to improve performance. \nDeveloped common utility functions in Java for file processing and data manipulation.\nInvolved in the creation of new connection models such as file to channel, channel to database, and channel to file. \nWrote and implemented custom tags for presentation logic.\nDeveloped Unit test cases using JUnit framework.\n\nEnvironment: UNIX, Vitria Businessware 4.3, Spring 2.5, Weblogic 7.0, java 1.4, java 1.5, Junit 4.3.1, Maven 1.1, CSS, JSPs, JavaScript, jQuery, Eclipse 3.3, XML, XSLT, Ajax.\n\n\nSocial Interest Solutions, Sacramento, CA\t\t                                            Dec 2013 - Feb 2015\t                                          \nSr. J2EE Developer\n\nProduct Control Management Repository (PCMR) \nThe goal of the project is to provide a “LOOKUP” from EDAM (server for marketing and merchandising department in Etrons) Check-in Screens into the PCMR to retrieve product related metadata fields, provide as “UPDATE” service call from EDAM that will collect all product attribute Changes (updates and deletes) from the PCMR and mass update metadata in EDAM for all affected assets. \n\nResponsibilities:\nExtensively involved in business users requirements gathering and technical walk-throw\nUsed Eclipse IDE for coding, debugging and testing the application modules\nUsed different user interface technologies  JSP, HTML,CSS, JavaScript, JQuery, Angular JS and JSON for developing the GUI of the application\nImplemented JQuery AJAX calls to retrieve the data from the data base\nImplemented and worked on claims processing, fraud analysis and reports generations in the application\nDeveloped  Action classes, Form bean classes and Struts configuration file using Struts framework\nImplemented the application modules using Spring Core layer(IOC), Spring Security, Spring AOP, Spring ORM, Spring Batch in order to develop the application\nImplemented Spring Services and business operations Dependency Injection \nUsed Object/Relational mapping tool Hibernate to perform data base activities and transactions\nImplemented Hibernate POJO Classes ,Hibernate Configuration file and Hibernate Mapping files\nInvolved in the configuration of Struts Framework, Spring Framework and Hibernate mapping tool\nUsed different design patterns like MVC, Singleton, Data Access Object, Value Object etc.\nUsed Java Messaging Services(MQ Series and JMS) for developing messaging services to interact with different application modules \nImplemented SOA using Web Services and its frameworks Apache Axis, SOAP, WSDL and JAX-RS API\nImplemented Restful web services to perform some business activities\nImplemented Business Process Diagrams, Business Flow Diagrams and Business Rules using IBM BPM\nInvolved in configuring hibernate to access database and retrieve data from the database\nUsed Teradata/Oracle Server as data base systems\nCreated data base tables, stored procedures according to the application requirements\nDeveloped stored procedures and triggers with PL/SQL\nImplemented SQL injection security checks, html sanitization and other security mechanisms\nImplemented the application using Agile development methodology\nInvolved in performance tuning, query optimization, maintaining coding standards and resolving JVM issues\nDeveloped Maven and ANT Scripts to do compilation, packaging and deployment in Web Sphere app server\nInvolved in peer to peer code reviews and cross checked whether coding standards are being followed\nInvolved in code versioning, Check In, Check outs and code merging using Sub-Version\nUsed JIRA tool for creating change tickets and handling production bugs and development tasks\nInvolved in production support, resolving the production issues and maintaining the application server\nConfigured JNDI resources, Data Base resources, MQ Series and other configurations on the Application Server\n\nEnvironment: Java 1.7, J2ee, JSP, Servlets, Struts, Spring,  Hibernate, Web Services, SOAP, WSDL, REST, Apache Axis, IBM Lombardi, SQL, PL/SQL, XML, XSD, JAXB, JavaScript, Web Sphere 8.x, RAD, HTML5, XML, AJAX, JQuery, Angular JS, JSON , Maven, SVN, SQL Developer, Teradata, Oracle, UML, JUnit, Log4j, TestNG, JIRA, Hudson\n\n\nGeneral Electric, Albany, NY\t\t\t \t                                           Nov 2011 - Dec 2013   \nSenior Java Developer  \n\nRightFax \nIt is a mechanism for allowing faxes to be sent, received and manipulated on your desktop. In order to do this incoming analogue faxes are converted to a digital medium by the RightFax server before being passed on to the end user. In the same manner outgoing faxes are converted from a digital medium to an analogue format that can be interpreted by fax machines. This means that the end user no longer requires a fax machine to send or receive faxes.\n\nResponsibilities:\nWorked on Agile Methodologies by creating and working on new stories in JIRA and updating JIRA on day to day basis.\nExperienced in developing Software components using agile development practices.\nPerformed the research and development tasks to design and develop new software components.\nExperienced in using J2EE Web Framework Spring 3.0 (Data Access Objects and Spring Web Flow).\nInvolved in developing the persistence logic and mapping files in JPA ORM.\nExtensively used Eclipse as an Application Development Environment for developing the custom applications using the J2EE Technologies.\nExtensively created Session and Message Driven Beans in EJB.\nExtensively worked on developing the custom web based applications using HTML 5, CSS, JQuery, JSON, AJAX, DOJO, Angular JS and XML.\nResponsible for writing SQL queries and PL/SQL packages in generating Data Access Objects (DAO).\nExperienced in writing Unit Test Cases using Frameworks like JUnit.\nDesigned and developed the screens using JSP with client side validations using JavaScript.\nExperienced in Designing and Consuming RESTful (JAX-RS) based Web Services.\nExperienced in Using SOAP UI to test the Web Services.\nUsed Jenkins for continuous integration and Maven for build process and SVN as version control.\nUsed Apache Tomcat Server to deploy the applications.\n\nEnvironment:\tJDK 1.6, J2EE, Spring 3.0 , JPA, HTML 5, CSS, JavaScript, DOJO, Angular JS, XML, Oracle, SQL, PL/SQL, Eclipse, UML 2.3, Jenkins, subversion (SVN), HPLAM, SoapUI, JUnit and Tomcat 6.0.41.\n\n\nTriveni IT, Rutherford, NJ                              \t   \t                                            Oct 2010 - Nov 2011   \nJava Programmer\n\nMoney Send \nIt enables consumers to move funds quickly and safely-to friends and family or to their own accounts and receive disbursements from businesses and governments, leveraging the trusted and reliable Network. Transfer of funds from one account to another account owned by the same consumer. This includes cash in at a mobile money agent which complements the Money Send Agent Cash Out program from Sender. A Sender may be a consumer, business, government, or non-government organization while the Recipient is a consumer. An Originating Institution (OI) acts on behalf of the Sender to send funds to a Recipient holding an account at a Receiving Institution (RI). \n\nResponsibilities:\nWorked on Agile and Pair programming with respect to the successful development of sprints by tracking stories in JIRA and updating JIRA on day to day basis.\nInvolved in Object Oriented Analysis Design and Modeling using UML.\nInvolved in design and development of the custom web based applications using Servlets and JSP.\nUsed JavaScript for error handling, Input validation and Event Handling.\nExtensively used Intellij IDEA as Application Development Environment for developing the custom applications using the J2EE Frameworks such as Spring 3.0, Servlets, JSP, EJB, JDBC, and JNDI.\nUsed the JSP framework to design the presentation layer.\nDesigned and developed the web based applications using AJAX, HTML 5, DOJO, JQuery, XML, Rich Faces and JSP.\nDesigned and developed Service Oriented Architecture (SOA) using RESTful (JAX-RS) service interface with Spring MVC to the underlying customer event API.\nUsed Rest Client and Soap UI Tool for testing the custom Web Services.\nResponsible for defining Hibernate Mappings, SQL queries and PL/SQL packages in generating Data Access Objects.\nConfigured and Used JMS to send messages from one application to other application internally.\nExtensively created Session and Message Driven Beans in EJB.\nUsed Hibernate 3.0 with JPA and EJB framework and developed the DAOs to access/connect to the database layer.\nDesigned and developed the screens in HTML, JSP with client side validations using JavaScript.\nUsed Bamboo for continuous integration and Maven for build process and SVN as version control.\nWrote the SQL queries and stored procedures in Oracle 10g database environment.\nUsed JUnit with Mockito testing Framework to test the Applications.\nDesigned and developed technical documentation to Production support team to handle various activities in project plan.\nParticipated in meetings to monitor data quality and integrity in data purge and retention cycles. \nPerformed Code Reviews using Crucible Fish Eye with tech lead for each sprint to meet flawless code deliverable.\nUpdated Technical Design Document to reflect the modifications that are made during development.\nUsed Jboss 6.3.0 to deploy the applications.\n\nEnvironment: JDK 1.6, J2EE, Spring 3.0 , Hibernate 3.0, JPA, HTML 5, CSS, JavaScript,  XML, Oracle, SQL, PL/SQL, EJB, Intellij IDEA, UML 2.3, subversion (SVN), JIRA, JUnit, SOA, JMS, Restful services, Rest Client, Soapui, Mockito and JBoss 6.3.0.\n\n\t\nValue Labs, Hyderabad, India.                        \t\t\t                             June 2009 - Sep 2010\nJava Programmer\n\neHRMS\nThis State-of-Art HRMS software is an Enterprise-wide Human Resources Management Solution for effective implementation of any administration Decision, Planning, Organizing, Staffing and Directing in an HR Department. This State-of-art software can also be launched as an Application Service Provider. \n\nResponsibilities:\nResponsible for the systems study and customer requirement study.\nResponsible for the analysis and design of the project.\nInvolved in the use of Java script for creating Java Server Pages.\nDeveloped Front end Forms in swings using Forte Java.\nExtensively worked on Transact-SQL in SQL Server 2000 database wrote stored procedures, triggers and also involved in database design.\nInvolved in creation of Web Services methods for the web client.\nExtensively wrote Java classes in development of middle tier business logic.\nInvolved extensively using Web and HTML controls while developing the code.\n\nEnvironment: JDK 1.2, JavaScript, SQL Server 2000, Forte Java, JSP, Servlets & Windows. \n\n",
    "extracted_skills": [
        "agile",
        "angular",
        "asp.net",
        "cassandra",
        "css",
        "git",
        "html",
        "java",
        "javascript",
        "jenkins",
        "jira",
        "oracle",
        "sql"
    ]
}