{
    "id": "resume_47409cce-499e-410d-9b80-37b274be1e34",
    "metadata": {
        "filename": "Yugesh_Resume.docx",
        "processed_date": "2025-09-24T08:46:01.703709+00:00"
    },
    "raw_text": "Yugesh\n+1(515)-650-2459\nyugeshm4@gmail.com\n\nPROFESSIONAL SUMMARY\nAround 8 years of experience in Object Oriented Programming, design and development of Multi-Tier distributed, Enterprise application using Java & J2EE technologies.\nWell versed with complete Software Development Life Cycle (SDLC) using various methodologies like Agile Methodology (Scrum, XP) and Waterfall.\nExpertise in client-side design and validations using HTML5, CSS3, JavaScript, JQuery, Ajax, Angular JS, Bootstrap and Node JS.\nImplemented modules using Core Java APIs, Java collection, Java 1.8 Streams, multi-threading, and object-oriented design principles. \nExperience in Java 1.8 Lambda expressions, filters, functional interfaces and Streams API.\nDeveloped web-based enterprise applications using Core Java, J2EE, Servlets, JSP, JSF, JDBC, Hibernate, Web Services (SOAP and REST), MVC Framework (Struts, Spring MVC) and SQL.\n Handled operations and maintenance support for AWS cloud resources which includes launching, maintaining and troubleshooting EC2 instances, S3buckets, Auto Scaling, Dynamo DB, AWS IAM, Elastic Load Balancers (ELB) and Relational Database Services (RDS).\nExcellent in deploying the applications in AWS as EC2 instances and create snapshots for the data that must be stored in AWS S3.\nHaving experience with Cloud Computing environment like Amazon Web Services (AWS), Docker Containers.\nExperienced first-hand practices for integrating Micro services into existing system architecture.\nExperienced in implementing Micro services, Service Oriented Architecture (SOA) with XML based Web Services (SOAP/UDDI/WSDL) using Top Down and Bottom Up approach. \nProficient in implementing various Java design patterns like MVC, Session Facade, Data Access Object (DAO), Factory, Singleton, Data Transfer Object, and Front Controller.\nExperience in application development using J2EE technologies like EJB, JPA, JTA, JMS, JNDI, JAX-WS and JAX-RS.\nExperience using persistence framework like Hibernate, JPA for mapping java classes with Database and using HQL (Hibernate Query Language).\nExpert in Core Java with strong understanding of Garbage Collector, Collections, Multithreading, Event Handling, Exception Handling and Generics.\nStrong working experience in XML, XSD, XSL/XSLT and DTD, parsers like DOM and SAX using JAXP API\nExperience in creating RESTful web services using Jersey, Spring framework and JAX-RS.\nExperience in design and development of robust and highly scalable web service platforms and API’s based on REST and SOAP for e-commerce applications using AXIS, WSDL, UDDI, XML, JAX-WS, JAX-RS, JAXB, JAX-RPC technologies and Jersey frameworks.\nStrong skills in RDBMS implementation and development using Oracle, IBM DB2 Database Servers and hands on experience with SQL, PL/SQL.\nExperienced in implementation of JMS in order to exchange information over reliable channel in an asynchronous way by using Active MQ, Rabbit MQ as a message queue.\nGood experience writing application deployment scripts using Shell Scripting. Worked on UNIX, LINUX to move the project into production environment. \nStrong SOA and Web Services like REST and SOAP experience.\nExpertise in testing with Log4j, JUnit using tools like JMeter.\nDomain knowledge and business expertise in Banking, finance, E-Commerce, Insurance.\nSubversion SVN, CVS, GIT and Visual Source Safe as versioning software tools. \nHands on experience in building tools like ANT, Maven, Gradle.\nInvolved in issue tracking and agile project management using JIRA.\nExperience in developing applications on Windows, UNIX and Linux platforms.\nHighly experience with Java complaint IDE’s like STS, Eclipse, Intellij and RAD. \nExcellent analytical and critical thinking, creative problem solving, quick learning, interpersonal and client interfacing skills.\nGood communication, presentation and interpersonal abilities and a participating group member.\n\nTECHNICAL SKILLS\n\n\nPROFESSIONAL EXPERIENCE\nCharter Communications\t\t\t\t\t\t                                                Jan’17 – Till Date\nStamford, CT\nFull Stack Java/J2EE Developer\n\nDescription: Charter Communications is America’s fastest growing TV, internet and voice company. We’re committed to integrating the highest quality service with superior entertainment and communications products. Charter is at the intersection of technology and entertainment, facilitating essential communications that connect 24 million residential and business customers in 41 states. Our commitment to serving customers and exceeding their expectations is the bedrock of Charter’s business strategy and it’s the philosophy that guides our 90,000 employees.\n\nResponsibilities:\nInvolved in various phases of Software Development Life Cycle (SDLC) such as requirements gathering, modeling, analysis, design, development, and testing.\nDeveloped the view-controller components using JSPs, HTML5, CSS3, Ajax, JavaScript (jQuery).\nImplemented routing logic and navigation from screen to screen and implemented login functionality on the client side in AngularJS.\nUsed Java 1.8 features like stream and Lambda expressions.\nMaintained Interface compatibility and concurrency in the project using Java 1.8 new features like default, static methods and Concurrency API.\nImplemented the REST API's and data transformers using the Java connector which involves the Java 1.8 features Lambda and Streams in particular.\nHands-on experience in developing integration with Elastic search in any of the programming languages like Java and JavaScript. Having knowledge of advance reporting using Elastic search and NodeJS.\nImplemented core features of AngularJS framework such as dependency Injection, Data-binding, Filters, Directives, Templates, Services and Deep Linking Designing.\nDeveloped the monolithic application and involved in migrating existing monolithic application in to Micro Service Architecture based RESTful Service and deployments were done on AWS using Spring Cloud for AWS.\nDesigned and developed Micro Services business components using Spring.\nInvolved in the development of Micro Services for all the models using combination of Spring Boot and Spring Security.\nResponsible for creating an instance on Amazon EC2 (AWS) and deployed the application on it.\nDeveloped API’s to read and publish data from Elastic Search cluster using native Java Transport client as well as REST client. Worked on Spring Integration with the Elastic Search.\nUsed Spring MVC framework for implementing Model-View- Controller (MVC) architecture at the Web tier level to isolate each layer of the application so that complexity of integration will be reduced and maintenance will be very easy.\nUsed Spring AOP for solving crosscutting concerns like keeping logged data and transactions details etc.\nUsed Spring Batch for processing large amount of data like transaction management, job processing, resource management and logging.\nSecured the API's by implementing OAuth 2.0 token based authentication/authorization scheme using Spring Security.\nDesigned and developed third-party Payment services to Offer Users Convenient Payment Methods based on OAuth Protocol.\nUsed Hibernate ORM framework as persistence engine and wrote Hibernate Queries to automate the mapping between Oracle database and Objects in Java.\nInvolved in writing SQL and Stored Procedures for handling complex queries with help of TOAD and access them through Java Programs from Oracle Database.\nWorked with MongoDB to store non-relational data into collection and retrieve them whenever required.\nUsed WebLogic server to route our JMS queue messages to different business floors and configured routes in WebLogic and used JMS in e-mail notification.\nWorked on setting up Maven scripts to build, package, and deploy application code to the target WebLogic Application Servers and worked on continuous integration servers like Jenkins.\nHands on Coding to build REST Micro Services using Spring Cloud, Oracle, XSD, JSON, Spring Config, and Jenkins.\nWorked on developing RESTful endpoints to cache application specific data in in-memory data clusters like REDIS and exposed them with RESTful endpoints.\nFocused on Test Driven Development there by creating detailed JUnit tests for every single piece of functionality before writing the functionality.\nWorked on Log4J to validate functionalities and Mockito framework, JUnit for unit testing\nPerformed automation testing and authored test scripts using Selenium Web Driver, Selenium Grid and JUnit.\nWorked in Agile TDD environment using SDLC tools like GIT, Jira, Jenkins, and Maven for build packaging and deployments of the application components.\n\nEnvironment: Agile(SCRUM), HTML5, CSS3, JavaScript, JQuery, Ajax, Bootstrap, AngularJS, AWS, Micro Services, Hibernate, Spring, MongoDB, Spring Batch, Spring Boot, Spring Security, XML, GIT, JSP, Spring MVC, JDBC, Mockito, JUnit, Maven, IBM WebSphere, BackboneJS, Selenium, Restful, Log4J, SOA, Java Server Pages, JIRA, Spring Security, Jenkins and STS.\n\n\n\nDescription: UnitedHealth Group is the most diversified health care company in the United States and a leader worldwide in helping people live healthier lives. Optum is a Health Services platform, focuses to improve the health care system itself including population health management, care delivery and improving the clinical and operating elements of the system.\n\nResponsibilities:\nWorked on High level and low-level system design, planning, estimation and implementation. \nDeveloped presentation layer using JSP, HTML5, CSS3 and client validation using JavaScript, JSON. \nUsed two-way data binding features of AngularJS to implement Data binding to bind various server controls to the data from database. \nImplemented animation and styling using CSS3 and JQuery. \nWorked on High level and low-level system design, planning, estimation and implementation. \nDeveloped presentation layer using JSP, HTML5, CSS3 and client validation using JavaScript, DOM. \nUsed NodeJS for building web applications with client-server architecture, where both can initiate communication in two-way connections and allow them to exchange data. \nInvolved in implementing the Micro Services based on Restful API utilizing Spring Boot with Spring MVC.\nUsed Web Services for creating rate summary and used WSDL and SOAP messages for getting useful plans from different module.\nImplemented Core Java concepts like Multithreading, Concurrency, Exception Handling and Collections whenever necessary. \nDesigned and integrated the full-scale Spring / Hibernate persistence solution with the application architecture.\nWorked on development and implementation of the MVC Architectural pattern using Spring Framework including JSP, and Servlets. \nInvolved in identifying and implementation of different J2EE design patterns like Service Locator, Business Delegate, and DAO. \nDeveloped the DAO layer for the application using Spring, Hibernate template support.\nImplemented Object Relational Persistence (Hibernate) for the domain model. \nInvolved in design and development of the Hibernate Domain Model for the services. \nWorked on web services and associated business modules integration.\nInvolved in writing JSP components. Used JSTL Tag library to create standard dynamic web pages. \nWorked on XML and JSON for transferring and retrieving data between different applications. \nWorked on generating the web services classes by using Service Oriented Architecture (SOA), WSDL, UDDI and SOAP. \nWorked in wide-area network to maintain all the device related data onto MYSQL database. \nExperienced in RDBMS such as Oracle, Cassandra, MySQL, and IBM DB2 databases. Used NoSQL DB database MongoDB for proof of concept and having experience in create a Stored Procedures and having experience in Remote Procedure call (RPC) and Redis.\nUsed Rabbit MQ message broker to route messages to the clients across the cloud network.\nExperience in writing complex PL/SQL queries using joins, Stored Procedures, Functions, Triggers, Cursors, and indexes in Data Access Layer. \nCollaborated with testers and developers and prepared test plans for producing high quality software applications. \nExperience in using JUnit and build tools such as MAVEN. Worked on Log4j for logging errors, messages and performance logs and SVN for version control. \nDeployed and tested the application in UNIX on IBM Web Logic Application Server. \n\nEnvironment: Agile Methodology, Java, J2EE, HTML5, CSS3, JavaScript, JQuery, Ajax, AngularJS, JSON, JSP, Struts, Micro Services, Spring, Hibernate, SOA, SOAP, WSDL, RabbitMQ, Multithreading, Concurrency, Exception Handling, JDBC, Oracle, Maven, JUnit, Log4J, SVN, JAXB, XML, Web Logic, Unix/Linux,\n\nSunTrust Bank\t\t\t\t\t\t\t\t\t       Nov’13 – July’15\nAtlanta, GA                                  \nJava/J2EE Developer     \t                                      \n\nDescription: SunTrust Banks, Inc. is one of the nation’s largest and strongest financial holding companies. This project ECorp, Business online banking lets you check balances, transfer funds, see images of cancelled checks, view previous checking and finally to set your own security levels.\n\nResponsibilities:\nWorked on High level and low-level system design, planning, estimation and implementation. \nDeveloped presentation layer using JSP, HTML5, CSS3 and client validation using JavaScript, JSON. \nUsed two-way data binding features of AngularJS to implement Data binding to bind various server controls to the data from database. \nImplemented animation and styling using CSS3 and JQuery. \nWorked on High level and low-level system design, planning, estimation and implementation. \nDeveloped presentation layer using JSP, HTML5, CSS3 and client validation using JavaScript, DOM. \nUsed NodeJS for building web applications with client-server architecture, where both can initiate communication in two-way connections and allow them to exchange data. \nInvolved in implementing the Micro Services based on Restful API utilizing Spring Boot with Spring MVC.\nUsed Web Services for creating rate summary and used WSDL and SOAP messages for getting useful plans from different module.\nImplemented Core Java concepts like Multithreading, Concurrency, Exception Handling and Collections whenever necessary. \nDesigned and integrated the full-scale Spring / Hibernate persistence solution with the application architecture.\nWorked on development and implementation of the MVC Architectural pattern using Spring Framework including JSP, and Servlets. \nInvolved in identifying and implementation of different J2EE design patterns like Service Locator, Business Delegate, and DAO. \nDeveloped the DAO layer for the application using Spring, Hibernate template support.\nImplemented Object Relational Persistence (Hibernate) for the domain model. \nInvolved in design and development of the Hibernate Domain Model for the services. \nWorked on web services and associated business modules integration.\nInvolved in writing JSP components. Used JSTL Tag library to create standard dynamic web pages. \nWorked on XML and JSON for transferring and retrieving data between different applications. \nWorked on generating the web services classes by using Service Oriented Architecture (SOA), WSDL, UDDI and SOAP. \nWorked in wide-area network to maintain all the device related data onto MYSQL database. \nExperienced in RDBMS such as Oracle, Cassandra, MySQL, and IBM DB2 databases. Used NoSQL DB database MongoDB for proof of concept and having experience in create a Stored Procedures and having experience in Remote Procedure call (RPC) and Redis.\nUsed Rabbit MQ message broker to route messages to the clients across the cloud network.\nExperience in writing complex PL/SQL queries using joins, Stored Procedures, Functions, Triggers, Cursors, and indexes in Data Access Layer. \nCollaborated with testers and developers and prepared test plans for producing high quality software applications. \nExperience in using JUnit and build tools such as MAVEN. Worked on Log4j for logging errors, messages and performance logs and SVN for version control. \nDeployed and tested the application in UNIX on IBM Web Logic Application Server. \n\nEnvironment: Agile Methodology, Java, J2EE, HTML5, CSS3, JavaScript, JQuery, Ajax, AngularJS, JSON, JSP, Struts, Micro Services, Spring, Hibernate, SOA, SOAP, WSDL, RabbitMQ, Multithreading, Concurrency, Exception Handling, JDBC, Oracle, Maven, JUnit, Log4J, SVN, JAXB, XML, Web Logic, Unix/Linux,\n\n\nDescription: Vibe is internal call center project for Verizon Telecom. It provides information landlines and mobile calling plans. Vibe having four modules likes Oncall, Authoring, Admin, and QA. Oncall module give information about customer related questions.\n\nResponsibilities:\nDesigned use case diagrams, data flow diagrams, component diagram, class diagram, and sequence diagram for the given requirement. \nImplemented GUI using HTML, CSS, JSP, AJAX, TILES, JSTL, Struts Tag-Libs and Portal Pages.\nDeveloped the application using JSP for the presentation layer along with JavaScript for the client-side validations.\nWorked to maintain loose coupling between layers published the business layer as services and injected the necessary dependent components using Spring IOC and published cross cutting concerns like Logging, User Interface exceptions, Transactions using Spring AOP.\nDesign & Development of page flows, Web logic Workshop.\nInvolved in the design and development of JSR-286 compliant Portlets using frameworks like Spring MVC\nDeveloped and implemented Content Publish using Site Studio, Content Publisher.\nUsing RIDC Interface get content details and Create Content through application.\nImplemented business class logic using Factory pattern.\nImplemented DAO layer to access hibernate session factory using spring hibernate template, Hibernate Search Queries and written search, persistence, deletion for the persistence objects.\nDeveloped Web Services client and Service using SOAP Protocol for sending requests and receiving responses. \nCreated JUnit test cases for unit testing and implemented application logging feature using log4J.\nUsed Rational Clear Case for version control and Clear Quest for bug tracking.\n\nEnvironment: Java/J2EE, HTML, CSS, Ajax, JavaScript, JSP, JSTL, Spring, Struts, Hibernate, JDBC, JNDI, Factory pattern, workshop, JSR-168, JSR-268, XML, XSLT, UDDI, WSDL, Log4J, JVM, Oracle, UCM, SVN, LDAP, Windows XP, UNIX, UML, Rational Clear Case, Clear Quest, Apache Tomcat, Web logic Server.\n\n\nDescription: The Company provides software products, IT services and business process outsourcing for a variety of industries including insurance, banking, capital markets, manufacturing, and retail. The company also sells services such as Business Intelligence and analytics, testing and compliance, application development and maintenance.\n\nResponsibilities:\nReviewed the functional, non-functional requirements and high-level designs.\nWorked with Waterfall Methodologies.\nBuilt the application based on Java enhancements of Exceptions and Collections at service layer.\nDeveloped application using Struts MVC, Spring Dependency Injection and Hibernate as the ORM tool.\nUsed different design patterns like Factory Pattern, Singleton pattern to have good maintenance.\nDeveloped web pages using HTML, CSS, and JavaScript.\nProduced SOAP Web Service using Apache Axis Generated WSDL files for the Service that served XML data and worked with XPath when need to identify objects in the XML.\nFor logging and other functions used Spring AOP and Spring IOC Framework to implement them.\nSoapUI is used for web services testing.\nDeveloped Multi-Threaded/Concurrent applications and Unix Shell Scripting.\nImplemented Collections for managing the dynamic data and other Core Java APIs.\nCreated functions and Stored Procedures in Oracle SQL/PL-SQL database.\nDeveloped lookup tables and Views to speed up queries.\nUsed SLF4j for debugging the application at all levels of application like Service layer, controller layer, DAO layer.\nTested the functionalities of the business using JUnit at developing level before committing to QA team.\nDeveloped and deployed the web application EAR files on to Apache Tomcat Server. \nUsed Jenkins as build management tool.\nUsed Tortoise SVN as version control tool.\nWorked in Quality analysis (QA) and testing.\nResolved bugs/defects in application by coordinated with team members of the project to assure a positive outcome.\nUsed Eclipse IDE to integrate the different frameworks to build the overall application.\n\nEnvironment: Java, HTML, CSS, JavaScript, Spring DI, Struts MVC, Spring AOP, Hibernate, Oracle SQL, PL/SQL, Stored Procedures, XML, Multi-Threaded/Concurrent, Collections, SOAP, JAX-B, JAX-WS, SoapUI, JUnit, Factory Pattern, Singleton Design Patterns, SLF4j, JVM, Apache Tomcat, Jenkins, Kanban Trello, Tortoise SVN, Eclipse IDE, Waterfall. \n\n\nDescription: The objective of this project is to implement a web based front end system which can be used by the employees, managers and higher-level management having specific role permissions for effective processing of day to day business activities in the company like leave management, project management and resource management etc.\n\nResponsibilities:\nDeveloped the application using Struts Framework that leverages classical Model View Controller (MVC) architecture.\nDesigned the user interfaces using JSPs, developed custom tags, and used JSTL Tag-lib.\nDeveloped various java business classes for handling different functions.\nDeveloped controller classes using Struts and tiles API\nInvolved in Documentation and Use case design using UML modeling include development of Class diagrams, Sequence diagrams, and Use case transaction diagrams.\nParticipated in design and code reviews\nDeveloped User Interface using AJAX in JSP and performed client-side validation\nDeveloped JUnit test cases for all the developed modules. Used SVN as version control\n\nEnvironment: Java, J2EE, JSP, Struts 1.x, JNDI, DB2, HTML, XML, DOM, SAX, ANT, AJAX, Rational Rose, JVM, Eclipse Indigo 3.5, SOAP, Apache Tomcat, Oracle 10g, LOG4J, SVN.\n",
    "extracted_skills": [
        "agile",
        "angular",
        "aws",
        "cassandra",
        "communication",
        "critical thinking",
        "css",
        "docker",
        "ec2",
        "git",
        "html",
        "java",
        "javascript",
        "jenkins",
        "jira",
        "lambda",
        "mongodb",
        "mysql",
        "oracle",
        "problem solving",
        "project management",
        "rds",
        "redis",
        "rest api",
        "s3",
        "scrum",
        "sql"
    ]
}